char_entropy,component_char_entropy,component_duplicate_cluster_penalty,component_language_consistency,component_length_prior,component_lexical_diversity,component_ngram_repetition_penalty,component_non_linguistic_symbol_penalty,component_optional_lm_surprisal,component_pii_density_penalty,component_repetition_penalty,component_token_entropy,component_url_html_noise_penalty,dev_loss_proxy,document_index,excerpt,hdqspp_score,hdqspp_v2_score,information_density,kept_by_hdqspp,kept_by_hdqspp_v2,length_chars,repetition_rate,split,symbol_fraction,token_count,token_diversity,token_entropy,trigram_repetition_rate,v2_component_char_entropy,v2_component_duplicate_cluster_penalty,v2_component_language_consistency,v2_component_length_prior,v2_component_lexical_diversity,v2_component_ngram_repetition_penalty,v2_component_non_linguistic_symbol_penalty,v2_component_optional_lm_surprisal,v2_component_pii_density_penalty,v2_component_repetition_penalty,v2_component_token_entropy,v2_component_url_html_noise_penalty,v2_component_v2_base_quality,v2_component_v2_length_bin,v2_component_v2_length_distribution_match,v2_component_v2_quality_diversity_balance,v2_component_v2_repetition_capped,v2_component_v2_token_frequency_preservation
4.526458040253951,0.9052916080507902,1.0,0.99779638607316,0.0,0.2973876063183475,0.9264437689969605,0.8379270186335404,1.0,1.0,0.7651169857186265,1.0,0.0,9.976452058937316,0,"= Valkyria Chronicles III = Senjō no Valkyria 3 : <unk> Chronicles ( Japanese : 戦場のヴァルキュリア3 , lit . Valkyria of the Battlefield 3 ) , commonly referred to as Valkyria Chronicles III outside Japan , is a tactical role @-@",0.6796081177229658,0.7759874286496958,2.4771877184474724,True,True,20608.0,0.23488301428137348,train,0.040518245341614904,3292.0,0.2973876063183475,8.329828364789662,0.07355623100303954,0.9052916080507902,1.0,0.99779638607316,0.0,0.2973876063183475,0.9264437689969605,0.8379270186335404,1.0,1.0,0.7651169857186265,1.0,0.0,0.7296751591712384,2952-4487,1.0,0.689184481165206,0.7651169857186265,0.7323815309842041
4.581391589839345,0.9162783179678691,1.0,0.9994998749687422,0.0,0.29343404997094713,0.923546511627907,0.851115215229436,1.0,1.0,0.7523975588491717,1.0,0.0,9.65460856137088,1,"= Tower Building of the Little Rock Arsenal = The Tower Building of the Little Rock Arsenal , also known as U.S. Arsenal Building , is a building located in MacArthur Park in downtown Little Rock , Arkansas . Built in 18",0.6798102891610409,0.7765911055979001,2.4085394374545457,True,True,21117.0,0.2476024411508283,train,0.037221196192641,3442.0,0.29343404997094713,8.208111627444104,0.07645348837209298,0.9162783179678691,1.0,0.9994998749687422,0.0,0.29343404997094713,0.923546511627907,0.851115215229436,1.0,1.0,0.7523975588491717,1.0,0.0,0.7301559331091704,2952-4487,1.0,0.6884364790473219,0.7523975588491717,0.7408483439860546
4.734786745884155,0.946957349176831,1.0,1.0,0.0,0.31812725090036015,0.9255106127352823,0.7812858052196053,1.0,1.0,0.765812650120096,1.0,0.0,12.151848610636401,2,= <unk> Mary Barker = <unk> Mary Barker ( 28 June 1895 – 16 February 1973 ) was an English illustrator best known for a series of fantasy illustrations depicting fairies and flowers . Barker 's art education began in gir,0.6803507615498167,0.7618807028725718,2.5832266625338263,True,False,15710.0,0.23418734987990397,train,0.05467854869509867,2499.0,0.31812725090036015,8.120104942983687,0.07448938726471765,0.946957349176831,1.0,1.0,0.0,0.31812725090036015,0.9255106127352823,0.7812858052196053,1.0,1.0,0.765812650120096,1.0,0.0,0.7363668826441168,1869-2952,1.0,0.6977152540471484,0.765812650120096,0.631452581032413
4.565774830415709,0.9131549660831417,1.0,1.0,0.0,0.3691275167785235,0.9461279461279462,0.8284300247456695,1.0,1.0,0.7983193277310925,0.8484211075702084,0.0,9.488254028556762,3,"= Gambia women 's national football team = The Gambia women 's national football team represents the Gambia in international football competition . The team , however , has not competed in a match recognised by FIFA , th",0.6809584148818232,0.7784452755386451,2.505404612959005,True,True,3637.0,0.2016806722689075,train,0.04289249381358262,596.0,0.3691275167785235,6.787368860561667,0.05387205387205385,0.9131549660831417,1.0,1.0,0.0,0.3691275167785235,0.9461279461279462,0.8284300247456695,1.0,1.0,0.7983193277310925,0.8484211075702084,0.0,0.724610531424537,0-1327,0.9753560288374128,0.6666924217994514,0.7983193277310925,0.785234899328859
4.4965940290221935,0.8993188058044387,1.0,1.0,0.0,0.41335740072202165,0.953887884267631,0.8103903727619607,1.0,1.0,0.8283649503161699,0.9648544596057977,0.0,12.100305310527672,4,"= Plain maskray = The plain maskray or brown stingray ( Neotrygon annotata ) is a species of stingray in the family <unk> . It is found in shallow , soft @-@ bottomed habitats off northern Australia . Reaching 24 cm ( 9 ",0.6965012721073174,0.777706252400058,3.190637851981627,True,True,6814.0,0.17163504968383014,train,0.047402406809509835,1108.0,0.41335740072202165,7.718835676846382,0.04611211573236895,0.8993188058044387,1.0,1.0,0.0,0.41335740072202165,0.953887884267631,0.8103903727619607,1.0,1.0,0.8283649503161699,0.9648544596057977,0.0,0.7474500603939225,0-1327,0.9971902112447737,0.7182779952789161,0.8283649503161699,0.6525270758122743
4.5244853314985285,0.9048970662997057,1.0,1.0,0.0,0.2602507624534056,0.9148864021702272,0.8400636110637815,1.0,1.0,0.7349152542372881,1.0,0.0,10.009678493886323,5,= 2011 – 12 Columbus Blue Jackets season = The 2011 – 12 Columbus Blue Jackets season was the team 's 12th season in the National Hockey League ( NHL ) . The Blue Jackets ' record of 29 – 46 – 7 [ note 1 ] was the worst ,0.6709681298464891,0.7667051660047434,2.103391146532059,False,True,17607.0,0.2650847457627119,train,0.03998409723405464,2951.0,0.2602507624534056,8.082170928927223,0.08511359782977279,0.9048970662997057,1.0,1.0,0.0,0.2602507624534056,0.9148864021702272,0.8400636110637815,1.0,1.0,0.7349152542372881,1.0,0.0,0.7212104866974589,1869-2952,1.0,0.6756679339620808,0.7349152542372881,0.7245001694340901
3.94580775746237,0.789161551492474,1.0,1.0,0.925,0.8333333333333334,1.0,0.1351351351351351,1.0,1.0,1.0,0.2814536459234778,0.30000000000000004,5.720987388570461,6,= <unk> ; <unk> = Games played in ; G,0.7370196874183392,0.7854602140646969,1.8763576394898522,True,True,37.0,0.0,train,0.21621621621621623,6.0,0.8333333333333334,2.2516291673878226,0.0,0.789161551492474,1.0,1.0,0.925,0.8333333333333334,1.0,0.1351351351351351,1.0,1.0,1.0,0.2814536459234778,0.30000000000000004,0.753252297729324,0-1327,0.8186057994629988,0.6553228936788648,1.0,0.8333333333333334
3.7834651896016473,0.7566930379203295,1.0,1.0,0.625,1.0,1.0,0.040000000000000036,1.0,1.0,1.0,0.25,0.65,12.397263736860031,7,= Goals ; A = <unk> ; Pts,0.7496625548898295,0.741256247385093,2.0,True,False,25.0,0.0,train,0.24,4.0,1.0,2.0,0.0,0.7566930379203295,1.0,1.0,0.625,1.0,1.0,0.040000000000000036,1.0,1.0,1.0,0.25,0.65,0.7801887915104725,0-1327,0.8067429974720085,0.7025943957552363,1.0,0.5
3.887478448811032,0.7774956897622064,1.0,1.0,1.0,0.6666666666666666,1.0,0.0,1.0,1.0,1.0,0.2851295140691779,0.0,9.036043335874979,8,= Points ; <unk> = <unk> minutes ; + / - = Plus / minus = = = <unk> = = = Note : <unk>,0.6808434660902261,0.7263526172086227,1.5206907417022821,True,False,86.0,0.0,train,0.27906976744186046,9.0,0.6666666666666666,2.2810361125534233,0.0,0.7774956897622064,1.0,1.0,1.0,0.6666666666666666,1.0,0.0,1.0,1.0,1.0,0.2851295140691779,0.0,0.7008718227461722,0-1327,0.8311808763180204,0.5883849565570473,1.0,0.6666666666666666
4.236228843383061,0.8472457686766122,1.0,1.0,1.0,1.0,1.0,0.3846153846153846,1.0,1.0,1.0,0.375,0.65,7.155070678717121,9,= Games Played ; <unk> = Time On Ice ( minutes ) ; W,0.8348837911522445,0.846374176061372,3.0,True,True,52.0,0.0,train,0.15384615384615385,8.0,1.0,3.0,0.0,0.8472457686766122,1.0,1.0,1.0,1.0,1.0,0.3846153846153846,1.0,1.0,1.0,0.375,0.65,0.8404188822384848,0-1327,0.8274662431361913,0.7639594411192424,1.0,0.875
3.5878587982995076,0.7175717596599015,1.0,1.0,0.675,1.0,1.0,0.11111111111111116,1.0,1.0,1.0,0.25,0.65,8.004466863573072,10,= Wins ; L = Losses ; <unk>,0.7570084562011238,0.6961708747411653,2.0,True,False,27.0,0.0,train,0.2222222222222222,4.0,1.0,2.0,0.0,0.7175717596599015,1.0,1.0,0.675,1.0,1.0,0.11111111111111116,1.0,1.0,1.0,0.25,0.65,0.7800145616249058,0-1327,0.8067429974720085,0.7025072808124528,1.0,0.25
4.078851845514804,0.8157703691029609,1.0,1.0,1.0,0.5384615384615384,1.0,0.3402061855670103,1.0,1.0,0.9166666666666666,0.3206810464776032,0.0,10.394968407555032,11,= <unk> Losses ; GA = Goals Against ; GAA = Goals Against Average ; <unk> = <unk> Against ; <unk>,0.6982295507122712,0.7086128527567105,1.3813952771342906,True,False,97.0,0.08333333333333337,train,0.16494845360824742,13.0,0.5384615384615384,2.5654483718208256,0.0,0.8157703691029609,1.0,1.0,1.0,0.5384615384615384,1.0,0.3402061855670103,1.0,1.0,0.9166666666666666,0.3206810464776032,0.0,0.699372318542152,0-1327,0.8430436783090107,0.5644718055058614,0.9166666666666666,0.6153846153846154
4.575587129370621,0.9151174258741243,1.0,1.0,0.26949999999999996,0.4733009708737864,0.9536585365853658,0.7643234457537587,1.0,1.0,0.8613138686131386,0.8528824298095805,0.0,9.722926109099586,12,= <unk> ; Sv % = Save <unk> ; <unk> = <unk> † <unk> player spent time with another team before joining Blue Jackets . <unk> reflect time with the Blue Jackets only . <unk> <unk> mid @-@ season = = <unk> = = When Mason wa,0.7167361583807939,0.7916016196853612,3.2293606565605475,True,True,2461.0,0.13868613138686137,train,0.05891913856156034,412.0,0.4733009708737864,6.823059438476644,0.04634146341463419,0.9151174258741243,1.0,1.0,0.26949999999999996,0.4733009708737864,0.9536585365853658,0.7643234457537587,1.0,1.0,0.8613138686131386,0.8528824298095805,0.0,0.7555894612739491,0-1327,0.9623651175976374,0.7093405808078163,0.8613138686131386,0.7378640776699029
4.519502548682313,0.9039005097364626,1.0,1.0,0.0,0.3519593613933237,0.938953488372093,0.8116409704792638,1.0,1.0,0.7647058823529411,0.9122473276834309,0.0,10.509109317900213,13,"= Gregorian Tower = The Gregorian Tower ( Italian : Torre <unk> ) or Tower of the Winds ( Italian : Torre <unk> <unk> ) is a round tower located above the Gallery of Maps , which connects the Villa <unk> with the Apostol",0.6765683509374194,0.7703344147578304,2.568591895073811,True,True,8367.0,0.23529411764705888,train,0.047089757380184054,1378.0,0.3519593613933237,7.297978621467447,0.061046511627906974,0.9039005097364626,1.0,1.0,0.0,0.3519593613933237,0.938953488372093,0.8116409704792638,1.0,1.0,0.7647058823529411,0.9122473276834309,0.0,0.7256997103929537,1327-1869,1.0,0.6789015274656655,0.7647058823529411,0.7184325108853411
4.538829956404757,0.9077659912809514,1.0,1.0,0.0,0.40190249702734837,0.8843861740166865,0.7963001454998961,1.0,1.0,0.7714285714285715,0.9277337860985201,0.0,8.79656601827584,14,"= There 's Got to Be a Way = "" There 's Got to Be a Way "" is a song by American singer and songwriter Mariah Carey from her self @-@ titled debut studio album ( 1990 ) . Columbia released it as the fifth and final single",0.6770815285266164,0.7823926885235721,2.982868201677049,True,True,4811.0,0.22857142857142854,train,0.05092496362502598,841.0,0.40190249702734837,7.421870288788161,0.11561382598331349,0.9077659912809514,1.0,1.0,0.0,0.40190249702734837,0.8843861740166865,0.7963001454998961,1.0,1.0,0.7714285714285715,0.9277337860985201,0.0,0.7326265168635663,0-1327,0.9874793990916427,0.6987223292132503,0.7714285714285715,0.7633769322235434
4.653468023424457,0.9306936046848915,1.0,1.0,0.021499999999999964,0.40824742268041236,0.9399585921325052,0.7091646939465674,1.0,1.0,0.8078512396694215,0.8616613590117119,0.0,9.725423367348109,15,= Nebraska Highway 88 = Nebraska Highway 88 ( N @-@ 88 ) is a highway in northwestern Nebraska . It has a western terminus at Wyoming Highway 151 ( WYO 151 ) at the Wyoming – Nebraska state line . The road travels eastwa,0.6780408175738769,0.7654941399421608,2.8141682323186634,True,True,2957.0,0.19214876033057848,train,0.07270882651335814,485.0,0.40824742268041236,6.893290872093695,0.06004140786749479,0.9306936046848915,1.0,1.0,0.021499999999999964,0.40824742268041236,0.9399585921325052,0.7091646939465674,1.0,1.0,0.8078512396694215,0.8616613590117119,0.0,0.7310241692228909,0-1327,0.96810348668649,0.6829892800344765,0.8078512396694215,0.688659793814433
4.56071655864275,0.91214331172855,1.0,1.0,0.0,0.324950884086444,0.9685410931970114,0.8165212649945475,1.0,1.0,0.8321540880503144,1.0,0.0,9.954181922850644,16,= USS Atlanta ( 1861 ) = Atlanta was a casemate ironclad that served in the Confederate and Union <unk> during the American Civil War . She was converted from a Scottish @-@ built blockade runner named Fingal by the Conf,0.6942813131093838,0.7881403463855942,2.6826407287368683,True,True,14672.0,0.16784591194968557,train,0.04586968375136314,2545.0,0.324950884086444,8.255526789160012,0.03145890680298857,0.91214331172855,1.0,1.0,0.0,0.324950884086444,0.9685410931970114,0.8165212649945475,1.0,1.0,0.8321540880503144,1.0,0.0,0.7418392279574141,1869-2952,1.0,0.702157335000318,0.8321540880503144,0.731630648330059
4.653603207748914,0.9307206415497827,1.0,1.0,0.0,0.3383658969804618,0.9391111111111111,0.7426833631484795,1.0,1.0,0.7756552643269657,0.9967538494205478,0.0,10.654496371553172,17,"= Jacqueline Fernandez = Jacqueline Fernandez ( born 11 August 1985 ) is a Sri Lankan actress , former model , and the winner of the 2006 Miss Universe Sri Lanka pageant . As Miss Universe Sri Lanka she represented her c",0.6792485648929927,0.7767900186649201,2.6981400826232944,True,True,13975.0,0.22434473567303426,train,0.06432915921288014,2252.0,0.3383658969804618,7.974030795364382,0.06088888888888888,0.9307206415497827,1.0,1.0,0.0,0.3383658969804618,0.9391111111111111,0.7426833631484795,1.0,1.0,0.7756552643269657,0.9967538494205478,0.0,0.7367373502020212,1869-2952,1.0,0.7021486117012631,0.7756552643269657,0.705595026642984
4.563795811061662,0.9127591622123324,1.0,1.0,0.0,0.31909671084928815,0.9459459459459459,0.854,1.0,1.0,0.7932220039292731,0.991098677726535,0.0,10.309499732555269,18,"= John Cullen = Barry John Cullen ( born August 2 , 1964 ) is a Canadian former professional ice hockey centre who played in the National Hockey League ( NHL ) for the Pittsburgh Penguins , Hartford Whalers , Toronto Map",0.6893744251323315,0.7777202247958505,2.5300506255169277,True,True,12000.0,0.2067779960707269,train,0.0365,2037.0,0.31909671084928815,7.92878942181228,0.05405405405405406,0.9127591622123324,1.0,1.0,0.0,0.31909671084928815,0.9459459459459459,0.854,1.0,1.0,0.7932220039292731,0.991098677726535,0.0,0.7370605631734543,1869-2952,1.0,0.6960791287306829,0.7932220039292731,0.7069219440353461
4.642220931470242,0.9284441862940485,1.0,0.999534450651769,0.0,0.3916083916083916,0.9219219219219219,0.7881327522628226,1.0,1.0,0.804,0.9448821987951148,0.0,11.241622683883472,19,"= SMS Erzherzog Ferdinand Max = For the ironclad present at the Battle of <unk> of the same name , see SMS Erzherzog Ferdinand Max ( 1865 ) . SMS Erzherzog Ferdinand Max ( German : "" His Majesty 's ship <unk> Ferdinand M",0.6868252169979097,0.7794202880331718,2.9601903850364435,True,True,5966.0,0.19599999999999995,train,0.05296681193429433,1001.0,0.3916083916083916,7.5590575903609185,0.0780780780780781,0.9284441862940485,1.0,0.999534450651769,0.0,0.3916083916083916,0.9219219219219219,0.7881327522628226,1.0,1.0,0.804,0.9448821987951148,0.0,0.7405701182304826,0-1327,0.9936130713483663,0.7044077067161179,0.804,0.7032967032967034
4.3667165714658545,0.8733433142931709,1.0,0.9999067055393586,0.0,0.18731049971925884,0.9358643153993036,0.8564872757613684,1.0,1.0,0.6945193171608266,1.0,0.0,11.766545536980722,20,"= Ancient Egyptian deities = Ancient Egyptian deities are the gods and goddesses worshipped in ancient Egypt . The beliefs and rituals surrounding these gods formed the core of ancient Egyptian religion , which emerged s",0.6587566542203803,0.7423965876318162,1.5862292653761154,False,False,55131.0,0.3054806828391734,train,0.035878181059657906,8905.0,0.18731049971925884,8.468448206339513,0.06413568460069641,0.8733433142931709,1.0,0.9999067055393586,0.0,0.18731049971925884,0.9358643153993036,0.8564872757613684,1.0,1.0,0.6945193171608266,1.0,0.0,0.7045138712064881,4487-1000000000,1.0,0.6490845605330589,0.6945193171608266,0.6670409882088714
4.586782092493275,0.9173564184986549,1.0,1.0,0.0,0.33876221498371334,0.9375873311597578,0.7861674145133839,1.0,1.0,0.7946927374301676,1.0,0.0,9.747226544601737,21,"= South of Heaven = South of Heaven is the fourth studio album by American thrash metal band Slayer . Released on July 5 , 1988 , the album was the band 's second collaboration with record producer Rick Rubin , whose pro",0.6849973405933395,0.7861332769754256,2.762175882345574,True,True,12926.0,0.20530726256983245,train,0.05345814637165403,2149.0,0.33876221498371334,8.153730729616262,0.062412668840242214,0.9173564184986549,1.0,1.0,0.0,0.33876221498371334,0.9375873311597578,0.7861674145133839,1.0,1.0,0.7946927374301676,1.0,0.0,0.7386462016516415,1869-2952,1.0,0.7040136545717491,0.7946927374301676,0.7431363424848767
4.503238496919138,0.9006476993838277,1.0,1.0,0.0,0.23253741981468282,0.9185383244206774,0.8511617771240227,1.0,1.0,0.7253608982356087,1.0,0.0,11.341594195234473,22,= General aviation in the United Kingdom = General aviation in the United Kingdom has been defined as a civil aircraft operation other than a commercial air transport flight operating to a schedule or military aviation .,0.66794432535199,0.7534064484227463,1.9940629657481461,False,True,36711.0,0.2746391017643913,train,0.03720955571899431,5612.0,0.23253741981468282,8.575234761516166,0.0814616755793226,0.9006476993838277,1.0,1.0,0.0,0.23253741981468282,0.9185383244206774,0.8511617771240227,1.0,1.0,0.7253608982356087,1.0,0.0,0.7163236067306912,4487-1000000000,1.0,0.6662961583190162,0.7253608982356087,0.6735566642908054
4.610653180211794,0.9221306360423588,1.0,0.9967873470900779,0.0,0.3565459610027855,0.9464584495259342,0.8072597604461919,1.0,1.0,0.7976588628762542,0.9851823572832608,0.0,10.70308016236746,23,"= SMS Zrínyi = SMS Zrínyi ( "" His Majesty 's ship Zrínyi "" ) was a Radetzky @-@ class pre @-@ dreadnought battleship ( <unk> ) of the Austro @-@ Hungarian Navy ( <unk> Kriegsmarine ) , named for the <unk> , a noble Croat",0.6893110568924554,0.7825866564380974,2.8101023227243984,True,True,10937.0,0.2023411371237458,train,0.04818505988845204,1795.0,0.3565459610027855,7.881458858266086,0.053541550474065835,0.9221306360423588,1.0,0.9967873470900779,0.0,0.3565459610027855,0.9464584495259342,0.8072597604461919,1.0,1.0,0.7976588628762542,0.9851823572832608,0.0,0.7413394963345281,1327-1869,1.0,0.7061018277387756,0.7976588628762542,0.7142061281337048
4.555587683693944,0.9111175367387888,1.0,0.9992800575953924,0.0,0.39419795221843,0.9666666666666667,0.7842768983096324,1.0,1.0,0.8368915456874466,0.9559119562087152,0.0,12.383156834742268,24,"= Geopyxis carbonaria = Geopyxis carbonaria is a species of fungus in the genus Geopyxis , family <unk> . First described to science in 1805 , and given its current name in 1889 , the species is commonly known as the cha",0.6947391498582596,0.7711285263560326,3.0145482851087126,True,True,7454.0,0.16310845431255339,train,0.0539307754225919,1172.0,0.39419795221843,7.647295649669721,0.033333333333333326,0.9111175367387888,1.0,0.9992800575953924,0.0,0.39419795221843,0.9666666666666667,0.7842768983096324,1.0,1.0,0.8368915456874466,0.9559119562087152,0.0,0.7451236819456272,0-1327,0.9991683023046968,0.7100893180795999,0.8368915456874466,0.6220136518771331
4.5099434142055985,0.9019886828411197,1.0,1.0,0.0,0.25721096543504174,0.9398998330550918,0.8434317210528418,1.0,1.0,0.7424892703862661,1.0,0.0,10.992448521010775,25,"= Gold dollar = The gold dollar or gold one @-@ dollar piece was a coin struck as a regular issue by the United States Bureau of the Mint from 1849 to 1889 . The coin had three types over its lifetime , all designed by M",0.6742619646822694,0.7571309710448618,2.120180520053298,False,True,25037.0,0.2575107296137339,train,0.039142069736789555,4195.0,0.25721096543504174,8.242963189641877,0.06010016694490816,0.9019886828411197,1.0,1.0,0.0,0.25721096543504174,0.9398998330550918,0.8434317210528418,1.0,1.0,0.7424892703862661,1.0,0.0,0.7225681809693584,2952-4487,1.0,0.6755868318434397,0.7424892703862661,0.664839094159714
4.473468361280009,0.8946936722560018,1.0,0.9998821171755276,0.0,0.2768768768768769,0.9001803968731209,0.7704799711295561,1.0,1.0,0.7019230769230769,0.902802348997016,0.0,11.343203475734574,26,= Johnson – Corey – Chaykovsky reaction = The Johnson – Corey – Chaykovsky reaction ( sometimes referred to as the Corey – Chaykovsky reaction or <unk> ) is a chemical reaction used in organic chemistry for the synthesis,0.6507030896281671,0.7414303047303455,1.9997207586192163,False,False,11084.0,0.29807692307692313,train,0.05738000721761097,1665.0,0.2768768768768769,7.222418791976128,0.0998196031268791,0.8946936722560018,1.0,0.9998821171755276,0.0,0.2768768768768769,0.9001803968731209,0.7704799711295561,1.0,1.0,0.7019230769230769,0.902802348997016,0.0,0.7026775714188522,1327-1869,1.0,0.6462585921778994,0.7019230769230769,0.6648648648648648
4.4796725418506345,0.8959345083701269,1.0,0.9950875312611647,0.0,0.3018305661983823,0.9492969748615253,0.8572712813774981,1.0,1.0,0.7793867120954003,0.988017279708159,0.0,10.772113869646583,27,"= Treaty of Ciudad Juárez = The Treaty of Ciudad Juárez was a peace treaty signed between the then President of Mexico , Porfirio Díaz , and the revolutionary Francisco Madero on May 21 , 1911 . The treaty put an end to ",0.6841337910388668,0.7724679923086913,2.3857105195847925,True,True,14461.0,0.22061328790459966,train,0.03568217965562547,2349.0,0.3018305661983823,7.904138237665272,0.05070302513847469,0.8959345083701269,1.0,0.9950875312611647,0.0,0.3018305661983823,0.9492969748615253,0.8572712813774981,1.0,1.0,0.7793867120954003,0.988017279708159,0.0,0.7304542291943095,1869-2952,1.0,0.68768907607379,0.7793867120954003,0.7058322690506599
4.46376896354683,0.892753792709366,1.0,0.9994299995615381,0.0,0.26565740356698464,0.9151452282157676,0.8545282316722487,1.0,1.0,0.7297241236258037,1.0,0.0,11.56246293897896,28,"= The Feast of the Goat = The Feast of the Goat ( Spanish : La fiesta del chivo , 2000 ) is a novel by the Peruvian Nobel Prize in Literature laureate Mario Vargas Llosa . The book is set in the Dominican Republic and po",0.6710537772011212,0.7563588250209584,2.2026760532085,False,True,29559.0,0.27027587637419626,train,0.03636794208193782,4822.0,0.26565740356698464,8.291416025426532,0.0848547717842324,0.892753792709366,1.0,0.9994299995615381,0.0,0.26565740356698464,0.9151452282157676,0.8545282316722487,1.0,1.0,0.7297241236258037,1.0,0.0,0.7205575112034007,4487-1000000000,1.0,0.6766931064934466,0.7297241236258037,0.6700539195354624
4.617431535602994,0.9234863071205988,1.0,1.0,0.0,0.3144578313253012,0.9499698613622665,0.8288812222769837,1.0,1.0,0.7912021693281108,1.0,0.0,9.476607656070174,29,"= Charles Eaton ( RAAF officer ) = Charles Eaton , OBE , AFC ( 21 December 1895 – 12 November 1979 ) was a senior officer and <unk> in the Royal Australian Air Force ( RAAF ) , who later served as a diplomat . Born in Lo",0.6883018410420095,0.7856722065181295,2.6427181296161777,True,True,20290.0,0.20879783067188917,train,0.042779694430754064,3320.0,0.3144578313253012,8.404046159315815,0.050030138637733534,0.9234863071205988,1.0,1.0,0.0,0.3144578313253012,0.9499698613622665,0.8288812222769837,1.0,1.0,0.7912021693281108,1.0,0.0,0.738043047373152,2952-4487,1.0,0.6976359815179012,0.7912021693281108,0.7484939759036144
4.681189228709269,0.9362378457418539,1.0,0.9999517374517375,0.0,0.2728802861350726,0.940223110924016,0.7937163249597649,1.0,1.0,0.7569444444444444,1.0,0.0,10.919805504403424,30,"= Tina Fey = Elizabeth <unk> "" Tina "" Fey ( / <unk> / ; born May 18 , 1970 ) is an American actress , comedian , writer , and producer . She is best known for her work on the NBC sketch comedy series Saturday Night Live ",0.6762297511994593,0.7698143672956582,2.335115171106065,True,True,28582.0,0.24305555555555558,train,0.05157091876005878,4753.0,0.2728802861350726,8.557287901516673,0.059776889075984,0.9362378457418539,1.0,0.9999517374517375,0.0,0.2728802861350726,0.940223110924016,0.7937163249597649,1.0,1.0,0.7569444444444444,1.0,0.0,0.7286642301964851,4487-1000000000,1.0,0.6825521866320108,0.7569444444444444,0.7092362718283189
4.637768143399442,0.9275536286798884,1.0,1.0,0.0,0.37009063444108764,0.9484848484848485,0.704291739022575,1.0,1.0,0.81089258698941,0.8668408240127152,0.0,11.736281675687106,31,= WASP @-@ 44 = WASP @-@ 44 is a G @-@ type star in constellation <unk> that has the Jupiter @-@ size planet WASP @-@ 44b in orbit . The star is slightly less massive and slightly smaller than the Sun ; it is also slight,0.6732708033596739,0.7579458932587203,2.5664773641464076,False,True,4031.0,0.18910741301058998,train,0.07392706524435624,662.0,0.37009063444108764,6.934726592101722,0.051515151515151514,0.9275536286798884,1.0,1.0,0.0,0.37009063444108764,0.9484848484848485,0.704291739022575,1.0,1.0,0.81089258698941,0.8668408240127152,0.0,0.7250498169267757,0-1327,0.9790529407790494,0.6717577730768385,0.81089258698941,0.6570996978851964
4.452621334604695,0.890524266920939,1.0,1.0,0.0,0.225834342037005,0.9199100501643315,0.811745204830689,1.0,1.0,0.6905914908336216,1.0,0.0,11.141311516817138,32,"= Elephanta Caves = Elephanta caves are a network of sculpted caves located on Elephanta Island , or Gharapuri ( literally "" the city of caves "" ) in Mumbai Harbour , 10 kilometres ( 6 @.@ 2 mi ) to the east of the city ",0.6577329389833338,0.7500311783162992,1.8553252988705644,False,True,33784.0,0.3094085091663784,train,0.04706369879232773,5783.0,0.225834342037005,8.215425883130532,0.08008994983566853,0.890524266920939,1.0,1.0,0.0,0.225834342037005,0.9199100501643315,0.811745204830689,1.0,1.0,0.6905914908336216,1.0,0.0,0.7096309933351066,4487-1000000000,1.0,0.6612740821768045,0.6905914908336216,0.6897803908006225
4.570400389835622,0.9140800779671243,1.0,1.0,0.0,0.25680933852140075,0.9383650519031141,0.8231720092185209,1.0,1.0,0.7582702702702703,1.0,0.0,10.923343370812074,33,"= Devin Townsend = Devin <unk> Townsend ( born May 5 , 1972 ) is a Canadian musician , songwriter and record producer . He was the founder , songwriter , vocalist , and guitarist in extreme metal band Strapping Young Lad",0.6753242682613786,0.767629458138239,2.163754062326391,False,True,28638.0,0.24172972972972973,train,0.04420699769536979,4626.0,0.25680933852140075,8.42552718208913,0.061634948096885855,0.9140800779671243,1.0,1.0,0.0,0.25680933852140075,0.9383650519031141,0.8231720092185209,1.0,1.0,0.7582702702702703,1.0,0.0,0.7244162152368038,4487-1000000000,1.0,0.676410442248752,0.7582702702702703,0.7111975789018591
4.609054728480574,0.9218109456961148,1.0,0.9976829910479199,0.0,0.35911602209944754,0.9406737053795877,0.8403554709196224,1.0,1.0,0.7773869346733668,0.9881482800641566,0.0,10.721448017333605,34,= Zagreb Synagogue = The Zagreb Synagogue ( Croatian : <unk> <unk> ) was the main place of worship for the Jewish community of Zagreb in modern @-@ day Croatia . It was constructed in 1867 in the Kingdom of Croatia @-@ S,0.6899444772403079,0.7780808482003809,2.8388790366484056,True,True,12603.0,0.22261306532663316,train,0.03991113227009442,1991.0,0.35911602209944754,7.9051862405132525,0.05932629462041228,0.9218109456961148,1.0,0.9976829910479199,0.0,0.35911602209944754,0.9406737053795877,0.8403554709196224,1.0,1.0,0.7773869346733668,0.9881482800641566,0.0,0.741697500913205,1869-2952,1.0,0.7076648259975035,0.7773869346733668,0.6961325966850829
4.555991546067159,0.9111983092134318,1.0,0.9993827160493827,0.0,0.40998043052837574,0.9343137254901961,0.8339014564611094,1.0,1.0,0.8168462291870715,0.9652404402296033,0.0,10.561283680476391,35,= 1806 Great Coastal hurricane = The 1806 Great Coastal hurricane was a severe and damaging storm along the East Coast of the United States which produced upwards of 36 in ( 91 cm ) of rainfall in parts of Massachusetts ,0.6962300278627098,0.7829018537362372,3.1658375299898536,True,True,6454.0,0.1831537708129285,train,0.041524635884722653,1022.0,0.40998043052837574,7.7219235218368265,0.06568627450980391,0.9111983092134318,1.0,0.9993827160493827,0.0,0.40998043052837574,0.9343137254901961,0.8339014564611094,1.0,1.0,0.8168462291870715,0.9652404402296033,0.0,0.7474921346719016,0-1327,0.9943443415530102,0.7175512850254455,0.8168462291870715,0.6898238747553816
4.480206621119375,0.8960413242238751,1.0,1.0,0.0,0.3295687885010267,0.9470709146968139,0.8718308696011231,1.0,1.0,0.7971237801746276,0.9944294490893744,0.0,10.100495674174773,36,"= Forward Intelligence Team = Forward Intelligence Teams ( FITs ) are two or more police officers who are deployed by UK police forces to gather intelligence on the ground and in some circumstances , to disrupt activists",0.691460854134832,0.7816331950851474,2.6218632702890283,True,True,12109.0,0.2028762198253724,train,0.03204228259971922,1948.0,0.3295687885010267,7.955435592714995,0.052929085303186074,0.8960413242238751,1.0,1.0,0.0,0.3295687885010267,0.9470709146968139,0.8718308696011231,1.0,1.0,0.7971237801746276,0.9944294490893744,0.0,0.7379703875084226,1869-2952,1.0,0.6999847531518116,0.7971237801746276,0.7217659137577002
4.367289852897829,0.8734579705795659,1.0,1.0,0.0,0.3129310344827586,0.8635578583765112,0.8953271028037383,1.0,1.0,0.7057808455565142,0.9092248922599873,0.0,10.514610090273383,37,= Trinsey v. Pennsylvania = Trinsey v. Pennsylvania <unk> <unk> 224 was a case decided by the United States Court of Appeals for the Third Circuit that confirmed the validity of special elections held without a primary u,0.6622621407422481,0.7498040353074612,2.2761974888991405,False,False,7490.0,0.2942191544434858,train,0.026168224299065422,1160.0,0.3129310344827586,7.273799138079898,0.13644214162348878,0.8734579705795659,1.0,1.0,0.0,0.3129310344827586,0.8635578583765112,0.8953271028037383,1.0,1.0,0.7057808455565142,0.9092248922599873,0.0,0.7096517312716701,0-1327,0.9988057653660811,0.6603648473215216,0.7057808455565142,0.6836206896551724
4.63270611593899,0.926541223187798,1.0,0.9999729634736529,0.0,0.20395044413277233,0.9213233574935703,0.806862995153917,1.0,1.0,0.6953828170660432,1.0,0.0,10.42905911924293,38,"= Michael Jordan = Michael Jeffrey Jordan ( born February 17 , 1963 ) , also known by his initials , MJ , is an American retired professional basketball player . He is also a businessman , and principal owner and chairma",0.65945477108015,0.7564053113727638,1.769159691423735,False,True,50969.0,0.3046171829339568,train,0.04828425121152073,8556.0,0.20395044413277233,8.674458636000846,0.0786766425064297,0.926541223187798,1.0,0.9999729634736529,0.0,0.20395044413277233,0.9213233574935703,0.806862995153917,1.0,1.0,0.6953828170660432,1.0,0.0,0.7114313415290383,4487-1000000000,1.0,0.6567032817977122,0.6953828170660432,0.7224170172978027
4.5846640664527145,0.9169328132905429,1.0,0.9987181313203247,0.0,0.23634272570442783,0.9250790911705493,0.7892920315803098,1.0,1.0,0.7176132278936017,1.0,0.0,11.0821790618761,39,"= Polish culture during World War II = Polish culture during World War II was suppressed by the occupying powers of Nazi Germany and the Soviet Union , both of whom were hostile to Poland 's people and cultural heritage ",0.663229239788953,0.7516664673891975,2.0190601665329533,False,True,46358.0,0.2823867721063983,train,0.05267699210492256,6956.0,0.23634272570442783,8.54293340535476,0.07492090882945068,0.9169328132905429,1.0,0.9987181313203247,0.0,0.23634272570442783,0.9250790911705493,0.7892920315803098,1.0,1.0,0.7176132278936017,1.0,0.0,0.7161559358829923,4487-1000000000,1.0,0.6671636493676031,0.7176132278936017,0.6670500287521565
4.623069625706825,0.924613925141365,1.0,1.0,0.0,0.40154867256637167,0.9556541019955654,0.810586964350018,1.0,1.0,0.8338870431893688,0.9382437576192617,0.0,10.621224878714086,40,"= Arihant @-@ class submarine = The Arihant class ( Sanskrit , for Killer of <unk> ) is a class of nuclear @-@ powered ballistic missile submarines being built for the Indian Navy . They were developed under the US $ 2 @",0.6966379414586641,0.7797998626241566,3.0140042833255927,True,True,5554.0,0.1661129568106312,train,0.0473532589124955,904.0,0.40154867256637167,7.505950060954094,0.04434589800443456,0.924613925141365,1.0,1.0,0.0,0.40154867256637167,0.9556541019955654,0.810586964350018,1.0,1.0,0.8338870431893688,0.9382437576192617,0.0,0.745992273117847,0-1327,0.9900233226243085,0.7079442441053319,0.8338870431893688,0.6803097345132744
4.585212980781564,0.9170425961563128,1.0,0.9988483906258997,0.0,0.2535496957403651,0.91298833079655,0.8488401951553539,1.0,1.0,0.726350494547299,1.0,0.0,9.869821712056401,41,= SMS Markgraf = SMS Markgraf was the third battleship of the four @-@ ship König class . She served in the Imperial German Navy during World War I. The battleship was laid down in November 1911 and launched on 4 June 19,0.6710071769589999,0.7695187730091099,2.098862080965792,False,True,23366.0,0.27364950545270095,train,0.037789951211161514,3944.0,0.2535496957403651,8.277912047329083,0.08701166920345005,0.9170425961563128,1.0,0.9988483906258997,0.0,0.2535496957403651,0.91298833079655,0.8488401951553539,1.0,1.0,0.726350494547299,1.0,0.0,0.7213250469368948,2952-4487,1.0,0.6740499474035386,0.726350494547299,0.7449290060851927
4.4334199196003965,0.8866839839200793,1.0,1.0,0.0,0.2331523474928138,0.9108626198083067,0.8524144301329091,1.0,1.0,0.6965340999840282,1.0,0.0,10.349730459647983,42,"= Coldrum Long Barrow = The Coldrum Long Barrow , also known as the Coldrum Stones and the <unk> Stones , is a chambered long barrow located near to the village of Trottiscliffe in the south @-@ eastern English county of",0.662102827687076,0.7562250000396857,1.977022384164594,False,True,38974.0,0.30346590001597185,train,0.03689639246677272,6262.0,0.2331523474928138,8.479530253177183,0.08913738019169326,0.8866839839200793,1.0,1.0,0.0,0.2331523474928138,0.9108626198083067,0.8524144301329091,1.0,1.0,0.6965340999840282,1.0,0.0,0.7118854990322296,4487-1000000000,1.0,0.6642308363893182,0.6965340999840282,0.7139891408495689
4.647557400167029,0.9295114800334059,1.0,1.0,0.0,0.38902743142144636,0.9567027477102414,0.8171491896384541,1.0,1.0,0.8336106489184693,0.9788512162559229,0.0,10.224598912905448,43,"= Soviet cruiser Krasnyi Kavkaz = Krasnyi Kavkaz ( from Russian : "" <unk> <unk> "" - "" Red <unk> "" ) was a cruiser of the Soviet Navy that began construction during World War I , but was still incomplete during the Russia",0.6999148638165608,0.7917903067455707,3.046399795230403,True,True,7219.0,0.16638935108153075,train,0.04571270259038648,1203.0,0.38902743142144636,7.830809730047383,0.04329725228975856,0.9295114800334059,1.0,1.0,0.0,0.38902743142144636,0.9567027477102414,0.8171491896384541,1.0,1.0,0.8336106489184693,0.9788512162559229,0.0,0.7506107515268844,0-1327,1.0,0.7172750376827846,0.8336106489184693,0.7190357439733999
4.58395544349148,0.9167910886982961,1.0,1.0,0.0,0.27768595041322314,0.8874793160507446,0.831951354339414,1.0,1.0,0.705071664829107,0.9490466831981293,0.0,8.986387518156675,44,"= Rhode Island Route 4 = Route 4 , also known as the Colonel Rodman Highway , is a 10 @.@ 37 @-@ mile ( 16 @.@ 69 km ) long numbered state highway located in Washington County and southern Kent County , Rhode Island , Un",0.6622181857487776,0.7735316808325108,2.108295441683117,False,True,10854.0,0.294928335170893,train,0.04201216141514649,1815.0,0.27768595041322314,7.592373465585035,0.1125206839492554,0.9167910886982961,1.0,1.0,0.0,0.27768595041322314,0.8874793160507446,0.831951354339414,1.0,1.0,0.705071664829107,0.9490466831981293,0.0,0.7142693027802998,1327-1869,1.0,0.663817809792988,0.705071664829107,0.8011019283746557
4.635040378355179,0.9270080756710358,1.0,1.0,0.0,0.35251046025104604,0.9183246073298429,0.7875981300167593,1.0,1.0,0.7650444793301936,0.9996134956099864,0.0,9.83114058511622,45,"= West End Girls = "" West End Girls "" is a song by British pop duo Pet Shop Boys . Written by Neil Tennant and Chris Lowe , the song was released twice as a single . The song is influenced by hip hop music , with lyrics ",0.6816010094781556,0.7804799840080336,2.8189937072850664,True,True,11337.0,0.2349555206698064,train,0.053100467495810176,1912.0,0.35251046025104604,7.996907964879891,0.08167539267015711,0.9270080756710358,1.0,1.0,0.0,0.35251046025104604,0.9183246073298429,0.7875981300167593,1.0,1.0,0.7650444793301936,0.9996134956099864,0.0,0.7386563815417062,1869-2952,1.0,0.7073591797361112,0.7650444793301936,0.7222803347280334
4.6027360398477,0.92054720796954,1.0,0.9999528146085972,0.0,0.2463768115942029,0.8916844349680171,0.818417821434836,1.0,1.0,0.7028352163717757,1.0,0.0,10.037049306726963,46,"= Wrapped in Red = Wrapped in Red is the sixth studio album by American recording artist Kelly Clarkson , released on October 25 , 2013 , by RCA Records . The album is a follow @-@ up to her first greatest hits album , G",0.6623141864771348,0.7594559392294888,2.0731278064677854,False,True,28505.0,0.2971647836282243,train,0.045395544641291,4692.0,0.2463768115942029,8.414459920369247,0.10831556503198292,0.92054720796954,1.0,0.9999528146085972,0.0,0.2463768115942029,0.8916844349680171,0.818417821434836,1.0,1.0,0.7028352163717757,1.0,0.0,0.7164305026564765,4487-1000000000,1.0,0.669809454226789,0.7028352163717757,0.7141943734015346
4.536933087148599,0.9073866174297198,1.0,1.0,0.0,0.3234304932735426,0.9225589225589226,0.8391794120340691,1.0,1.0,0.7577117218171621,0.9981195111786068,0.0,10.1448375279967,47,= Christmas 1994 nor 'easter = The Christmas 1994 nor 'easter was an intense cyclone along the East Coast of the United States and Atlantic Canada . It developed from an area of low pressure in the southeast Gulf of Mexi,0.68123227475525,0.776391431640268,2.582578286771552,True,True,10919.0,0.24228827818283794,train,0.04020514699148273,1784.0,0.3234304932735426,7.984956089428854,0.07744107744107742,0.9073866174297198,1.0,1.0,0.0,0.3234304932735426,0.9225589225589226,0.8391794120340691,1.0,1.0,0.7577117218171621,0.9981195111786068,0.0,0.7331885636845663,1327-1869,1.0,0.6969817829553205,0.7577117218171621,0.7236547085201793
4.598638710117883,0.9197277420235765,1.0,1.0,0.0,0.27703592251269515,0.9375352775164628,0.7902283754133317,1.0,1.0,0.7533860045146726,1.0,0.0,11.035069359955205,48,"= Sholay = Sholay ( pronunciation , meaning "" <unk> "" ) is a 1975 Indian Hindi @-@ language action @-@ adventure film directed by Ramesh Sippy and produced by his father G. P. Sippy . The film follows two criminals , Vee",0.6738703187076673,0.7677180476328702,2.3704514072928484,False,True,32359.0,0.24661399548532736,train,0.05244290614666708,5317.0,0.27703592251269515,8.55647666841553,0.06246472248353718,0.9197277420235765,1.0,1.0,0.0,0.27703592251269515,0.9375352775164628,0.7902283754133317,1.0,1.0,0.7533860045146726,1.0,0.0,0.7264671225463222,4487-1000000000,1.0,0.6824925419013349,0.7533860045146726,0.7043445552003009
4.5973000458478746,0.9194600091695749,1.0,1.0,0.0,0.3167420814479638,0.956964892412231,0.8342087670709579,1.0,1.0,0.8058856819468024,0.9881586388484938,0.0,9.74203695989255,49,"= Adam Stansfield = Adam Stansfield ( 10 September 1978 – 10 August 2010 ) was an English professional footballer who played as a striker . He competed professionally for Yeovil Town , Hereford United and Exeter City , a",0.6903626579296291,0.7887986837886292,2.503931392557269,True,True,10471.0,0.19411431805319757,train,0.041447808232260526,1768.0,0.3167420814479638,7.90526911078795,0.04303510758776896,0.9194600091695749,1.0,1.0,0.0,0.3167420814479638,0.956964892412231,0.8342087670709579,1.0,1.0,0.8058856819468024,0.9881586388484938,0.0,0.7380002141377272,1327-1869,1.0,0.695225287142978,0.8058856819468024,0.7613122171945701
4.631171515999059,0.9262343031998117,1.0,0.9985338039641597,0.0,0.28166838311019565,0.9147346728490469,0.797286837495417,1.0,1.0,0.7393767705382436,1.0,0.0,10.990541956059177,50,"= Saprang Kalayanamitr = General Saprang Kalayanamitr ( Thai : <unk> ่ ง กัลยาณมิตร ; <unk> : <unk> @-@ <unk> <unk> , also known as <unk> ( Thai : <unk> ) or Big <unk> ( Thai : <unk> <unk> <unk> ) , born 8 July 1948 in <",0.6714375164417449,0.7653714928263622,2.35506342525717,False,True,24547.0,0.2606232294617564,train,0.05067829062614576,3884.0,0.28166838311019565,8.361120972302421,0.08526532715095314,0.9262343031998117,1.0,0.9985338039641597,0.0,0.28166838311019565,0.9147346728490469,0.797286837495417,1.0,1.0,0.7393767705382436,1.0,0.0,0.7257790874103849,2952-4487,1.0,0.6833066394827414,0.7393767705382436,0.6985066941297632
4.650749180111365,0.9301498360222731,1.0,1.0,0.0,0.3443708609271523,0.8606194690265486,0.8290351668169522,1.0,1.0,0.7160220994475138,0.8889150482868465,0.0,10.041913848925352,51,"= Grammy Award for Best Concept Music Video = The Grammy Award for Best Concept Music Video was an award that was presented to recording artists at the 30th Grammy Awards in 1988 , and the 31st Grammy Awards in 1989 , fo",0.6638914388473645,0.7602464757948812,2.44893152375714,False,True,5545.0,0.2839779005524862,train,0.042741208295761945,906.0,0.3443708609271523,7.111320386294772,0.13938053097345138,0.9301498360222731,1.0,1.0,0.0,0.3443708609271523,0.8606194690265486,0.8290351668169522,1.0,1.0,0.7160220994475138,0.8889150482868465,0.0,0.7172429457942983,0-1327,0.9901011513681015,0.6669429502006489,0.7160220994475138,0.7229580573951435
4.521773136735193,0.9043546273470386,1.0,1.0,0.0,0.3533834586466165,0.9598595082789764,0.8175906627761568,1.0,1.0,0.8324974924774323,1.0,0.0,11.157997030070403,52,"= Hadji Ali = Hadji Ali ( c . 1887 – 92 – November 5 , 1937 ) was a vaudeville performance artist , thought to be of Egyptian descent , who was famous for acts of controlled regurgitation . His best @-@ known feats inclu",0.6956566323744336,0.7850070764265019,2.863430654705738,True,True,11995.0,0.16750250752256768,train,0.045602334305960814,1995.0,0.3533834586466165,8.102899512252408,0.04014049172102363,0.9043546273470386,1.0,1.0,0.0,0.3533834586466165,0.9598595082789764,0.8175906627761568,1.0,1.0,0.8324974924774323,1.0,0.0,0.7447010563873695,1869-2952,1.0,0.7106963928553389,0.8324974924774323,0.7007518796992481
4.468134871498441,0.8936269742996881,1.0,0.9965132496513249,0.0,0.3679163034001744,0.9703056768558952,0.9029664541169947,1.0,1.0,0.8289703315881326,0.9453198166554552,0.0,10.40646002130765,53,= Battle of Tellicherry = The Battle of Tellicherry was a naval action fought off the Indian port of Tellicherry between British and French warships on 18 November 1791 during the Third Anglo @-@ Mysore War . Britain and,0.7006420375324098,0.7865909225832641,2.7823885797984453,True,True,7214.0,0.1710296684118674,train,0.024258386470751316,1147.0,0.3679163034001744,7.562558533243641,0.029694323144104806,0.8936269742996881,1.0,0.9965132496513249,0.0,0.3679163034001744,0.9703056768558952,0.9029664541169947,1.0,1.0,0.8289703315881326,0.9453198166554552,0.0,0.7416368043176989,0-1327,0.9984087639550875,0.6991274321727569,0.8289703315881326,0.7288578901482128
4.581711402437577,0.9163422804875154,1.0,0.9994890660126712,0.0,0.25283189850475757,0.9204442429737081,0.7789477614726859,1.0,1.0,0.731248583729889,1.0,0.0,9.876771393256584,54,"= Loose ( Nelly Furtado album ) = Loose is the third studio album by Canadian singer and songwriter Nelly Furtado , released on 6 June 2006 by Geffen Records and the Mosley Music Group . Following the release of Furtado ",0.6651869069894278,0.7703419353525428,2.11160412655163,False,True,26781.0,0.268751416270111,train,0.05526305963182854,4414.0,0.25283189850475757,8.35181058655815,0.07955575702629192,0.9163422804875154,1.0,0.9994890660126712,0.0,0.25283189850475757,0.9204442429737081,0.7789477614726859,1.0,1.0,0.731248583729889,1.0,0.0,0.7190205573913362,2952-4487,1.0,0.6727182533218575,0.731248583729889,0.75373810602628
4.6057418412106435,0.9211483682421286,1.0,1.0,0.0,0.21234177215189873,0.8746041798606713,0.8026905829596412,1.0,1.0,0.6850269072491295,0.9892598520614996,0.0,10.498030962643623,55,"= 2013 – 14 York City F.C. season = The 2013 – 14 season was the <unk> season of competitive association football and 77th season in the Football League played by York City Football Club , a professional football club ba",0.652319159621164,0.7537220757578618,1.6804895208437118,False,True,18732.0,0.3149730927508705,train,0.04932735426008968,3160.0,0.21234177215189873,7.914078816491997,0.1253958201393287,0.9211483682421286,1.0,1.0,0.0,0.21234177215189873,0.8746041798606713,0.8026905829596412,1.0,1.0,0.6850269072491295,0.9892598520614996,0.0,0.7067487842962163,2952-4487,1.0,0.6537747982014578,0.6850269072491295,0.7253164556962025
4.6289352778634605,0.9257870555726921,1.0,0.9995425172985647,0.0,0.2780361757105943,0.9392450879007239,0.7358350208703559,1.0,1.0,0.7487722925820626,1.0,0.0,12.911412886155365,56,"= Antimony = Antimony is a chemical element with symbol Sb ( from Latin : stibium ) and atomic number 51 . A lustrous gray metalloid , it is found in nature mainly as the sulfide mineral stibnite ( Sb2S3 ) . Antimony com",0.6685701104612288,0.7545417813302266,2.2779235002263842,False,True,24197.0,0.25122770741793743,train,0.06604124478241104,3870.0,0.2780361757105943,8.192903295423891,0.06075491209927608,0.9257870555726921,1.0,0.9995425172985647,0.0,0.2780361757105943,0.9392450879007239,0.7358350208703559,1.0,1.0,0.7487722925820626,1.0,0.0,0.7248256035250595,2952-4487,1.0,0.6819218456901783,0.7487722925820626,0.6374677002583979
4.516209491289526,0.9032418982579052,1.0,0.999981531073968,0.0,0.2114919896178287,0.9213141169098559,0.8606860158311346,1.0,1.0,0.6817937701396348,1.0,0.0,10.356587249637574,57,"= Mortimer Wheeler = Sir Robert Eric Mortimer Wheeler CH , <unk> , MC , <unk> , <unk> , FRS , <unk> ( 10 September 1890 – 22 July 1976 ) was a British archaeologist and officer in the British Army . Over the course of hi",0.6615360197500028,0.7515543969392461,1.8575658283649503,False,True,70115.0,0.3182062298603652,train,0.034828496042216356,11173.0,0.2114919896178287,8.783149809700207,0.07868588309014413,0.9032418982579052,1.0,0.999981531073968,0.0,0.2114919896178287,0.9213141169098559,0.8606860158311346,1.0,1.0,0.6817937701396348,1.0,0.0,0.710660490486465,4487-1000000000,1.0,0.6582032426476897,0.6817937701396348,0.7021390852949073
4.535761680743353,0.9071523361486706,1.0,1.0,0.0,0.2731983042863872,0.9306930693069307,0.8047597392754282,1.0,1.0,0.7186616399622997,0.9567464747488207,0.0,12.03374474262282,58,"= Species of Allosaurus = There have been a number of potential species assigned to the <unk> dinosaur genus Allosaurus since its description in 1877 by Othniel Charles Marsh , but only a handful are still regarded as va",0.66484293477219,0.7532810300197753,2.0910521162668525,False,False,13194.0,0.2813383600377003,train,0.04881006518114294,2123.0,0.2731983042863872,7.6539717979905655,0.06930693069306926,0.9071523361486706,1.0,1.0,0.0,0.2731983042863872,0.9306930693069307,0.8047597392754282,1.0,1.0,0.7186616399622997,0.9567464747488207,0.0,0.7157825247239419,1869-2952,1.0,0.6653774571207729,0.7186616399622997,0.6778144135657089
4.536270711483441,0.9072541422966882,1.0,0.999000691828734,0.0,0.30196936542669583,0.92992700729927,0.7468181818181818,1.0,1.0,0.7457132433418461,0.9984816035475377,0.0,12.16173329866008,59,"= Astraeus hygrometricus = Astraeus hygrometricus , commonly known as the hygroscopic earthstar , the barometer earthstar , or the false earthstar , is a species of fungus in the Diplocystaceae family . Young specimens r",0.6687226204391203,0.7553606185005453,2.412086849707837,False,False,17600.0,0.2542867566581539,train,0.06329545454545454,2742.0,0.30196936542669583,7.987852828380301,0.07007299270072997,0.9072541422966882,1.0,0.999000691828734,0.0,0.30196936542669583,0.92992700729927,0.7468181818181818,1.0,1.0,0.7457132433418461,0.9984816035475377,0.0,0.725386563789704,1869-2952,1.0,0.6878060241384103,0.7457132433418461,0.637490882567469
4.609866513149598,0.9219733026299195,1.0,0.9999238617329069,0.0,0.32011331444759206,0.9376328844790929,0.7977021851768417,1.0,1.0,0.7743535246191995,1.0,0.0,10.220988651913192,60,"= Paul Thomas Anderson = Paul Thomas Anderson ( born June 26 , 1970 ) also known as <unk> Anderson , is an American film director , screenwriter and producer . <unk> in film @-@ making at a young age , Anderson was encou",0.6820436706072898,0.7766447211911219,2.6646314209034143,True,True,17756.0,0.22564647538080052,train,0.05057445370578959,2824.0,0.32011331444759206,8.324025589193852,0.062367115520907124,0.9219733026299195,1.0,0.9999238617329069,0.0,0.32011331444759206,0.9376328844790929,0.7977021851768417,1.0,1.0,0.7743535246191995,1.0,0.0,0.7353318092456489,1869-2952,1.0,0.6976942332347225,0.7743535246191995,0.7121104815864022
4.391943152103422,0.8783886304206844,1.0,1.0,0.0,0.33771569433032045,0.9316872427983539,0.8163990336791246,1.0,1.0,0.7615131578947368,0.892857336431083,0.0,11.761231512873833,61,"= The Fox , the Wolf and the Husbandman = The Fox , the Wolf and the Husbandman is a poem by the 15th @-@ century Scottish poet Robert Henryson and part of his collection of moral fables known as the <unk> <unk> of <unk>",0.6702493444527048,0.7577327569035571,2.41225548248595,False,True,7037.0,0.23848684210526316,train,0.04590024158021885,1217.0,0.33771569433032045,7.142858691448664,0.06831275720164609,0.8783886304206844,1.0,1.0,0.0,0.33771569433032045,0.9316872427983539,0.8163990336791246,1.0,1.0,0.7615131578947368,0.892857336431083,0.0,0.7168909594582118,0-1327,1.0,0.6660887374194568,0.7615131578947368,0.6803615447822514
4.62216601370858,0.924433202741716,1.0,0.9999302017170377,0.0,0.23698435277382646,0.9140335895246229,0.8104565464707919,1.0,1.0,0.7097324985771201,1.0,0.0,10.663072817417367,62,"= Joe Nathan = Joseph Michael "" Joe "" Nathan ( born November 22 , 1974 ) is an American professional baseball pitcher for the Chicago Cubs of Major League Baseball ( MLB ) . Nathan started out his baseball career as a sh",0.6641337837615449,0.7611875363801112,1.919113504598402,False,True,20217.0,0.29026750142287994,train,0.047385863382302024,3515.0,0.23698435277382646,8.098059986390616,0.08596641047537712,0.924433202741716,1.0,0.9999302017170377,0.0,0.23698435277382646,0.9140335895246229,0.8104565464707919,1.0,1.0,0.7097324985771201,1.0,0.0,0.7170420714583008,2952-4487,1.0,0.6677671239226071,0.7097324985771201,0.7209103840682788
4.521382640354484,0.9042765280708969,1.0,1.0,0.0,0.23971006989386487,0.927997927997928,0.8558268491190413,1.0,1.0,0.7237182806835837,1.0,0.0,10.14559846613145,63,"= Art Ross = Arthur <unk> "" Art "" Ross ( January 13 , 1885 – August 5 , 1964 ) was a Canadian professional ice hockey player and executive from 1905 until 1954 . Regarded as one of the best defenders of his era by his pe",0.6702699122418765,0.7615681937403149,1.929706550014417,False,True,22362.0,0.2762817193164163,train,0.036043287720239695,3863.0,0.23971006989386487,8.050168901410036,0.07200207200207198,0.9042765280708969,1.0,1.0,0.0,0.23971006989386487,0.927997927997928,0.8558268491190413,1.0,1.0,0.7237182806835837,1.0,0.0,0.718562307478264,2952-4487,1.0,0.6692086712125983,0.7237182806835837,0.7121408231944085
4.5740090468568,0.9148018093713601,1.0,1.0,0.0,0.2875857766687461,0.9282147315855181,0.8041014286467394,1.0,1.0,0.7351014040561622,1.0,0.0,10.613521630099756,64,"= Saint Leonard Catholic Church ( Madison , Nebraska ) = Saint Leonard Catholic Church is a Roman Catholic church in the city of Madison , in the state of Nebraska in the Midwestern United States . Built in 1913 , it has",0.6724832215862626,0.7691055378579842,2.3199645536101072,False,True,18969.0,0.2648985959438378,train,0.048974642838315145,3206.0,0.2875857766687461,8.06703509639263,0.07178526841448185,0.9148018093713601,1.0,1.0,0.0,0.2875857766687461,0.9282147315855181,0.8041014286467394,1.0,1.0,0.7351014040561622,1.0,0.0,0.7260452635112563,2952-4487,1.0,0.6849190759228148,0.7351014040561622,0.7192763568309419
4.665216383205575,0.933043276641115,1.0,0.9996089166992569,0.0,0.41409691629955947,0.9337260677466863,0.7429091855321364,1.0,1.0,0.8220588235294117,0.9208761719623769,0.0,10.352569162499623,65,"= Portuguese ironclad Vasco da Gama = Vasco da Gama was a central battery ironclad which entered service with the Portuguese Navy in 1876 , serving until 1935 . She was built by the Thames Iron Works in London , launched",0.6866203159252156,0.7841495760657186,3.050655864826905,True,True,3843.0,0.17794117647058827,train,0.06427270361696591,681.0,0.41409691629955947,7.367009375699015,0.06627393225331368,0.933043276641115,1.0,0.9996089166992569,0.0,0.41409691629955947,0.9337260677466863,0.7429091855321364,1.0,1.0,0.8220588235294117,0.9208761719623769,0.0,0.7415463289324037,0-1327,0.9800490988309265,0.7045164365316859,0.8220588235294117,0.7327459618208517
4.429221975788173,0.8858443951576346,1.0,1.0,0.0,0.2550607287449393,0.9563456345634563,0.8350609756097561,1.0,1.0,0.7604049493813273,1.0,0.0,11.315552112467287,66,"= Nicole Franklin = Nicole Franklin is a fictional character from the Australian Channel Seven soap opera Home and Away , played by Tessa James . She debuted on @-@ screen during the episode airing on 18 April 2008 . Nic",0.6755957314562766,0.761916481489667,2.1417254967176027,True,True,26240.0,0.2395950506186727,train,0.04123475609756098,4446.0,0.2550607287449393,8.396923772845204,0.04365436543654366,0.8858443951576346,1.0,1.0,0.0,0.2550607287449393,0.9563456345634563,0.8350609756097561,1.0,1.0,0.7604049493813273,1.0,0.0,0.722033951319282,2952-4487,1.0,0.6747821578458759,0.7604049493813273,0.6853351327035537
4.538867679969794,0.9077735359939588,1.0,1.0,0.0,0.37344398340248963,0.9231301939058172,0.7887501432008248,1.0,1.0,0.8069204152249135,1.0,0.0,10.110783560313216,67,"= Livin ' the Dream = "" Livin ' the Dream "" is the twenty @-@ first episode of the ninth season of the American comedy television series The Office and the <unk> episode overall . It originally aired on NBC on May 2 , 20",0.6879688159485181,0.7842176524609944,2.9911116266853592,True,True,8729.0,0.19307958477508647,train,0.05281246419979379,1446.0,0.37344398340248963,8.009532244790796,0.07686980609418281,0.9077735359939588,1.0,1.0,0.0,0.37344398340248963,0.9231301939058172,0.7887501432008248,1.0,1.0,0.8069204152249135,1.0,0.0,0.7428573853633951,1327-1869,1.0,0.71478968853232,0.8069204152249135,0.7088520055325035
4.559067146133644,0.9118134292267287,1.0,0.9964180530128154,0.0,0.28039617486338797,0.9121667805878332,0.8207864174969051,1.0,1.0,0.7215579091219679,0.9901292440302885,0.0,9.810477763506642,68,"= Toniná = <unk> ( or Toniná in Spanish <unk> ) is a pre @-@ Columbian archaeological site and ruined city of the Maya civilization located in what is now the Mexican state of Chiapas , some 13 km ( 8 @.@ 1 mi ) east of ",0.6686514404455729,0.7645309472955167,2.221027621171767,False,True,16963.0,0.27844209087803207,train,0.04480339562577374,2928.0,0.28039617486338797,7.921033952242308,0.08783321941216682,0.9118134292267287,1.0,0.9964180530128154,0.0,0.28039617486338797,0.9121667805878332,0.8207864174969051,1.0,1.0,0.7215579091219679,0.9901292440302885,0.0,0.7215243699957616,1869-2952,1.0,0.6783935397212999,0.7215579091219679,0.7155054644808743
4.559927521292087,0.9119855042584174,1.0,1.0,0.0,0.39072847682119205,0.9518272425249169,0.8489378442171518,1.0,1.0,0.8126036484245439,0.8770675000769387,0.0,8.323367920655407,69,"= Central Area Command ( RAAF ) = Central Area Command was one of several geographically based commands raised by the Royal Australian Air Force ( RAAF ) during World War II . It was formed in March 1940 , and covered th",0.6899507970239934,0.7925079394820568,2.741561986995464,True,True,3813.0,0.1873963515754561,train,0.03776553894571204,604.0,0.39072847682119205,7.016540000615509,0.048172757475083094,0.9119855042584174,1.0,1.0,0.0,0.39072847682119205,0.9518272425249169,0.8489378442171518,1.0,1.0,0.8126036484245439,0.8770675000769387,0.0,0.7340074650147711,0-1327,0.9758253390166507,0.6839527267319182,0.8126036484245439,0.8211920529801324
4.462271450345528,0.8924542900691057,1.0,1.0,0.0,0.2823027718550107,0.9547781569965871,0.8108986957298553,1.0,1.0,0.7976114310087439,1.0,0.0,11.637895010732397,70,"= Corn crake = The corn crake , corncrake or <unk> ( Crex crex ) is a bird in the rail family . It breeds in Europe and Asia as far east as western China , and <unk> to Africa for the northern hemisphere 's winter . It i",0.6813600790777475,0.7673427762560292,2.426893567768314,True,True,27985.0,0.20238856899125612,train,0.04727532606753618,4690.0,0.2823027718550107,8.59677555349954,0.04522184300341292,0.8924542900691057,1.0,1.0,0.0,0.2823027718550107,0.9547781569965871,0.8108986957298553,1.0,1.0,0.7976114310087439,1.0,0.0,0.7288646324034186,4487-1000000000,1.0,0.685008009165462,0.7976114310087439,0.6750533049040511
4.555864219256859,0.9111728438513718,1.0,1.0,0.0,0.2474721941354904,0.9198280222559434,0.7902370555208983,1.0,1.0,0.7185840707964601,1.0,0.0,12.976951128694237,71,"= Acute myeloid leukemia = Acute myeloid leukemia ( AML ) , also known as acute <unk> leukemia or acute <unk> leukemia ( <unk> ) , is a cancer of the myeloid line of blood cells , characterized by the rapid growth of abn",0.663558102836643,0.7445977930556014,2.0141805331800677,False,False,25648.0,0.28141592920353986,train,0.05244073611977542,3956.0,0.2474721941354904,8.139017557977883,0.0801719777440566,0.9111728438513718,1.0,1.0,0.0,0.2474721941354904,0.9198280222559434,0.7902370555208983,1.0,1.0,0.7185840707964601,1.0,0.0,0.7170128467232907,2952-4487,1.0,0.6703744718955179,0.7185840707964601,0.6228513650151668
4.611399724195907,0.9222799448391814,1.0,0.9998753894080997,0.0,0.32412714955706096,0.9102764736567553,0.80508166969147,1.0,1.0,0.7466110531803962,0.9983116507552943,0.0,9.688456467356302,72,"= Love Me Like You = "" Love Me Like You "" is a song recorded by British girl group Little Mix for their third studio album , Get Weird ( 2015 ) . The song was released on 25 September 2015 , as the second single from the",0.6766246632723355,0.780099197644184,2.588639277831341,True,True,11020.0,0.2533889468196038,train,0.04872958257713249,1919.0,0.32412714955706096,7.986493206042354,0.08972352634324465,0.9222799448391814,1.0,0.9998753894080997,0.0,0.32412714955706096,0.9102764736567553,0.80508166969147,1.0,1.0,0.7466110531803962,0.9983116507552943,0.0,0.7323000174112319,1869-2952,1.0,0.6967597087837047,0.7466110531803962,0.7514330380406462
4.548191811742636,0.9096383623485271,1.0,0.9991975391199679,0.0,0.3820086260012323,0.9765576804441702,0.8338567521021173,1.0,1.0,0.8489519112207151,1.0,0.0,10.872721517944543,73,"= Shaoguan incident = The Shaoguan incident was a civil disturbance which took place overnight on 25 / 26 June 2009 in Guangdong province , China . A violent dispute erupted between migrant Uyghurs and Han workers at a t",0.7046058349864238,0.7912117587445243,3.0729147387138287,True,True,9871.0,0.15104808877928488,train,0.04153581197447067,1623.0,0.3820086260012323,8.04409777569765,0.02344231955582976,0.9096383623485271,1.0,0.9991975391199679,0.0,0.3820086260012323,0.9765576804441702,0.8338567521021173,1.0,1.0,0.8489519112207151,1.0,0.0,0.7527050791422603,1327-1869,1.0,0.7218546960714383,0.8489519112207151,0.7005545286506469
4.666037480703855,0.9332074961407709,1.0,0.9997127509838278,0.0,0.26350800977464023,0.9148560564910375,0.8090845025305913,1.0,1.0,0.7304820095044128,1.0,0.0,10.312744269006116,74,"= Galveston , Texas = Galveston / <unk> / is a coastal city located on Galveston Island and Pelican Island in the U.S. state of Texas . The community of 208 @.@ 3 square miles ( 539 km2 ) , with its population of 47 @,@ ",0.6704164901001485,0.7647539328251085,2.325595893651296,False,True,46827.0,0.2695179904955872,train,0.04772887436735217,7366.0,0.26350800977464023,8.825522592805486,0.08514394350896248,0.9332074961407709,1.0,0.9997127509838278,0.0,0.26350800977464023,0.9148560564910375,0.8090845025305913,1.0,1.0,0.7304820095044128,1.0,0.0,0.7238869240994166,4487-1000000000,1.0,0.6778204644933683,0.7304820095044128,0.7077111050773826
4.62693418117575,0.9253868362351501,1.0,0.9998445575719893,0.0,0.29149507609668757,0.9405337632097439,0.8066242698051854,1.0,1.0,0.7625358166189111,1.0,0.0,10.576915222532913,75,"= Sarnia = Sarnia is a city in Southwestern Ontario , Canada , and had a 2011 population of 72 @,@ 366 . It is the largest city on Lake Huron and in Lambton County . Sarnia is located on the eastern bank of the junction ",0.6791048670665045,0.7701054139024733,2.557637549106239,True,True,34751.0,0.23746418338108888,train,0.04834393254870364,5585.0,0.29149507609668757,8.774204982652545,0.05946623679025609,0.9253868362351501,1.0,0.9998445575719893,0.0,0.29149507609668757,0.9405337632097439,0.8066242698051854,1.0,1.0,0.7625358166189111,1.0,0.0,0.7310334656532563,4487-1000000000,1.0,0.6883905018508001,0.7625358166189111,0.6982990152193375
4.6316129221145035,0.9263225844229007,1.0,1.0,0.0,0.4340659340659341,0.9632352941176471,0.6948825233344063,1.0,1.0,0.8513761467889909,0.8972316828251046,0.0,10.929119193817385,76,"= French cruiser Sully = The French cruiser Sully was an armored cruiser of the Gloire class that was built for the French Navy in the early 1900s . She was named in honor of Maximilien de <unk> , Duke of Sully , trusted",0.6880694564312918,0.782428041381859,3.1156616678322315,True,True,3107.0,0.14862385321100913,train,0.07627936916639845,546.0,0.4340659340659341,7.177853462600837,0.03676470588235292,0.9263225844229007,1.0,1.0,0.0,0.4340659340659341,0.9632352941176471,0.6948825233344063,1.0,1.0,0.8513761467889909,0.8972316828251046,0.0,0.7424743597072768,0-1327,0.9722722104993817,0.7040615840763982,0.8513761467889909,0.7161172161172161
4.661396058906871,0.9322792117813743,1.0,0.9999457553566585,0.0,0.24286805909322465,0.916687898089172,0.7627496220860848,1.0,1.0,0.7228378550503121,1.0,0.0,11.172616034115162,77,"= Norman Finkelstein = Norman Gary Finkelstein ( born December 8 , 1953 ) is an American political scientist , activist , professor , and author . His primary fields of research are the Israeli – Palestinian conflict and",0.662677146057645,0.7542601177574804,2.1380099757816655,False,True,50276.0,0.27716214494968794,train,0.059312594478478795,7852.0,0.24286805909322465,8.80317479278324,0.08331210191082805,0.9322792117813743,1.0,0.9999457553566585,0.0,0.24286805909322465,0.916687898089172,0.7627496220860848,1.0,1.0,0.7228378550503121,1.0,0.0,0.7181499624698067,4487-1000000000,1.0,0.6697919960082095,0.7228378550503121,0.6724401426388181
4.498225085784457,0.8996450171568913,1.0,0.9992931196983977,0.0,0.41274817136886105,0.9445026178010472,0.7561563630101602,1.0,1.0,0.805439330543933,0.9288576451287169,0.0,12.52600800891169,78,"= Mutinus elegans = Mutinus elegans , commonly known as the elegant stinkhorn , the dog stinkhorn , the headless stinkhorn , or the devil 's <unk> , is a species of fungus in the <unk> family . A saprobic species , it is",0.6839504692791759,0.7682631463477245,3.0670743559109153,True,True,5807.0,0.19456066945606698,train,0.06096090924745996,957.0,0.41274817136886105,7.4308611610297355,0.05549738219895284,0.8996450171568913,1.0,0.9992931196983977,0.0,0.41274817136886105,0.9445026178010472,0.7561563630101602,1.0,1.0,0.805439330543933,0.9288576451287169,0.0,0.7377630874542183,0-1327,0.9920298646513174,0.7042829978515036,0.805439330543933,0.6489028213166145
4.6946310726760325,0.9389262145352065,1.0,1.0,0.0,0.4513422818791946,0.9579124579124579,0.7732193732193733,1.0,1.0,0.8588235294117647,0.8994693841453172,0.0,9.215249160119283,79,"= The Boat Race 1900 = The 57th Boat Race took place on 31 March 1900 . Held annually , the Boat Race is a side @-@ by @-@ side rowing race between crews from the Universities of Oxford and Cambridge along the River Tham",0.6997394309283449,0.8001609845595681,3.2477485145649707,True,True,3510.0,0.14117647058823535,train,0.05669515669515669,596.0,0.4513422818791946,7.1957550731625375,0.04208754208754206,0.9389262145352065,1.0,1.0,0.0,0.4513422818791946,0.9579124579124579,0.7732193732193733,1.0,1.0,0.8588235294117647,0.8994693841453172,0.0,0.7507639870846483,0-1327,0.9753560288374128,0.7130849100484521,0.8588235294117647,0.7818791946308725
4.426137516867025,0.8852275033734051,1.0,1.0,0.0,0.2185734463276836,0.9167647751353897,0.829450713419752,1.0,1.0,0.7048852266038846,1.0,0.0,11.589694070482656,80,"= Ten Commandments in Catholic theology = The Ten Commandments are a series of religious and moral <unk> that are recognized as a moral foundation in several of the Abrahamic religions , including Catholicism . As descri",0.659833391106253,0.7473742523944908,1.8771054922633348,False,True,53615.0,0.29511477339611536,train,0.04263732164506202,8496.0,0.2185734463276836,8.587985063149862,0.08323522486461032,0.8852275033734051,1.0,1.0,0.0,0.2185734463276836,0.9167647751353897,0.829450713419752,1.0,1.0,0.7048852266038846,1.0,0.0,0.7094575736782414,4487-1000000000,1.0,0.6593721484210415,0.7048852266038846,0.6705508474576272
4.565035635716868,0.9130071271433737,1.0,1.0,0.0,0.3567631423508565,0.9432288586635127,0.7881511549241326,1.0,1.0,0.8014184397163121,0.9867381026030552,0.0,11.174580353338909,81,"= Yamaha NS @-@ 10 = The Yamaha NS @-@ 10 is a loudspeaker that became a standard nearfield studio monitor in the music industry among rock and pop recording engineers . <unk> in 1978 , the NS @-@ 10 started life as a <u",0.6869780343668903,0.7758718287329394,2.8162542892959026,True,True,10347.0,0.1985815602836879,train,0.05296221126896685,1693.0,0.3567631423508565,7.893904820824441,0.05677114133648731,0.9130071271433737,1.0,1.0,0.0,0.3567631423508565,0.9432288586635127,0.7881511549241326,1.0,1.0,0.8014184397163121,0.9867381026030552,0.0,0.7399468716322252,1327-1869,1.0,0.7058487470545904,0.8014184397163121,0.6786769049025398
4.632717276436091,0.9265434552872183,1.0,1.0,0.07399999999999995,0.42650103519668736,0.9480249480249481,0.7335203366058907,1.0,1.0,0.8298755186721992,0.8777636739516333,0.0,10.063397085935712,82,"= Utah State Route 61 = State Route 61 ( SR @-@ 61 ) is a nearly 7 @.@ 3 @-@ mile @-@ long ( 11 @.@ 7 km ) state highway in the U.S. state of Utah , connecting SR @-@ 23 in Cornish , Cache County to U.S. Route 91 ( US @-",0.6913100906683581,0.7864693944597811,2.9949369247873534,True,True,2852.0,0.17012448132780078,train,0.06661991584852735,483.0,0.42650103519668736,7.022109391613067,0.05197505197505192,0.9265434552872183,1.0,1.0,0.07399999999999995,0.42650103519668736,0.9480249480249481,0.7335203366058907,1.0,1.0,0.8298755186721992,0.8777636739516333,0.0,0.7409281084497084,0-1327,0.9679580992366659,0.6965302315119344,0.8298755186721992,0.7619047619047619
4.549722904210478,0.9099445808420956,1.0,0.9989622249896223,0.0,0.3191176470588235,0.9538763493621197,0.8210812913263321,1.0,1.0,0.7930358018636586,0.9845882970657388,0.0,11.200236918243059,83,"= <unk> = A hemmema ( from Finnish "" Hämeenmaa "" , <unk> ) was a type of warship built for the Swedish archipelago fleet and the Russian Baltic navy in the late 18th and early 19th centuries . The hemmema was initially d",0.6859092455262707,0.7719164966571449,2.51359600545018,True,True,12855.0,0.20696419813634137,train,0.044729677168416956,2040.0,0.3191176470588235,7.87670637652591,0.046123650637880265,0.9099445808420956,1.0,0.9989622249896223,0.0,0.3191176470588235,0.9538763493621197,0.8210812913263321,1.0,1.0,0.7930358018636586,0.9845882970657388,0.0,0.734735500105975,1869-2952,1.0,0.6932942360841281,0.7930358018636586,0.6823529411764706
4.599120497887349,0.9198240995774698,1.0,1.0,0.0,0.3317223198594025,0.9287598944591029,0.8403199314432621,1.0,1.0,0.7907692307692308,1.0,0.0,11.276726144181904,84,"= Edward Creutz = Edward Creutz ( January 23 , 1913 – June 27 , 2009 ) was an American physicist who worked on the Manhattan Project at the Metallurgical Laboratory and the Los Alamos Laboratory during World War II . Aft",0.688635331157065,0.772776730986669,2.6857083769260024,True,True,14003.0,0.20923076923076922,train,0.03992001713918446,2276.0,0.3317223198594025,8.096254656799445,0.0712401055408971,0.9198240995774698,1.0,1.0,0.0,0.3317223198594025,0.9287598944591029,0.8403199314432621,1.0,1.0,0.7907692307692308,1.0,0.0,0.739384866205657,1869-2952,1.0,0.7026230130676792,0.7907692307692308,0.6700351493848857
4.664976505352331,0.9329953010704661,1.0,1.0,0.0,0.2816593886462882,0.8008752735229759,0.8192090395480226,1.0,1.0,0.6338797814207651,0.866849901098657,0.0,10.147870297467469,85,"= <unk> Del Toso = <unk> Del Toso ( born 12 August 1980 ) is a 3 @.@ 5 point wheelchair basketball player who represented Australia at the 2012 Summer Paralympics in London , where she won a silver medal . <unk> with chr",0.6379859836238442,0.7475239096680169,1.953251305532345,False,False,5487.0,0.36612021857923494,train,0.04519774011299435,916.0,0.2816593886462882,6.934799208789256,0.19912472647702406,0.9329953010704661,1.0,1.0,0.0,0.2816593886462882,0.8008752735229759,0.8192090395480226,1.0,1.0,0.6338797814207651,0.866849901098657,0.0,0.6946536955173247,0-1327,0.9904877386473243,0.6344541701948987,0.6338797814207651,0.7663755458515283
4.67878182228636,0.935756364457272,1.0,1.0,0.0,0.34623217922606925,0.9010204081632653,0.8145911539089277,1.0,1.0,0.7747196738022426,0.9291788505549379,0.0,9.265082940112103,86,"= No. 79 Wing RAAF = No. 79 Wing was a Royal Australian Air Force ( RAAF ) wing of World War II . It was formed in December 1943 at Batchelor , Northern Territory , as part of North @-@ Western Area Command . <unk> by Gr",0.6783753838920815,0.7816776120420094,2.573692946547282,True,True,6127.0,0.2252803261977574,train,0.046352211522768076,982.0,0.34623217922606925,7.433430804439503,0.09897959183673466,0.935756364457272,1.0,1.0,0.0,0.34623217922606925,0.9010204081632653,0.8145911539089277,1.0,1.0,0.7747196738022426,0.9291788505549379,0.0,0.7301172509160024,0-1327,0.9929381170061875,0.683911382903253,0.7747196738022426,0.769857433808554
4.627179620911531,0.9254359241823062,1.0,0.9996658312447786,0.0,0.4009111617312073,0.9026615969581749,0.7512776831345827,1.0,1.0,0.797112462006079,1.0,0.0,11.95648775790305,87,"= Vitamin D ( Glee ) = "" Vitamin D "" is the sixth episode of the American television series Glee . The episode premiered on the Fox network on October 7 , 2009 . It was written by series creator Ryan Murphy and directed ",0.6853365967842365,0.7755504343801995,3.2151033641078697,True,True,8218.0,0.202887537993921,train,0.062180579216354344,1317.0,0.4009111617312073,8.019490777519062,0.09733840304182506,0.9254359241823062,1.0,0.9996658312447786,0.0,0.4009111617312073,0.9026615969581749,0.7512776831345827,1.0,1.0,0.797112462006079,1.0,0.0,0.7458837386790669,0-1327,1.0,0.7231696597723353,0.797112462006079,0.6514806378132119
4.508232042156589,0.9016464084313178,1.0,1.0,0.0,0.39710144927536234,0.9666182873730044,0.8602852308436064,1.0,1.0,0.8411892675852066,0.9832823808507855,0.0,9.783492424792394,88,"= Fern Hobbs = Fern Hobbs ( May 8 , 1883 – April 10 , 1964 ) was an American attorney in the U.S. state of Oregon , and a private secretary to Oregon Governor Oswald West . She was noted for her ambition and several acco",0.7046758498433354,0.7937084551131863,3.1237028678622054,True,True,8274.0,0.15881073241479338,train,0.03492869228909838,1380.0,0.39710144927536234,7.866259046806284,0.03338171262699563,0.9016464084313178,1.0,1.0,0.0,0.39710144927536234,0.9666182873730044,0.8602852308436064,1.0,1.0,0.8411892675852066,0.9832823808507855,0.0,0.7516678999108214,1327-1869,1.0,0.7209299074869476,0.8411892675852066,0.7210144927536232
4.631795294240123,0.9263590588480246,1.0,1.0,0.0,0.39245283018867927,0.9192938209331651,0.8069815195071869,1.0,1.0,0.7884130982367759,0.8968109090342429,0.0,9.623894679986714,89,"= <unk> Stephen = <unk> Stephen , MBE ( 19 April 1893 – 12 June 1979 ) was a twentieth @-@ century British suffragette , labour activist and local councillor . She grew up in Scotland and won a scholarship to train as a ",0.6823952024910468,0.7744321202697736,2.8156478351565664,True,True,4870.0,0.21158690176322414,train,0.048254620123203286,795.0,0.39245283018867927,7.174487272273943,0.08070617906683486,0.9263590588480246,1.0,1.0,0.0,0.39245283018867927,0.9192938209331651,0.8069815195071869,1.0,1.0,0.7884130982367759,0.8968109090342429,0.0,0.7333380569035178,0-1327,0.985498664961341,0.6889849632574894,0.7884130982367759,0.7194968553459119
4.607937247081749,0.9215874494163497,1.0,1.0,0.0,0.32893745290128107,0.9524886877828054,0.8307043949428056,1.0,1.0,0.7998492272898605,1.0,0.0,11.184855568400593,90,"= Of Human Feelings = Of Human Feelings is a studio album by American jazz saxophonist and composer Ornette Coleman . It was recorded on April 25 , 1979 , at CBS Studios in New York City with his band Prime Time , which ",0.6911757122979653,0.7760309032487082,2.738221807894236,True,True,16610.0,0.20015077271013948,train,0.042323901264298615,2654.0,0.32893745290128107,8.32444522125006,0.04751131221719462,0.9215874494163497,1.0,1.0,0.0,0.32893745290128107,0.9524886877828054,0.8307043949428056,1.0,1.0,0.7998492272898605,1.0,0.0,0.7409047792964708,1869-2952,1.0,0.7026867528735558,0.7998492272898605,0.680482290881688
4.660870726991488,0.9321741453982977,1.0,0.9947552447552448,0.0,0.4131147540983607,0.891566265060241,0.7793503901288332,1.0,1.0,0.7954048140043763,0.9527794193931478,0.0,10.628112709550633,91,"= Dangerously in Love Tour = The Dangerously in Love Tour was the debut concert tour by American recording artist Beyoncé . Although the tour was intended to showcase songs from her debut solo album , Dangerously in Love",0.6845697979321032,0.785361301035469,3.1488578844206327,True,True,5511.0,0.20459518599562365,train,0.05516240246779169,915.0,0.4131147540983607,7.6222353551451825,0.10843373493975905,0.9321741453982977,1.0,0.9947552447552448,0.0,0.4131147540983607,0.891566265060241,0.7793503901288332,1.0,1.0,0.7954048140043763,0.9527794193931478,0.0,0.7421260229025795,0-1327,0.9904492701147343,0.7125365548241669,0.7954048140043763,0.7333333333333333
4.4906422625381905,0.8981284525076381,1.0,1.0,0.0,0.2294126220667541,0.917626476162706,0.8198439241917503,1.0,1.0,0.7221574344023324,1.0,0.0,12.172564557399557,92,= Zhou Tong ( archer ) = Zhou ( or <unk> ) Tong ( Chinese : <unk> and <unk> ; pinyin : <unk> <unk> ) ( died late 1121 CE ) was the archery teacher and second military arts tutor of famous Song Dynasty general Yue Fei . O,0.6636547081277429,0.7492549545968575,1.9809712660421561,False,True,40365.0,0.2778425655976676,train,0.04503901895206243,6861.0,0.2294126220667541,8.634970683808916,0.08237352383729402,0.8981284525076381,1.0,1.0,0.0,0.2294126220667541,0.917626476162706,0.8198439241917503,1.0,1.0,0.7221574344023324,1.0,0.0,0.7138590111200211,4487-1000000000,1.0,0.6642826610766991,0.7221574344023324,0.6592333479084681
4.658072483763977,0.9316144967527954,1.0,0.9997639282341831,0.0,0.258109232048794,0.9159500693481276,0.7949118016729511,1.0,1.0,0.7282307265668331,1.0,0.0,9.620702966146666,93,"= Romanian Land Forces = The Romanian Land Forces ( Romanian : <unk> <unk> <unk> ) is the army of Romania , and the main component of the Romanian Armed Forces . In recent years , full professionalisation and a major equ",0.668073499400355,0.770774357691987,2.0927898977810147,False,True,23073.0,0.2717692734331669,train,0.051272049581762236,3607.0,0.258109232048794,8.108155919759527,0.08404993065187238,0.9316144967527954,1.0,0.9997639282341831,0.0,0.258109232048794,0.9159500693481276,0.7949118016729511,1.0,1.0,0.7282307265668331,1.0,0.0,0.7221303529627039,2952-4487,1.0,0.6755924844935505,0.7282307265668331,0.7479900194067092
4.630270474892396,0.9260540949784792,1.0,1.0,0.0,0.40036563071297987,0.9075091575091575,0.7938261115831209,1.0,1.0,0.7840805123513266,0.9649826216117436,0.0,10.327662948170126,94,"= Not Quite Hollywood : The Wild , Untold Story of Ozploitation ! = Not Quite Hollywood : The Wild , Untold Story of Ozploitation ! is a 2008 Australian documentary film about the Australian New Wave of 1970s and ' 80s l",0.6856169140948833,0.7788330216470526,3.0907670074292044,True,True,7062.0,0.2159194876486734,train,0.051543472104219765,1094.0,0.40036563071297987,7.719860972893949,0.0924908424908425,0.9260540949784792,1.0,1.0,0.0,0.40036563071297987,0.9075091575091575,0.7938261115831209,1.0,1.0,0.7840805123513266,0.9649826216117436,0.0,0.7422357956403322,0-1327,0.996742301688083,0.712454960901347,0.7840805123513266,0.6956124314442413
4.643529975656519,0.9287059951313038,1.0,1.0,0.0,0.3683148335015136,0.8786653185035389,0.7749533977291985,1.0,1.0,0.7414141414141414,0.9340129091855484,0.0,9.950115316581051,95,"= Why Does It Hurt So Bad = "" Why Does It Hurt So Bad "" is a song recorded by American singer Whitney Houston for the 1995 film Waiting to Exhale . It was released on July 7 , 1996 , by <unk> Records as the seventh and f",0.6695600261277936,0.7686299264674661,2.7520864730795167,False,True,5901.0,0.2585858585858586,train,0.05626165056770039,991.0,0.3683148335015136,7.472103273484387,0.1213346814964611,0.9287059951313038,1.0,1.0,0.0,0.3683148335015136,0.8786653185035389,0.7749533977291985,1.0,1.0,0.7414141414141414,0.9340129091855484,0.0,0.7276181278888455,0-1327,0.9932594434426529,0.6893909996161882,0.7414141414141414,0.7134207870837538
4.5383964077108025,0.9076792815421605,1.0,1.0,0.0,0.3223977318752531,0.9420348601540333,0.8266710569641094,1.0,1.0,0.7876823338735819,1.0,0.0,10.251886656839552,96,"= Hurricane Omar ( 2008 ) = Hurricane Omar was a strong hurricane that took an unusual southwest to northeast track through the eastern Caribbean Sea during October , 2008 . Forming out of a tropical disturbance on Octob",0.6859969351603278,0.780055214047859,2.695184325901308,True,True,15185.0,0.21231766612641811,train,0.04333223575897267,2469.0,0.3223977318752531,8.359811684234083,0.05796513984596674,0.9076792815421605,1.0,1.0,0.0,0.3223977318752531,0.9420348601540333,0.8266710569641094,1.0,1.0,0.7876823338735819,1.0,0.0,0.7362629742665825,1869-2952,1.0,0.6987309201021046,0.7876823338735819,0.7221547185095181
4.824012174920788,0.9648024349841575,1.0,0.9995846831132154,0.0,0.22587719298245615,0.7483540599853694,0.6547477828616619,1.0,1.0,0.5648994515539305,0.929698369228252,0.0,13.911633716280674,97,"= Papal conclave , 1769 = A papal conclave which lasted from 15 February to 19 May 1769 was <unk> after the death of Pope Clement XIII . It elected as his successor Cardinal Lorenzo Ganganelli , who took the name Clement",0.6093488501424088,0.7125242393622154,1.6799812636931573,False,False,17703.0,0.4351005484460695,train,0.08631305428458454,2736.0,0.22587719298245615,7.437586953826016,0.2516459400146306,0.9648024349841575,1.0,0.9995846831132154,0.0,0.22587719298245615,0.7483540599853694,0.6547477828616619,1.0,1.0,0.5648994515539305,0.929698369228252,0.0,0.6834968456122447,1869-2952,1.0,0.6306423133587994,0.5648994515539305,0.6220760233918129
4.53677101649074,0.9073542032981481,1.0,1.0,0.0,0.34932221063607927,0.928944618599791,0.8670863938440014,1.0,1.0,0.778705636743215,0.8982313294873423,0.0,10.031054314169642,98,"= West Hendford Cricket Ground , Yeovil = West Hendford Cricket Ground was a first @-@ class cricket ground located in Yeovil , Somerset . The land for the ground was first leased by Yeovil Cricket Club in 1874 , and was",0.6820010018095992,0.7789526209186368,2.510177229432823,True,True,5718.0,0.22129436325678498,train,0.03322840153899965,959.0,0.34932221063607927,7.185850635898738,0.07105538140020895,0.9073542032981481,1.0,1.0,0.0,0.34932221063607927,0.928944618599791,0.8670863938440014,1.0,1.0,0.778705636743215,0.8982313294873423,0.0,0.7266971226164509,0-1327,0.9921033921161755,0.6752369463390808,0.778705636743215,0.7685088633993743
4.563388211880338,0.9126776423760676,1.0,1.0,0.0,0.36543654365436545,0.9134355275022543,0.7853177051202961,1.0,1.0,0.7855855855855856,0.9488731814327328,0.0,9.440298659760169,99,"= New Year 's Eve ( Up All Night ) = "" New Year 's Eve "" is the twelfth episode of the first season of the American comedy television series Up All Night . The episode originally aired on NBC in the United States on Janu",0.6793089005163704,0.7821334511648367,2.774023486312796,True,True,6484.0,0.21441441441441444,train,0.05367057371992597,1111.0,0.36543654365436545,7.590985451461862,0.08656447249774568,0.9126776423760676,1.0,1.0,0.0,0.36543654365436545,0.9134355275022543,0.7853177051202961,1.0,1.0,0.7855855855855856,0.9488731814327328,0.0,0.7329365679923668,0-1327,0.9972854559851506,0.695045715267958,0.7855855855855856,0.7479747974797479
4.516589491364244,0.9033178982728488,1.0,1.0,0.0,0.38007258330583965,0.9554308352591614,0.828856566514492,1.0,1.0,0.828052805280528,1.0,0.0,10.62721819980575,100,= World War Z = World War Z : An Oral History of the Zombie War ( 2006 ) is an apocalyptic horror novel by Max Brooks . The novel is a collection of individual accounts narrated by an agent of the United Nations Postwar ,0.6983822990017375,0.7868740347242047,3.2497903978226885,True,True,18838.0,0.17194719471947195,train,0.042785858371377,3031.0,0.38007258330583965,8.550446784549106,0.04456916474083861,0.9033178982728488,1.0,1.0,0.0,0.38007258330583965,0.9554308352591614,0.828856566514492,1.0,1.0,0.828052805280528,1.0,0.0,0.7485398871690773,2952-4487,1.0,0.7192880894109986,0.828052805280528,0.6974595842956121
4.4810335183603,0.8962067036720599,1.0,0.9998173515981735,0.0,0.26416275430359937,0.9317256498590667,0.8419098641853471,1.0,1.0,0.7529743268628679,1.0,0.0,12.199799543648277,101,"= Sentence spacing = Sentence spacing is the horizontal space between sentences in typeset text . It is a matter of typographical convention . Since the introduction of movable @-@ type printing in Europe , various sente",0.6747697697000533,0.7511312177689251,2.1535886291453203,False,False,21279.0,0.24702567313713208,train,0.03952253395366324,3195.0,0.26416275430359937,8.152506718150828,0.0682743501409333,0.8962067036720599,1.0,0.9998173515981735,0.0,0.26416275430359937,0.9317256498590667,0.8419098641853471,1.0,1.0,0.7529743268628679,1.0,0.0,0.7230807082658278,2952-4487,1.0,0.6775810427088137,0.7529743268628679,0.6241001564945227
4.537733881211994,0.9075467762423989,1.0,0.9971958584987057,0.0,0.31960461285008235,0.9330695680844049,0.8368015729968867,1.0,1.0,0.7758734344100198,1.0,0.0,11.44308362106936,102,"= The Crab with the Golden Claws = The Crab with the Golden Claws ( French : Le <unk> aux <unk> d <unk> ) is the ninth volume of The Adventures of Tintin , the comics series by Belgian cartoonist Hergé . The story was se",0.6840505199852951,0.7689199673187705,2.6004180749862105,True,True,18309.0,0.22412656558998023,train,0.0407996067507783,3035.0,0.31960461285008235,8.136359646992938,0.06693043191559511,0.9075467762423989,1.0,0.9971958584987057,0.0,0.31960461285008235,0.9330695680844049,0.8368015729968867,1.0,1.0,0.7758734344100198,1.0,0.0,0.7345157051660665,2952-4487,1.0,0.6971590057955538,0.7758734344100198,0.670840197693575
4.612920214493755,0.9225840428987511,1.0,1.0,0.0,0.35688005886681384,0.9167280766396463,0.7438841737393909,1.0,1.0,0.7798232695139912,0.9538122548345913,0.0,11.074979521505162,103,"= L.A.M.B. = L.A.M.B. is a fashion line by American singer Gwen Stefani , the lead vocalist of the rock band No Doubt . The line manufactures apparel and fashion accessories . It was founded in 2003 and made its runway d",0.6751935108551492,0.770998872713848,2.723172589226059,False,True,8012.0,0.22017673048600883,train,0.06402895656515227,1359.0,0.35688005886681384,7.6304980386767305,0.08327192336035372,0.9225840428987511,1.0,1.0,0.0,0.35688005886681384,0.9167280766396463,0.7438841737393909,1.0,1.0,0.7798232695139912,0.9538122548345913,0.0,0.7316334073003123,1327-1869,1.0,0.6934897820755075,0.7798232695139912,0.6902133922001472
4.655722539930862,0.9311445079861723,1.0,0.9993281150267074,0.0,0.20350327542010824,0.9153846153846154,0.7208422943303476,1.0,1.0,0.7030337558752314,1.0,0.0,10.76723885337216,104,= First @-@ move advantage in chess = The first @-@ move advantage in chess is the inherent advantage of the player ( White ) who makes the first move in chess . Chess players and theorists generally agree that White beg,0.6514641077834428,0.752870340058458,1.7328543711036943,False,True,42313.0,0.2969662441247686,train,0.06978942641741309,7022.0,0.20350327542010824,8.515117840370987,0.08461538461538465,0.9311445079861723,1.0,0.9993281150267074,0.0,0.20350327542010824,0.9153846153846154,0.7208422943303476,1.0,1.0,0.7030337558752314,1.0,0.0,0.7084830431442933,4487-1000000000,1.0,0.6551173404271736,0.7030337558752314,0.707490743377955
4.600477267325308,0.9200954534650616,1.0,1.0,0.0,0.34035383319292334,0.9253794266441822,0.8121644580360177,1.0,1.0,0.7897176569742942,1.0,0.0,11.56971654843599,105,"= Frederick Reines = Frederick Reines ( <unk> @-@ ness ) ; ( March 16 , 1918 – August 26 , 1998 ) was an American physicist . He was awarded the 1995 Nobel Prize in Physics for his co @-@ detection of the neutrino with C",0.686186339327017,0.7719750950375597,2.79831667196217,True,True,14715.0,0.2102823430257058,train,0.04695888549099558,2374.0,0.34035383319292334,8.221786855492812,0.07462057335581784,0.9200954534650616,1.0,1.0,0.0,0.34035383319292334,0.9253794266441822,0.8121644580360177,1.0,1.0,0.7897176569742942,1.0,0.0,0.7392635336954839,1869-2952,1.0,0.7047202251459729,0.7897176569742942,0.6647009267059815
4.65103005642228,0.9302060112844559,1.0,0.9999584441489362,0.0,0.26933085501858733,0.9101896615842321,0.8091381602804303,1.0,1.0,0.7414017475367168,1.0,0.0,10.856734647477927,106,"= Lock Haven , Pennsylvania = The city of Lock Haven is the county seat of Clinton County , in the U.S. state of Pennsylvania . Located near the confluence of the West Branch Susquehanna River and Bald Eagle Creek , it i",0.6716997827418053,0.7629619656380912,2.3215526017114967,False,True,33092.0,0.25859825246328316,train,0.04771545992989242,5380.0,0.26933085501858733,8.619705312082715,0.08981033841576791,0.9302060112844559,1.0,0.9999584441489362,0.0,0.26933085501858733,0.9101896615842321,0.8091381602804303,1.0,1.0,0.7414017475367168,1.0,0.0,0.7249605731709003,4487-1000000000,1.0,0.6798130003400971,0.7414017475367168,0.6888475836431227
4.50152994585146,0.900305989170292,1.0,0.9999405381299242,0.0,0.22967048507990384,0.9040882727401329,0.8071865201994,1.0,1.0,0.692079207920792,1.0,0.0,10.819958739662226,107,"= Rachel Green = Rachel Karen Green is a fictional character , one of the six main characters who appear in the American sitcom Friends . <unk> by actress Jennifer Aniston , the character was created by show creators Dav",0.6572359810385413,0.7498717194821463,1.9704488007110366,False,True,44333.0,0.30792079207920797,train,0.04820336995015,7071.0,0.22967048507990384,8.579460264672253,0.09591172725986707,0.900305989170292,1.0,0.9999405381299242,0.0,0.22967048507990384,0.9040882727401329,0.8071865201994,1.0,1.0,0.692079207920792,1.0,0.0,0.7105257640785222,4487-1000000000,1.0,0.6626805033092371,0.692079207920792,0.685051619290058
4.485051556605552,0.8970103113211104,1.0,0.9992496013507176,0.0,0.2456740012817774,0.9014746740756572,0.855765797929311,1.0,1.0,0.6901709401709402,1.0,0.0,11.072719271445552,108,"= Krak des Chevaliers = Krak des Chevaliers ( French pronunciation : <unk> [ <unk> de <unk> ] ; Arabic : حصن <unk> ) , also Crac des Chevaliers , <unk> al @-@ Akrād ( حصن <unk> ) , Castle <unk> , formerly Crac de l 'Ospi",0.662920584466896,0.7539550193789847,2.000757274963255,False,True,28010.0,0.30982905982905984,train,0.03605855051767226,4681.0,0.2456740012817774,8.143952003567822,0.09852532592434282,0.8970103113211104,1.0,0.9992496013507176,0.0,0.2456740012817774,0.9014746740756572,0.855765797929311,1.0,1.0,0.6901709401709402,1.0,0.0,0.7142391657276324,4487-1000000000,1.0,0.6685380831842606,0.6901709401709402,0.695364238410596
4.579649079497745,0.915929815899549,1.0,0.9997293731605832,0.0,0.2805408765930992,0.9418532338308457,0.7952887115913854,1.0,1.0,0.7648064666563035,1.0,0.0,11.57717026694227,109,"= The Importance of Being Earnest = The Importance of Being Earnest , A <unk> Comedy for Serious People is a play by Oscar Wilde . First performed on 14 February 1895 at the St James 's Theatre in London , it is a farcic",0.6762930209980084,0.7634894197320082,2.45164713376928,True,True,39607.0,0.23519353334369653,train,0.05117782210215366,6434.0,0.2805408765930992,8.739001472948225,0.05814676616915426,0.915929815899549,1.0,0.9997293731605832,0.0,0.2805408765930992,0.9418532338308457,0.7952887115913854,1.0,1.0,0.7648064666563035,1.0,0.0,0.7278123051767108,4487-1000000000,1.0,0.6840413717366302,0.7648064666563035,0.671433012123096
4.556090422981956,0.9112180845963913,1.0,0.9998118178396688,0.0,0.30425440481306404,0.9139784946236559,0.8789530297597705,1.0,1.0,0.7515047291487532,0.9843441100417598,0.0,10.666264545803426,110,"= Lloyd Mathews = Sir Lloyd William Mathews , <unk> , CB ( 7 March 1850 – 11 October 1901 ) was a British naval officer , politician and abolitionist . Mathews joined the Royal Navy as a cadet at the age of 13 and progre",0.6808881349191263,0.7718889198627172,2.3959282506560067,True,True,13945.0,0.24849527085124679,train,0.03026174256005737,2327.0,0.30425440481306404,7.8747528803340785,0.08602150537634412,0.9112180845963913,1.0,0.9998118178396688,0.0,0.30425440481306404,0.9139784946236559,0.8789530297597705,1.0,1.0,0.7515047291487532,0.9843441100417598,0.0,0.7295681486190155,1869-2952,1.0,0.6869337030232138,0.7515047291487532,0.7176622260421143
4.620502280908073,0.9241004561816146,1.0,1.0,0.0,0.36109008327024983,0.9203942380591357,0.8441290322580646,1.0,1.0,0.7909090909090909,0.9763369617164269,0.0,10.165422383118614,111,"= HMS Boreas ( <unk> ) = HMS Boreas was a B @-@ class destroyer built for the Royal Navy around 1930 . Initially assigned to the Mediterranean Fleet , she was transferred to the Home Fleet in 1936 . The ship then patroll",0.6896903262575534,0.7835370589590008,2.8203647584480587,True,True,7750.0,0.2090909090909091,train,0.03896774193548387,1321.0,0.36109008327024983,7.810695693731415,0.07960576194086433,0.9241004561816146,1.0,1.0,0.0,0.36109008327024983,0.9203942380591357,0.8441290322580646,1.0,1.0,0.7909090909090909,0.9763369617164269,0.0,0.740924844710421,0-1327,1.0,0.7048191836018797,0.7909090909090909,0.72445117335352
4.451559460156828,0.8903118920313655,1.0,0.9998744034162271,0.0,0.33293978748524206,0.9296690307328606,0.8787995382839554,1.0,1.0,0.7820437093916125,0.9671263996507343,0.0,10.886285282385304,112,= Kaimanawa horse = Kaimanawa horses are a population of feral horses in New Zealand that are descended from domestic horses released in the 19th and 20th centuries . They are known for their <unk> and quiet temperament ,0.685917374781068,0.771094152073142,2.575958863768662,True,True,10396.0,0.2179562906083875,train,0.03030011542901116,1694.0,0.33293978748524206,7.737011197205875,0.07033096926713944,0.8903118920313655,1.0,0.9998744034162271,0.0,0.33293978748524206,0.9296690307328606,0.8787995382839554,1.0,1.0,0.7820437093916125,0.9671263996507343,0.0,0.7320555211428803,1327-1869,1.0,0.6910443073554342,0.7820437093916125,0.6906729634002361
4.616624442948414,0.9233248885896828,1.0,1.0,0.0,0.3378640776699029,0.9112119248217757,0.8072289156626506,1.0,1.0,0.7538860103626943,0.9690737569923839,0.0,9.615669310044506,113,"= The Remix ( Lady Gaga album ) = The Remix is a remix album by American recording artist Lady Gaga . Released in Japan on March 3 , 2010 , it contains remixes of the songs from her first studio album , The Fame ( 2008 )",0.6770347577356552,0.7739333560715901,2.619321688802715,True,True,9296.0,0.24611398963730569,train,0.04819277108433735,1545.0,0.3378640776699029,7.752590055939071,0.08878807517822429,0.9233248885896828,1.0,1.0,0.0,0.3378640776699029,0.9112119248217757,0.8072289156626506,1.0,1.0,0.7538860103626943,0.9690737569923839,0.0,0.731278067288045,1327-1869,1.0,0.6923734923095941,0.7538860103626943,0.7197411003236246
4.5561421105330915,0.9112284221066183,1.0,0.9999436936936937,0.0,0.2883625128733265,0.9381761978361669,0.7842358352498432,1.0,1.0,0.7620396600566572,1.0,0.0,11.018599219626378,114,"= Architecture of the Song dynasty = The architecture of the Song dynasty ( 960 – 1279 ) was noted for its towering Buddhist pagodas , enormous stone and wooden bridges , lavish tombs , and extravagant palaces . Although",0.6747566440535913,0.7703424092662656,2.3962659071457377,False,True,23915.0,0.23796033994334276,train,0.0539410411875392,3884.0,0.2883625128733265,8.309907842280397,0.0618238021638331,0.9112284221066183,1.0,0.9999436936936937,0.0,0.2883625128733265,0.9381761978361669,0.7842358352498432,1.0,1.0,0.7620396600566572,1.0,0.0,0.7274895197552342,2952-4487,1.0,0.6858353880959487,0.7620396600566572,0.7100926879505665
4.60298277240769,0.920596554481538,1.0,0.9998058629392351,0.0,0.40121317157712305,0.9375,0.7341524713767105,1.0,1.0,0.8074588031222897,0.9671650871941183,0.0,10.71710534136389,115,"= Lost Horizons ( Lemon Jelly album ) = Lost Horizons is the second studio album from the British electronic duo Lemon Jelly , released on 7 October 2002 . Released by <unk> Recordings and produced by Nick Franglen , the",0.6853831444190925,0.7823143361978675,3.104314976574536,True,True,7162.0,0.19254119687771032,train,0.0664618821558224,1154.0,0.40121317157712305,7.7373206975529465,0.0625,0.920596554481538,1.0,0.9998058629392351,0.0,0.40121317157712305,0.9375,0.7341524713767105,1.0,1.0,0.8074588031222897,0.9671650871941183,0.0,0.7429408999611428,0-1327,0.9986230892754241,0.7135650146733817,0.8074588031222897,0.7001733102253033
4.651034878353735,0.930206975670747,1.0,1.0,0.0,0.32946145723336856,0.873015873015873,0.7759769493967225,1.0,1.0,0.726215644820296,0.8851288280483373,0.0,11.84487493567503,116,= Fastra II = The Fastra II is a desktop supercomputer designed for <unk> . It was built in late 2009 by the ASTRA ( All Scale <unk> Reconstruction Antwerp ) group of researchers of the <unk> ( <unk> institute for <unk> ,0.6592698628593638,0.7529367730441994,2.3329266682245513,False,False,5553.0,0.273784355179704,train,0.05600576265081938,947.0,0.32946145723336856,7.081030624386698,0.12698412698412698,0.930206975670747,1.0,1.0,0.0,0.32946145723336856,0.873015873015873,0.7759769493967225,1.0,1.0,0.726215644820296,0.8851288280483373,0.0,0.7136975705229348,0-1327,0.9916599094558936,0.6604963565818939,0.726215644820296,0.689545934530095
4.656926352162452,0.9313852704324905,1.0,1.0,0.0,0.35045742434905,0.9464411557434813,0.815251383209045,1.0,1.0,0.8133802816901409,0.9745581313209346,0.0,9.531761694547551,117,"= USS Breese ( DD @-@ 122 ) = USS Breese ( DD – 122 ) was a Wickes class destroyer in the United States Navy during World War I , and later redesignated , DM @-@ 18 in World War II . She was the only ship named for Capta",0.6918955209171426,0.7917508312645876,2.7323290606492634,True,True,8314.0,0.18661971830985913,train,0.04618715419773876,1421.0,0.35045742434905,7.796465050567477,0.05355884425651869,0.9313852704324905,1.0,1.0,0.0,0.35045742434905,0.9464411557434813,0.815251383209045,1.0,1.0,0.8133802816901409,0.9745581313209346,0.0,0.7420948342546886,1327-1869,1.0,0.7023013060448405,0.8133802816901409,0.7593244194229416
4.649956011076528,0.9299912022153055,1.0,1.0,0.0,0.43859649122807015,0.9396984924623115,0.7528330126149241,1.0,1.0,0.8155583437892095,0.9423057180536406,0.0,10.705250420106477,118,"= Sandwich Day = "" Sandwich Day "" is the fourteenth episode of the second season of 30 Rock and the thirty @-@ fifth episode overall . It was written by one of the season 's executive producers , Robert Carlock , and one",0.6913458795805608,0.7870571333482893,3.3063358528197915,True,True,4677.0,0.18444165621079045,train,0.06179174684626897,798.0,0.43859649122807015,7.538445744429125,0.06030150753768848,0.9299912022153055,1.0,1.0,0.0,0.43859649122807015,0.9396984924623115,0.7528330126149241,1.0,1.0,0.8155583437892095,0.9423057180536406,0.0,0.7481501467591632,0-1327,0.9856312910987577,0.7193006257000093,0.8155583437892095,0.7192982456140351
4.663001277824524,0.9326002555649048,1.0,1.0,0.0,0.47703180212014135,0.975177304964539,0.788353532367721,1.0,1.0,0.8920353982300885,0.9192706275017604,0.0,11.74074944287249,119,"= Tiber Oil Field = The Tiber Oil Field is a deepwater offshore oil field located in the Keathley Canyon block 102 of the United States sector of the Gulf of Mexico . The deepwater field ( defined as water depth 1 @,@ 30",0.7110434096650846,0.7878350718065661,3.5081705925862234,True,True,3383.0,0.10796460176991152,train,0.05291161690806976,566.0,0.47703180212014135,7.354165020014083,0.024822695035460973,0.9326002555649048,1.0,1.0,0.0,0.47703180212014135,0.975177304964539,0.788353532367721,1.0,1.0,0.8920353982300885,0.9192706275017604,0.0,0.7607934525460716,0-1327,0.9735382857353814,0.7294723336785112,0.8920353982300885,0.6643109540636042
4.491983375451767,0.8983966750903534,1.0,0.9993914246196404,0.0,0.21280231335436384,0.9416250328687878,0.874908464354943,1.0,1.0,0.7291967924280268,1.0,0.0,10.032769939988848,120,= Glorious First of June = The Glorious First of June ( also known in France as the <unk> du 13 <unk> an 2 or Combat de <unk> ) [ Note A ] of 1794 was the first and largest fleet action of the naval conflict between the ,0.6709451339855745,0.7623861631074459,1.832065847906999,False,True,46430.0,0.2708032075719732,train,0.03127288391126427,7608.0,0.21280231335436384,8.609238400788417,0.05837496713121215,0.8983966750903534,1.0,0.9993914246196404,0.0,0.21280231335436384,0.9416250328687878,0.874908464354943,1.0,1.0,0.7291967924280268,1.0,0.0,0.7156083266749432,4487-1000000000,1.0,0.6610047416760625,0.7291967924280268,0.7275236593059937
4.575491353096374,0.9150982706192747,1.0,1.0,0.5165,0.37900874635568516,0.873900293255132,0.8759532282663955,1.0,1.0,0.7280701754385965,0.7789764329801283,0.0,11.559454608511498,121,"= New York State Route 368 = New York State Route 368 ( NY 368 ) was a state highway in Onondaga County , New York , in the United States . It was one of the shortest routes in the county , extending for only 1 @.@ 69 mi",0.706819684994976,0.7593128054391307,2.3619110504353746,True,True,1967.0,0.27192982456140347,train,0.031011692933401117,343.0,0.37900874635568516,6.2318114638410265,0.12609970674486803,0.9150982706192747,1.0,1.0,0.5165,0.37900874635568516,0.873900293255132,0.8759532282663955,1.0,1.0,0.7280701754385965,0.7789764329801283,0.0,0.7312782261970774,0-1327,0.9559200371998299,0.655135407932492,0.7280701754385965,0.7230320699708455
4.55467841155199,0.910935682310398,1.0,1.0,0.8115,0.4583333333333333,0.9537815126050421,0.822803195352215,1.0,1.0,0.8284518828451883,0.7699700200570836,0.30000000000000004,8.725069762041574,122,= M @-@ 122 ( Michigan highway ) = M @-@ 122 was a state trunkline highway in the US state of Michigan entirely in the city of St. Ignace . The highway connected US Highway 2 ( US 2 ) to the State Highway Ferry Dock used,0.7844915497291224,0.8082453853462475,2.823223406875973,True,True,1377.0,0.17154811715481166,train,0.04429920116194626,240.0,0.4583333333333333,6.159760160456669,0.04621848739495793,0.910935682310398,1.0,1.0,0.8115,0.4583333333333333,0.9537815126050421,0.822803195352215,1.0,1.0,0.8284518828451883,0.7699700200570836,0.30000000000000004,0.7875943995596818,0-1327,0.9433742309206872,0.7008730381274452,0.8284518828451883,0.7958333333333333
4.742434500885024,0.9484869001770049,1.0,1.0,0.0,0.4249084249084249,0.9645042839657283,0.6684231860559384,1.0,1.0,0.8496332518337408,0.9199588780732985,0.0,11.360686823499998,123,= Tupolev Tu @-@ 12 = The Tupolev Tu @-@ 12 ( development designation Tu @-@ 77 ) was an experimental Soviet jet @-@ powered medium bomber developed from the successful piston @-@ engined Tupolev Tu @-@ 2 bomber after th,0.6884503188724079,0.7805845324298802,3.1271862229011758,True,True,4934.0,0.15036674816625917,train,0.08289420348601541,819.0,0.4249084249084249,7.359671024586388,0.03549571603427171,0.9484869001770049,1.0,1.0,0.0,0.4249084249084249,0.9645042839657283,0.6684231860559384,1.0,1.0,0.8496332518337408,0.9199588780732985,0.0,0.746015634913675,0-1327,0.9865459619640972,0.7092246432022683,0.8496332518337408,0.6800976800976801
4.487539751882458,0.8975079503764916,1.0,1.0,0.0,0.3019547325102881,0.9508492022645394,0.870626525630594,1.0,1.0,0.7916130692050425,1.0,0.0,10.332560288532791,124,= Civilian Public Service = The Civilian Public Service ( CPS ) was a program of the United States government that provided conscientious objectors with an alternative to military service during World War II . From 1941 ,0.6887791225253538,0.774465106118272,2.5633775742239933,True,True,24580.0,0.20838693079495751,train,0.032343368592351505,3888.0,0.3019547325102881,8.489277690445387,0.049150797735460605,0.8975079503764916,1.0,1.0,0.0,0.3019547325102881,0.9508492022645394,0.870626525630594,1.0,1.0,0.7916130692050425,1.0,0.0,0.7344351030603349,2952-4487,1.0,0.6927062346577395,0.7916130692050425,0.6983024691358025
4.569916198455177,0.9139832396910353,1.0,0.9998889541063185,0.0,0.21109597335755373,0.9125662376987131,0.820446002906104,1.0,1.0,0.6904852017258345,1.0,0.0,9.804469872582013,125,"= Ireland = Ireland ( / <unk> / ; Irish : <unk> [ <unk> ] ; Ulster @-@ Scots : <unk> [ <unk> ] ) is an island in the North Atlantic . It is separated from Great Britain to its east by the North Channel , the Irish Sea , ",0.6587392330378994,0.7565002783735462,1.8767101394799888,False,True,83273.0,0.3095147982741655,train,0.04488849927347399,13212.0,0.21109597335755373,8.8903170895696,0.08743376230128685,0.9139832396910353,1.0,0.9998889541063185,0.0,0.21109597335755373,0.9125662376987131,0.820446002906104,1.0,1.0,0.6904852017258345,1.0,0.0,0.7104845068266871,4487-1000000000,1.0,0.658016246752732,0.6904852017258345,0.7263094156827127
4.510762014442283,0.9021524028884566,1.0,0.9998238506253303,0.0,0.22458964646464646,0.923744868961162,0.8755689622666918,1.0,1.0,0.7171270718232045,1.0,0.0,9.848987961316713,126,= St Nazaire Raid = The St Nazaire Raid or Operation Chariot was a successful British amphibious attack on the heavily defended Normandie dry dock at St Nazaire in German @-@ occupied France during the Second World War .,0.6692038540192707,0.7640301266640246,1.9056926346678347,False,True,37129.0,0.28287292817679555,train,0.03110775943332705,6336.0,0.22458964646464646,8.485220332575826,0.07625513103883796,0.9021524028884566,1.0,0.9998238506253303,0.0,0.22458964646464646,0.923744868961162,0.8755689622666918,1.0,1.0,0.7171270718232045,1.0,0.0,0.71600975068849,4487-1000000000,1.0,0.6641522869604067,0.7171270718232045,0.7386363636363636
4.513530611523659,0.9027061223047317,1.0,1.0,0.0,0.24630321135175504,0.9432242641565814,0.8187385785548477,1.0,1.0,0.7426053181953989,1.0,0.0,10.646206311292252,127,"= Hellblazer = Hellblazer ( also known as John Constantine , Hellblazer ) is an American contemporary horror comic book series , originally published by DC Comics , and subsequently by the Vertigo imprint since March 199",0.6710570500022381,0.7633901578873159,2.1370708796440394,False,True,40494.0,0.2573946818046011,train,0.04531535536128809,6695.0,0.24630321135175504,8.676585530149692,0.05677573584341855,0.9027061223047317,1.0,1.0,0.0,0.24630321135175504,0.9432242641565814,0.8187385785548477,1.0,1.0,0.7426053181953989,1.0,0.0,0.7201407381780872,4487-1000000000,1.0,0.6716461719269824,0.7426053181953989,0.7082897684839432
4.597842300426604,0.9195684600853207,1.0,1.0,0.0,0.27084844089920235,0.9161828737300436,0.8422878004259203,1.0,1.0,0.7493652520856003,1.0,0.0,9.775735674898366,128,"= Curtis Woodhouse = Curtis Woodhouse ( born 17 April 1980 ) is an English former professional footballer turned professional boxer and football manager . Most recently manager of Hull United , Woodhouse played football ",0.6758226941685476,0.7764406977791075,2.2104955018641963,True,True,16435.0,0.25063474791439966,train,0.039428049893519924,2758.0,0.27084844089920235,8.161374289345988,0.08381712626995641,0.9195684600853207,1.0,1.0,0.0,0.27084844089920235,0.9161828737300436,0.8422878004259203,1.0,1.0,0.7493652520856003,1.0,0.0,0.7261313990133427,1869-2952,1.0,0.680777809731472,0.7493652520856003,0.7567077592458303
4.565099547923033,0.9130199095846067,1.0,0.9994640169865385,0.0,0.22477383437717466,0.9287063736700806,0.8294319088051789,1.0,1.0,0.7255915689003778,1.0,0.0,10.513559929698216,129,"= 2010 Haiti earthquake = The 2010 Haiti earthquake ( French : <unk> de 2010 à <unk> ; Haitian Creole : <unk> 12 <unk> 2010 <unk> <unk> <unk> ) was a catastrophic magnitude 7 @.@ 0 Mw earthquake , with an epicenter near ",0.6672271303977662,0.7574572790843117,2.0354928124321687,False,True,63951.0,0.2744084310996222,train,0.042642022798705256,10059.0,0.22477383437717466,9.055737372956738,0.07129362632991942,0.9130199095846067,1.0,0.9994640169865385,0.0,0.22477383437717466,0.9287063736700806,0.8294319088051789,1.0,1.0,0.7255915689003778,1.0,0.0,0.716463624408557,4487-1000000000,1.0,0.6644252707985722,0.7255915689003778,0.6970871856049309
4.319813855345883,0.8639627710691766,1.0,1.0,1.0,0.5555555555555556,0.8,0.2832369942196532,1.0,1.0,0.7307692307692307,0.38593709513777674,0.0,8.655852417781032,130,= De <unk> a <unk> : interviews with persons affected by the 2010 Haiti earthquake = <unk> <unk> <unk> <unk> <unk> <unk> <unk> a <unk> . United States : <unk> . ISBN <unk> .,0.6593372445872047,0.731747110195444,1.715275978390119,False,False,173.0,0.2692307692307693,train,0.1791907514450867,27.0,0.5555555555555556,3.087496761102214,0.19999999999999996,0.8639627710691766,1.0,1.0,1.0,0.5555555555555556,0.8,0.2832369942196532,1.0,1.0,0.7307692307692307,0.38593709513777674,0.0,0.6888162898062616,0-1327,0.8674815571550226,0.579781307576464,0.7307692307692307,0.8148148148148148
4.683127901832784,0.9366255803665569,1.0,1.0,0.0,0.3997445721583653,0.9564660691421255,0.8050259965337955,1.0,1.0,0.8337595907928389,0.9200150975286969,0.0,10.690559085091428,131,"= Thom Darden = Thomas Vincent Darden ( born August 28 , 1950 ) is a former American football cornerback , safety , and punt <unk> who played for the Cleveland Browns of the National Football League ( NFL ) . In the NFL ",0.6956899759443358,0.7842672907583064,2.9421683323267653,True,True,4616.0,0.1662404092071611,train,0.048743500866551125,783.0,0.3997445721583653,7.360120780229575,0.04353393085787449,0.9366255803665569,1.0,1.0,0.0,0.3997445721583653,0.9564660691421255,0.8050259965337955,1.0,1.0,0.8337595907928389,0.9200150975286969,0.0,0.7446656575125987,0-1327,0.9849631143100452,0.7022727461780649,0.8337595907928389,0.7177522349936143
4.475185172902643,0.8950370345805286,1.0,0.9995552096074725,0.0,0.33918430562725865,0.9162790697674419,0.8481185084284012,1.0,1.0,0.7680785123966942,0.9751751533540738,0.0,11.222248781826499,132,"= Voyage : Inspired by Jules Verne = Voyage : Inspired by Jules Verne ( known as Journey to the Moon in the United Kingdom and Australia ) is a point @-@ and @-@ click adventure game with pre @-@ rendered graphics , deve",0.6813214034620227,0.7681046141278308,2.646112858042856,True,True,11746.0,0.23192148760330578,train,0.03797037289289971,1937.0,0.33918430562725865,7.80140122683259,0.08372093023255811,0.8950370345805286,1.0,0.9995552096074725,0.0,0.33918430562725865,0.9162790697674419,0.8481185084284012,1.0,1.0,0.7680785123966942,0.9751751533540738,0.0,0.731543826201866,1869-2952,1.0,0.6943617778462661,0.7680785123966942,0.678884873515746
4.552699608103731,0.9105399216207463,1.0,1.0,0.0,0.3836363636363636,0.9470802919708029,0.8599588114151221,1.0,1.0,0.819672131147541,0.8614422911394929,0.0,10.625229627589274,133,"= Old Baltimore Pike = Old Baltimore Pike is a road in the U.S. state of Delaware . The road , known as New Castle County Road 26 , runs from Maryland Route 281 ( MD 281 ) at the Maryland state line south of Newark , Del",0.6893819379639217,0.7790226650035438,2.6438447044426616,True,True,3399.0,0.180327868852459,train,0.03501029714621948,550.0,0.3836363636363636,6.891538329115943,0.0529197080291971,0.9105399216207463,1.0,1.0,0.0,0.3836363636363636,0.9470802919708029,0.8599588114151221,1.0,1.0,0.819672131147541,0.8614422911394929,0.0,0.7313126088104057,0-1327,0.9725290889153307,0.676925968099167,0.819672131147541,0.7581818181818182
4.477730419546127,0.8955460839092254,1.0,1.0,0.0,0.32716568544995794,0.9351851851851852,0.8363324764353042,1.0,1.0,0.7854438367690366,1.0,0.0,10.47569503771447,134,"= Mega Man & Bass = Mega Man & Bass , known in Japan as Rockman & Forte ( <unk> & <unk> , <unk> <unk> <unk> ) , is an action @-@ platform video game developed and published by Capcom . It is a spin @-@ off title in the o",0.6852353488550428,0.7769871575598462,2.637837095659346,True,True,14004.0,0.21455616323096338,train,0.04091688089117395,2378.0,0.32716568544995794,8.062694875935636,0.06481481481481477,0.8955460839092254,1.0,1.0,0.0,0.32716568544995794,0.9351851851851852,0.8363324764353042,1.0,1.0,0.7854438367690366,1.0,0.0,0.7351681443593249,1869-2952,1.0,0.6993754935421519,0.7854438367690366,0.7081581160639192
4.533567912114728,0.9067135824229456,1.0,1.0,0.1795,0.4065934065934066,0.9227373068432672,0.8636879969708444,1.0,1.0,0.801762114537445,0.8443310177888389,0.0,10.459739596110031,135,"= Ohio State Route 319 = State Route 319 ( SR 319 ) is a very short , two @-@ lane state highway in the western portion of the U.S. state of Ohio . A spur route , SR 319 has its western terminus at an abandoned railroad ",0.7001110057102258,0.7789844363973576,2.7463953985219374,True,True,2641.0,0.19823788546255505,train,0.0340780007572889,455.0,0.4065934065934066,6.754648142310711,0.07726269315673284,0.9067135824229456,1.0,1.0,0.1795,0.4065934065934066,0.9227373068432672,0.8636879969708444,1.0,1.0,0.801762114537445,0.8443310177888389,0.0,0.7369773938945638,0-1327,0.9658570960263062,0.6812198030428432,0.801762114537445,0.756043956043956
4.472558595683671,0.8945117191367341,1.0,1.0,0.0,0.2801724137931034,0.9206212251941329,0.8911642560504082,1.0,1.0,0.735661923242777,0.9582080258705347,0.0,10.250768489228472,136,= Parliament Act 1911 = The Parliament Act 1911 is an Act of the Parliament of the United Kingdom . It is <unk> important and partly governs the relationship between the House of Commons and the House of Lords which make,0.6744282178659609,0.7630336044232502,2.1477076441925775,False,True,13966.0,0.264338076757223,train,0.027208935987397966,2320.0,0.2801724137931034,7.665664206964277,0.07937877480586708,0.8945117191367341,1.0,1.0,0.0,0.2801724137931034,0.9206212251941329,0.8911642560504082,1.0,1.0,0.735661923242777,0.9582080258705347,0.0,0.7197243293520352,1869-2952,1.0,0.6694572745919272,0.735661923242777,0.7120689655172414
4.519708204438261,0.9039416408876522,1.0,1.0,0.0,0.3463235294117647,0.946980854197349,0.817652273015069,1.0,1.0,0.7969094922737306,0.9438549035941384,0.0,11.046071742510884,137,"= Hibiscus ( restaurant ) = Hibiscus is a London restaurant owned and run by French chef Claude Bosi . It was opened in 2000 in Ludlow , Shropshire , and won its first Michelin star within a year , and a second in the 20",0.6842820979941832,0.7773463091442543,2.6150332917225834,True,True,7897.0,0.20309050772626935,train,0.045586931746232746,1360.0,0.3463235294117647,7.550839228753107,0.05301914580265099,0.9039416408876522,1.0,1.0,0.0,0.3463235294117647,0.946980854197349,0.817652273015069,1.0,1.0,0.7969094922737306,0.9438549035941384,0.0,0.7323750514191519,1327-1869,1.0,0.6887321339610517,0.7969094922737306,0.7198529411764706
4.570262383034093,0.9140524766068185,1.0,1.0,0.0,0.3397579560735096,0.9668012561686855,0.7915460335842501,1.0,1.0,0.8215246636771301,1.0,0.0,10.206844140566416,138,"= Chris Turner ( American football ) = Chris Turner ( born September 8 , 1987 ) is an American football quarterback . He played quarterback for the Maryland Terrapins at the University of Maryland from 2007 to 2009 . Tur",0.6918509984911767,0.7897504439155142,2.798678118219217,True,True,13816.0,0.17847533632286994,train,0.05211349160393746,2231.0,0.3397579560735096,8.237270292542313,0.03319874383131449,0.9140524766068185,1.0,1.0,0.0,0.3397579560735096,0.9668012561686855,0.7915460335842501,1.0,1.0,0.8215246636771301,1.0,0.0,0.742389262984859,1869-2952,1.0,0.7061341205108069,0.8215246636771301,0.7409233527566114
4.568487386546283,0.9136974773092567,1.0,1.0,0.0,0.36088888888888887,0.9367764915405165,0.7894080996884736,1.0,1.0,0.800711743772242,0.9278192723213383,0.0,10.199402930471262,139,"= Jack and Jill ( nursery rhyme ) = "" Jack and Jill "" ( sometimes "" Jack and Gill "" , particularly in earlier versions ) is a traditional English nursery rhyme . The Roud Folk Song Index classifies this tune and its vari",0.6820358818559307,0.7787462096301393,2.6787173302219616,True,True,6420.0,0.19928825622775803,train,0.05264797507788162,1125.0,0.36088888888888887,7.4225541785707065,0.06322350845948355,0.9136974773092567,1.0,1.0,0.0,0.36088888888888887,0.9367764915405165,0.7894080996884736,1.0,1.0,0.800711743772242,0.9278192723213383,0.0,0.732232048096288,0-1327,0.997726560660116,0.6882930643507008,0.800711743772242,0.7288888888888889
4.6864867961418275,0.9372973592283655,1.0,1.0,0.0,0.3376494023904382,0.9281437125748503,0.7867282931660614,1.0,1.0,0.7816550348953141,0.9292107883612633,0.0,11.531870880561835,140,"= Florida State Road 878 = State Road 878 ( SR 878 ) , named the Snapper Creek Expressway or the Snapper Creek <unk> for its entire length , is a 2 @.@ 7 @-@ mile @-@ long ( 4 @.@ 3 km ) east – west electronic toll road ",0.6785039738176157,0.7642674412939264,2.509979739079428,True,True,6058.0,0.21834496510468593,train,0.05331792670848465,1004.0,0.3376494023904382,7.433686306890106,0.07185628742514971,0.9372973592283655,1.0,1.0,0.0,0.3376494023904382,0.9281437125748503,0.7867282931660614,1.0,1.0,0.7816550348953141,0.9292107883612633,0.0,0.7299774561741371,0-1327,0.9937184717456136,0.681703775774994,0.7816550348953141,0.6713147410358565
4.605719913506403,0.9211439827012805,1.0,1.0,0.0,0.2515216068167985,0.932572298325723,0.8218085106382979,1.0,1.0,0.7260690914624867,1.0,0.0,9.973866427431261,141,"= James Nesbitt = William James Nesbitt , OBE ( born 15 January 1965 ) is an actor and presenter from Northern Ireland . Born in Ballymena , County Antrim , Nesbitt grew up in the nearby village of <unk> , before moving ",0.6705036956513604,0.7684063999619726,2.1681304226293743,False,True,39104.0,0.27393090853751334,train,0.04454787234042553,6572.0,0.2515216068167985,8.620056344537355,0.06742770167427703,0.9211439827012805,1.0,1.0,0.0,0.2515216068167985,0.932572298325723,0.8218085106382979,1.0,1.0,0.7260690914624867,1.0,0.0,0.721686864192793,4487-1000000000,1.0,0.6737238338005961,0.7260690914624867,0.7382836275106512
4.680059004869966,0.9360118009739932,1.0,0.997071129707113,0.0,0.24929328621908128,0.8787557440791799,0.778552117753079,1.0,1.0,0.6898745361371267,1.0,0.0,10.297471484117679,142,"= Crazy in Love = "" Crazy in Love "" is a song from American singer Beyoncé 's debut solo album Dangerously in Love ( 2003 ) . Beyoncé wrote the song with Rich Harrison , Jay Z , and Eugene Record , and produced it with H",0.6568775139590385,0.7606860891672643,2.1053611522594613,False,True,33290.0,0.3101254638628733,train,0.05536197056173025,5660.0,0.24929328621908128,8.445318300346244,0.12124425592082011,0.9360118009739932,1.0,0.997071129707113,0.0,0.24929328621908128,0.8787557440791799,0.778552117753079,1.0,1.0,0.6898745361371267,1.0,0.0,0.7152243003980044,4487-1000000000,1.0,0.6699354717537724,0.6898745361371267,0.7295053003533569
4.5917009703182226,0.9183401940636445,1.0,0.9998416092500197,0.0,0.20227316509343093,0.8932356908845634,0.8667926022973096,1.0,1.0,0.6658959537572254,1.0,0.0,9.844340359404114,143,"= Moro River Campaign = The Moro River Campaign was an important battle of the Italian Campaign during the Second World War , fought between elements of the British Eighth Army and LXXVI Panzer Corps ( LXXVI <unk> ) of t",0.6577750529284035,0.7588297420329242,1.663372421493481,False,True,32821.0,0.33410404624277457,train,0.03330184942567259,5191.0,0.20227316509343093,8.223396419021581,0.10676430911543655,0.9183401940636445,1.0,0.9998416092500197,0.0,0.20227316509343093,0.8932356908845634,0.8667926022973096,1.0,1.0,0.6658959537572254,1.0,0.0,0.7086507334973832,4487-1000000000,1.0,0.6548936580220494,0.6658959537572254,0.7568869196686573
4.507036241932595,0.901407248386519,1.0,1.0,0.0,0.3702656868287168,0.9683078664402943,0.8662811709432598,1.0,1.0,0.8450226244343891,1.0,0.0,11.122042426749575,144,"= Berkley Bedell = Berkley Warren Bedell ( born March 5 , 1921 ) is a former U.S. Representative from Iowa . After starting a successful business in his youth , Berkley Fly Co . , he ran for the United States Congress in",0.7045705494248465,0.782024203804417,2.9794845426228194,True,True,11068.0,0.15497737556561086,train,0.03342970726418504,1769.0,0.3702656868287168,8.046882680763003,0.03169213355970568,0.901407248386519,1.0,1.0,0.0,0.3702656868287168,0.9683078664402943,0.8662811709432598,1.0,1.0,0.8450226244343891,1.0,0.0,0.750444981853069,1327-1869,1.0,0.7177889126337137,0.8450226244343891,0.6596947427925381
4.440505813215729,0.8881011626431459,1.0,1.0,0.0,0.35241123476417596,0.9326259946949602,0.8506459033799327,1.0,1.0,0.7868504772004242,0.9873708421565095,0.0,9.94122108404247,145,"= Bart vs. Australia = "" Bart vs. Australia "" is the sixteenth episode of the sixth season of The Simpsons . It originally aired on the Fox network in the United States on February 19 , 1995 . In the episode , Bart is in",0.6874067948538748,0.7841676535403665,2.7836846212361586,True,True,11302.0,0.21314952279957577,train,0.03733852415501681,1887.0,0.35241123476417596,7.898966737252076,0.06737400530503979,0.8881011626431459,1.0,1.0,0.0,0.35241123476417596,0.9326259946949602,0.8506459033799327,1.0,1.0,0.7868504772004242,0.9873708421565095,0.0,0.7368736758728023,1869-2952,1.0,0.7033823571665725,0.7868504772004242,0.7403285638579756
4.545384465336385,0.909076893067277,1.0,1.0,0.0,0.33116883116883117,0.9115734720416124,0.8746512127065894,1.0,1.0,0.7602339181286549,0.9521605064934315,0.0,8.213765703591916,146,"= Leslie Andrew = Brigadier Leslie <unk> Andrew VC DSO ( 23 March 1897 – 8 January 1969 ) was a senior officer in the New Zealand Military Forces and a recipient of the Victoria Cross , the highest award of the British C",0.6812758069128884,0.7853771590079283,2.522607056164416,True,True,9318.0,0.23976608187134507,train,0.03133719682335265,1540.0,0.33116883116883117,7.617284051947452,0.08842652795838757,0.909076893067277,1.0,1.0,0.0,0.33116883116883117,0.9115734720416124,0.8746512127065894,1.0,1.0,0.7602339181286549,0.9521605064934315,0.0,0.7293778887606192,1327-1869,1.0,0.6855212787958752,0.7602339181286549,0.7902597402597402
4.596630169410151,0.9193260338820302,1.0,0.9997923372443153,0.0,0.31867103416003745,0.9526932084309133,0.8079632465543645,1.0,1.0,0.795880149812734,1.0,0.0,9.989089241082171,147,"= Rebbie Jackson = Maureen <unk> "" Rebbie "" Brown ( née Jackson ; born May 29 , 1950 ) is an American singer professionally known as Rebbie Jackson / <unk> <unk> / . Born and raised in Gary , Indiana , she is the eldest ",0.6870563626382571,0.7850691321239579,2.5719548195108177,True,True,13060.0,0.20411985018726597,train,0.04800918836140888,2137.0,0.31867103416003745,8.070877311739526,0.04730679156908668,0.9193260338820302,1.0,0.9997923372443153,0.0,0.31867103416003745,0.9526932084309133,0.8079632465543645,1.0,1.0,0.795880149812734,1.0,0.0,0.7377298567865622,1869-2952,1.0,0.6985326869332905,0.795880149812734,0.743097800655124
4.508753490402876,0.9017506980805752,1.0,1.0,0.0,0.41742286751361163,0.9581056466302368,0.8416692236882479,1.0,1.0,0.84,0.8718028635258298,0.0,11.729976603843035,148,"= Hugh Foliot = Hugh Foliot ( c . 1155 – 1234 ) was a medieval Bishop of Hereford . Related somehow to his predecessor at Hereford , he served as a priest and papal judge as well as being an unsuccessful candidate as Bis",0.6947337476258505,0.771596074726718,2.9112836095962376,True,True,3259.0,0.16000000000000003,train,0.03958269407793802,551.0,0.41742286751361163,6.9744229082066385,0.041894353369763215,0.9017506980805752,1.0,1.0,0.0,0.41742286751361163,0.9581056466302368,0.8416692236882479,1.0,1.0,0.84,0.8718028635258298,0.0,0.7381671303059862,0-1327,0.9725930171406811,0.6913899979128535,0.84,0.6805807622504537
4.583303308007551,0.9166606616015102,1.0,1.0,0.0,0.38429506246281975,0.9696247766527695,0.7998856489422528,1.0,1.0,0.8488095238095238,1.0,0.0,10.754731715434723,149,"= AIL Storm = The AIL Storm ( Hebrew : <unk> , <unk> ) is an Israeli manufactured off @-@ road vehicle and the <unk> of the Israeli Security Forces . The series of Jeep Wrangler based vehicles have been produced by Autom",0.701420258225687,0.7888343899371544,3.132094733936687,True,True,10494.0,0.1511904761904762,train,0.05002858776443682,1681.0,0.38429506246281975,8.150234129640202,0.03037522334723053,0.9166606616015102,1.0,1.0,0.0,0.38429506246281975,0.9696247766527695,0.7998856489422528,1.0,1.0,0.8488095238095238,1.0,0.0,0.7522219581668487,1327-1869,1.0,0.7221847446991292,0.8488095238095238,0.6882807852468769
4.550922069250504,0.9101844138501007,1.0,0.9999429060805024,0.0,0.20939226519337018,0.8424543946932007,0.8502267328870654,1.0,1.0,0.632495164410058,1.0,0.0,10.774342048676639,150,"= 1940 Atlantic hurricane season = The 1940 Atlantic hurricane season was a generally average period of tropical cyclogenesis in 1940 . Though the season had no official bounds , most tropical cyclone activity occurred d",0.6463736280217515,0.7471452427723497,1.6824947558516694,False,False,23155.0,0.36750483558994196,train,0.03744331677823364,3620.0,0.20939226519337018,8.035133266732247,0.15754560530679929,0.9101844138501007,1.0,0.9999429060805024,0.0,0.20939226519337018,0.8424543946932007,0.8502267328870654,1.0,1.0,0.632495164410058,1.0,0.0,0.702325616880569,2952-4487,1.0,0.653510874738627,0.632495164410058,0.7226519337016575
4.473142350706953,0.8946284701413907,1.0,1.0,0.0,0.24650198652617034,0.9061689994815967,0.8047240341941441,1.0,1.0,0.7157912923289564,1.0,0.0,11.375090145985604,151,"= Ode to a Nightingale = "" Ode to a Nightingale "" is a poem by John Keats written either in the garden of the Spaniards Inn , Hampstead , London or , according to Keats ' friend Charles <unk> Brown , under a plum tree in",0.6614849153439739,0.7540664316403397,2.0337648830640545,False,True,33573.0,0.28420870767104356,train,0.048818991451463976,5789.0,0.24650198652617034,8.250500986725866,0.09383100051840332,0.8946284701413907,1.0,1.0,0.0,0.24650198652617034,0.9061689994815967,0.8047240341941441,1.0,1.0,0.7157912923289564,1.0,0.0,0.7141881716071439,4487-1000000000,1.0,0.6687195824351145,0.7157912923289564,0.6845741924339264
4.5129885049327205,0.9025977009865441,1.0,0.9996698580389568,0.0,0.3621337340345605,0.9405568096313017,0.8315789473684211,1.0,1.0,0.8180451127819549,0.9728778568117518,0.0,11.470669705261422,152,"= Weather buoy = Weather buoys are instruments which collect weather and ocean data within the world 's oceans , as well as aid during emergency response to chemical spills , legal proceedings , and engineering design . ",0.6916731657871469,0.7789747442693247,2.8184951283742414,True,True,8170.0,0.1819548872180451,train,0.042105263157894736,1331.0,0.3621337340345605,7.783022854494014,0.05944319036869827,0.9025977009865441,1.0,0.9996698580389568,0.0,0.3621337340345605,0.9405568096313017,0.8315789473684211,1.0,1.0,0.8180451127819549,0.9728778568117518,0.0,0.7403953235312917,1327-1869,1.0,0.703950559477224,0.8180451127819549,0.6889556724267468
4.592747458870233,0.9185494917740465,1.0,0.9998887343532684,0.0,0.26288274831964153,0.9175591531755916,0.8374345657639833,1.0,1.0,0.7231075697211156,1.0,0.0,9.893261720117014,153,"= HMS Marlborough ( 1912 ) = HMS Marlborough was an Iron Duke @-@ class battleship of the British Royal Navy , named in honour of John Churchill , 1st Duke of Marlborough . She was built at Devonport Royal Dockyard betwe",0.6710599911957144,0.7688992567684552,2.196448943003856,False,True,24261.0,0.27689243027888444,train,0.040641358559004165,4017.0,0.26288274831964153,8.355241859892509,0.08244084682440844,0.9185494917740465,1.0,0.9998887343532684,0.0,0.26288274831964153,0.9175591531755916,0.8374345657639833,1.0,1.0,0.7231075697211156,1.0,0.0,0.7226102664864668,2952-4487,1.0,0.6770258203231437,0.7231075697211156,0.7376151356733881
4.544558500069347,0.9089117000138695,1.0,1.0,0.0,0.26011342155009454,0.905788876276958,0.862060332957817,1.0,1.0,0.7031013615733737,0.966725997425618,0.0,9.11639513398793,154,= 766th Independent Infantry Regiment ( North Korea ) = The 766th Independent Infantry Regiment ( Korean : <unk> ) was a light infantry unit of North Korea 's Korean People 's Army ( KPA ) that existed briefly during the,0.6657435611004713,0.7685004469717718,2.011667255134443,False,True,15978.0,0.29689863842662634,train,0.03448491676054575,2645.0,0.26011342155009454,7.733807979404944,0.09421112372304197,0.9089117000138695,1.0,1.0,0.0,0.26011342155009454,0.905788876276958,0.862060332957817,1.0,1.0,0.7031013615733737,0.966725997425618,0.0,0.7151365880326638,1869-2952,1.0,0.66427814876026,0.7031013615733737,0.7716446124763705
4.580350434105512,0.9160700868211024,1.0,1.0,0.0,0.30504908835904626,0.9540350877192982,0.8349170005724098,1.0,1.0,0.796211855489302,1.0,0.0,11.188946759688701,155,"= Sister Wives = Sister Wives is an American reality television series broadcast on TLC that began airing in 2010 . The show documents the life of a polygamist family , which includes patriarch Kody Brown , his four wive",0.6882802730212193,0.774702957188968,2.524279580985913,True,True,17470.0,0.20378814451069804,train,0.04127074985689754,2852.0,0.30504908835904626,8.274994672381407,0.045964912280701764,0.9160700868211024,1.0,1.0,0.0,0.30504908835904626,0.9540350877192982,0.8349170005724098,1.0,1.0,0.796211855489302,1.0,0.0,0.7364678828709517,1869-2952,1.0,0.6944962135252374,0.796211855489302,0.6914446002805049
4.567644586363858,0.9135289172727716,1.0,1.0,0.0,0.32675500422892584,0.9644569816643159,0.8241612014067103,1.0,1.0,0.8093626621545403,1.0,0.0,10.873401391248764,156,"= You Only Live Twice ( film ) = You Only Live Twice ( 1967 ) is the fifth spy film in the James Bond series , and the fifth to star Sean Connery as the fictional MI6 agent James Bond . The film 's screenplay was written",0.6919462821809822,0.781319704839188,2.7929777349318927,True,True,21042.0,0.19063733784545966,train,0.0439596996483224,3547.0,0.32675500422892584,8.547620384644887,0.03554301833568407,0.9135289172727716,1.0,1.0,0.0,0.32675500422892584,0.9644569816643159,0.8241612014067103,1.0,1.0,0.8093626621545403,1.0,0.0,0.7406352272697405,2952-4487,1.0,0.7020063646921018,0.8093626621545403,0.7067944742035523
4.663742010760393,0.9327484021520785,1.0,1.0,0.0,0.3501199040767386,0.9447115384615384,0.7443137254901961,1.0,1.0,0.7923169267707083,0.8989899213824353,0.0,11.261194433303265,157,"= WASP @-@ 13b = WASP @-@ 13b is an extrasolar planet that was discovered in 2008 in the orbit of the <unk> star WASP @-@ 13 . The planet has a mass of nearly half that of Jupiter , but a radius five @-@ <unk> the size o",0.6756221951110633,0.7649809739014202,2.518034120322984,True,True,5100.0,0.2076830732292917,train,0.06392156862745098,834.0,0.3501199040767386,7.191919371059482,0.055288461538461564,0.9327484021520785,1.0,1.0,0.0,0.3501199040767386,0.9447115384615384,0.7443137254901961,1.0,1.0,0.7923169267707083,0.8989899213824353,0.0,0.7271399417739457,0-1327,0.9871850684062673,0.6758474272517664,0.7923169267707083,0.6882494004796164
4.49852574861785,0.8997051497235701,1.0,0.9998405273229853,0.0,0.27850201469542546,0.9466445340289306,0.8345852645037558,1.0,1.0,0.7596017069701281,1.0,0.0,9.551898534721596,158,"= U2 concert in Sarajevo = On 23 September 1997 , the Irish rock band U2 held a concert at <unk> Stadium in Sarajevo , Bosnia and Herzegovina , as part of the group 's PopMart Tour . They were the first major artist to h",0.678245668483565,0.7786274770594082,2.3193839594448167,True,True,25028.0,0.24039829302987192,train,0.041353683874061055,4219.0,0.27850201469542546,8.328068872253345,0.05335546597106944,0.8997051497235701,1.0,0.9998405273229853,0.0,0.27850201469542546,0.9466445340289306,0.8345852645037558,1.0,1.0,0.7596017069701281,1.0,0.0,0.7268569094993425,2952-4487,1.0,0.6830539584235276,0.7596017069701281,0.7608438018487793
4.4596537010469435,0.8919307402093887,1.0,1.0,0.0,0.3085553997194951,0.9407017543859649,0.8515201508366722,1.0,1.0,0.7702560505085935,1.0,0.0,9.47246470454702,159,"= Frank Slide = The Frank Slide was a <unk> that buried part of the mining town of Frank , Alberta , Canada . The province of Alberta was not created until September 1905 , more than two years after the slide . The commu",0.6830653990625195,0.7773800586035046,2.4967005116135508,True,True,16972.0,0.22974394949140653,train,0.037119962290831955,2852.0,0.3085553997194951,8.091579385365735,0.05929824561403507,0.8919307402093887,1.0,1.0,0.0,0.3085553997194951,0.9407017543859649,0.8515201508366722,1.0,1.0,0.7702560505085935,1.0,0.0,0.7316214233142188,1869-2952,1.0,0.6929495615869832,0.7702560505085935,0.7303646563814866
4.44562131463685,0.88912426292737,1.0,0.9997647454209376,0.0,0.22894465452045376,0.9391334250343879,0.8216420832789453,1.0,1.0,0.7227093003266288,1.0,0.0,13.403359210636362,160,"= Protein = Proteins ( / <unk> / or / <unk> / ) are large biomolecules , or macromolecules , consisting of one or more long chains of amino acid residues . Proteins perform a vast array of functions within organisms , in",0.6651226365286154,0.7401195174714729,1.90714702915121,False,False,38305.0,0.27729069967337117,train,0.04458947918026367,5818.0,0.22894465452045376,8.330166227929235,0.0608665749656121,0.88912426292737,1.0,0.9997647454209376,0.0,0.22894465452045376,0.9391334250343879,0.8216420832789453,1.0,1.0,0.7227093003266288,1.0,0.0,0.7139375814344654,4487-1000000000,1.0,0.6642049543473462,0.7227093003266288,0.6081127535235477
4.581576254569966,0.9163152509139932,1.0,0.9996683250414594,0.0,0.26857406552838026,0.8891454965357968,0.7900930269539636,1.0,1.0,0.7225300092336103,0.9815052683942767,0.0,9.266489816600314,161,"= LiSA ( Japanese musician , born 1987 ) = Risa Oribe ( <unk> <unk> , Oribe Risa , born June 24 , 1987 ) , better known by her stage name LiSA ( an acronym of Love is Same All ) , is a Japanese pop singer @-@ songwriter ",0.66208049940615,0.7705374101109671,2.1088548821613995,False,True,12577.0,0.2774699907663897,train,0.052476743261509105,2167.0,0.26857406552838026,7.852042147154213,0.11085450346420322,0.9163152509139932,1.0,0.9996683250414594,0.0,0.26857406552838026,0.8891454965357968,0.7900930269539636,1.0,1.0,0.7225300092336103,0.9815052683942767,0.0,0.7168609836116544,1869-2952,1.0,0.6709503252864915,0.7225300092336103,0.7651130595293032
4.681396769837136,0.9362793539674271,1.0,0.9999503524972694,0.0,0.26129792246733774,0.9217913006213841,0.8336627969665384,1.0,1.0,0.7341473864610112,1.0,0.0,11.059770053151498,162,"= Aston Villa F.C. = Aston Villa Football Club ( / <unk> <unk> / ; nicknamed Villa , The Villa , The <unk> , The Lions ) is a professional association football club based in Aston , Birmingham , that plays in the Champio",0.6742232880785807,0.7635523143330143,2.2129832468080073,False,True,27823.0,0.2658526135389888,train,0.04158430075836538,4669.0,0.26129792246733774,8.469195720775891,0.07820869937861585,0.9362793539674271,1.0,0.9999503524972694,0.0,0.26129792246733774,0.9217913006213841,0.8336627969665384,1.0,1.0,0.7341473864610112,1.0,0.0,0.7257385988477746,4487-1000000000,1.0,0.6781937800407218,0.7341473864610112,0.6947954594131506
4.572329361711351,0.9144658723422703,1.0,1.0,0.0,0.31406173444390006,0.9205492888670918,0.8345839586459897,1.0,1.0,0.753921568627451,0.9786108547260759,0.0,10.860545196152728,163,"= Pattycake ( gorilla ) = Pattycake , also known as Patty Cake ( September 3 , 1972 – March 31 , 2013 ) was a female western lowland gorilla ( Gorilla gorilla gorilla ) born to Lulu and Kongo at the Central Park Zoo in N",0.6782293446220202,0.7674215222861857,2.4587537790471914,True,True,11994.0,0.24607843137254903,train,0.041354010338502584,2041.0,0.31406173444390006,7.828886837808607,0.07945071113290825,0.9144658723422703,1.0,1.0,0.0,0.31406173444390006,0.9205492888670918,0.8345839586459897,1.0,1.0,0.753921568627451,0.9786108547260759,0.0,0.729439297316499,1869-2952,1.0,0.6878877959507435,0.753921568627451,0.6913277804997551
4.56949647740606,0.913899295481212,1.0,0.9994332993312932,0.0,0.3214462605250124,0.9494298463063956,0.7330073349633253,1.0,1.0,0.7888999008919723,0.9792261108424277,0.0,11.47425338046919,164,"= Lactarius indigo = Lactarius indigo , commonly known as the indigo milk cap , the indigo ( or blue ) <unk> , or the blue milk mushroom , is a species of agaric fungus in the family <unk> . A widely distributed species ",0.67615681700422,0.7644014673783471,2.5181485723099977,True,True,12270.0,0.21110009910802774,train,0.0667481662591687,2019.0,0.3214462605250124,7.833808886739422,0.0505701536936044,0.913899295481212,1.0,0.9994332993312932,0.0,0.3214462605250124,0.9494298463063956,0.7330073349633253,1.0,1.0,0.7888999008919723,0.9792261108424277,0.0,0.7306015682871209,1869-2952,1.0,0.6904688769854205,0.7888999008919723,0.654284299157999
4.502986669650431,0.9005973339300862,1.0,1.0,0.0,0.34341637010676157,0.9247551202137133,0.8234752426152865,1.0,1.0,0.792167334223409,1.0,0.0,11.027020045077156,165,"= You 're Gonna Love Tomorrow = "" You 're Gonna Love Tomorrow "" is the fifth season premiere episode of the American comedy @-@ drama series Desperate Housewives , and the 88th episode overall . It originally aired on Se",0.6859246531996203,0.7754171222088222,2.8555327884811486,True,True,14117.0,0.20783266577659099,train,0.044131189346178365,2248.0,0.34341637010676157,8.315074751950288,0.07524487978628669,0.9005973339300862,1.0,1.0,0.0,0.34341637010676157,0.9247551202137133,0.8234752426152865,1.0,1.0,0.792167334223409,1.0,0.0,0.7377027356186855,1869-2952,1.0,0.7047054603360332,0.792167334223409,0.6863879003558719
4.508109659343279,0.9016219318686558,1.0,1.0,0.0,0.3763440860215054,0.9531348955034832,0.8172500272598409,1.0,1.0,0.8221518987341773,0.9912862987332857,0.0,10.585840009930402,166,"= Fear of Flying ( The Simpsons ) = "" Fear of Flying "" is the eleventh episode of The Simpsons ' sixth season . It was first broadcast on the Fox network in the United States on December 18 , 1994 . In the episode , Home",0.6949160661218922,0.7808478658891981,2.984517888659355,True,True,9171.0,0.17784810126582273,train,0.0456874931850398,1581.0,0.3763440860215054,7.930290389866285,0.04686510449651682,0.9016219318686558,1.0,1.0,0.0,0.3763440860215054,0.9531348955034832,0.8172500272598409,1.0,1.0,0.8221518987341773,0.9912862987332857,0.0,0.7454554421491397,1327-1869,1.0,0.7146353172632677,0.8221518987341773,0.6774193548387096
4.470387419773126,0.8940774839546253,1.0,1.0,0.0,0.28218755357449,0.9466643800377293,0.859405625893945,1.0,1.0,0.7760631001371742,1.0,0.0,11.367296503609358,167,"= Harold Innis = Harold Adams Innis ( / <unk> / ; November 5 , 1894 – November 8 , 1952 ) was a Canadian professor of political economy at the University of Toronto and the author of seminal works on media , communicatio",0.6827772524121547,0.7627926716286731,2.461092744533342,True,True,37754.0,0.22393689986282583,train,0.03514859352651375,5833.0,0.28218755357449,8.721478723489053,0.05333561996227065,0.8940774839546253,1.0,1.0,0.0,0.28218755357449,0.9466643800377293,0.859405625893945,1.0,1.0,0.7760631001371742,1.0,0.0,0.7289988239195148,4487-1000000000,1.0,0.6850463003533798,0.7760631001371742,0.6590090862334991
4.526616724632996,0.9053233449265992,1.0,0.9998073959938367,0.0,0.3791157102539981,0.9566446748350612,0.8688235294117648,1.0,1.0,0.8248587570621468,0.954680210149517,0.0,10.328060875115302,168,= Hurricane Lorenzo ( 2007 ) = Hurricane Lorenzo was a rapidly developing tropical cyclone that struck the Mexican state of Veracruz in late September 2007 . The twelfth named storm and fifth hurricane of the 2007 Atlant,0.6985543866248483,0.7865023633894948,2.8954741274901625,True,True,6800.0,0.17514124293785316,train,0.03279411764705882,1063.0,0.3791157102539981,7.637441681196136,0.043355325164938785,0.9053233449265992,1.0,0.9998073959938367,0.0,0.3791157102539981,0.9566446748350612,0.8688235294117648,1.0,1.0,0.8248587570621468,0.954680210149517,0.0,0.7439845094203371,0-1327,0.9957297739212094,0.7054412348110473,0.8248587570621468,0.7224835371589841
4.509360332576146,0.9018720665152292,1.0,1.0,0.0,0.4022082018927445,0.9256329113924051,0.7208364827412446,1.0,1.0,0.8230647709320695,0.8930660918935495,0.0,12.840397638092197,169,"= Cadmium = Cadmium is a chemical element with symbol Cd and atomic number 48 . This soft , bluish @-@ white metal is chemically similar to the two other stable metals in group 12 , zinc and mercury . Like zinc , it demo",0.677039463088587,0.7633939703358098,2.8735880559350804,True,True,3969.0,0.17693522906793047,train,0.06979087931468884,634.0,0.4022082018927445,7.144528735148396,0.07436708860759489,0.9018720665152292,1.0,1.0,0.0,0.4022082018927445,0.9256329113924051,0.7208364827412446,1.0,1.0,0.8230647709320695,0.8930660918935495,0.0,0.7303414863286458,0-1327,0.9775316271403253,0.6889893166108965,0.8230647709320695,0.6577287066246057
4.550586100950083,0.9101172201900166,1.0,1.0,0.0,0.32974661575841724,0.9534560611323376,0.77720151269584,1.0,1.0,0.7965277777777777,1.0,0.0,13.393964705774213,170,"= 14 @.@ 1 years ) , <unk> ( t1 / 2 = 44 @.@ 6 days ) , and <unk> ( t1 / 2 = 3 @.@ 36 hours ) . The known isotopes of cadmium range in atomic mass from 94 @.@ 950 u ( <unk> ) to 131 @.@ <unk> u ( <unk> ) . For isotopes l",0.6842864817232369,0.7612187600177053,2.6957834304204944,True,False,18510.0,0.20347222222222228,train,0.05569962182603998,2881.0,0.32974661575841724,8.175317961096257,0.04654393886766239,0.9101172201900166,1.0,1.0,0.0,0.32974661575841724,0.9534560611323376,0.77720151269584,1.0,1.0,0.7965277777777777,1.0,0.0,0.7369766204965584,1869-2952,1.0,0.7009249641878835,0.7965277777777777,0.610204790003471
4.543243420379869,0.9086486840759738,1.0,1.0,0.0,0.1938032532920217,0.9008213234154657,0.8678913619370652,1.0,1.0,0.6678029129222188,1.0,0.0,9.207467270837842,171,"= First Battle of Maryang San = The First Battle of Maryang San ( 3 – 8 October 1951 ) , also known as the Defensive Battle of <unk> ( Chinese : <unk> ; pinyin : <unk> <unk> <unk> <unk> ) , was fought during the Korean W",0.6570722866856541,0.7602689571873039,1.6297885495412634,False,True,40391.0,0.3321970870777812,train,0.033027159515733706,6455.0,0.1938032532920217,8.40950046945552,0.09917867658453428,0.9086486840759738,1.0,1.0,0.0,0.1938032532920217,0.9008213234154657,0.8678913619370652,1.0,1.0,0.6678029129222188,1.0,0.0,0.7066860666185089,4487-1000000000,1.0,0.6517938466322598,0.6678029129222188,0.7710302091402014
4.485594456284164,0.8971188912568329,1.0,1.0,0.0,0.31799410029498526,0.9589728453364817,0.7951123411041794,1.0,1.0,0.8034818530539982,1.0,0.0,12.398981398489013,172,"= Ulysses ( poem ) = "" Ulysses "" is a poem in blank verse by the Victorian poet Alfred , Lord Tennyson ( 1809 – 1892 ) , written in 1833 and published in 1842 in his well @-@ received second volume of poetry . An oft @-@",0.6850739374451711,0.7652590956108816,2.6423540206796035,True,True,21319.0,0.19651814694600178,train,0.05122191472395516,3390.0,0.31799410029498526,8.309443534419161,0.04102715466351825,0.8971188912568329,1.0,1.0,0.0,0.31799410029498526,0.9589728453364817,0.7951123411041794,1.0,1.0,0.8034818530539982,1.0,0.0,0.7350214048357379,2952-4487,1.0,0.6970092274916153,0.8034818530539982,0.6371681415929203
4.576528466638037,0.9153056933276075,1.0,1.0,0.0,0.37037037037037035,0.9284452296819788,0.7999713425992263,1.0,1.0,0.7899382171226832,0.9481749251890679,0.0,9.680947376045514,173,"= The Food Album = The Food Album is a compilation album by American singer @-@ songwriter "" Weird Al "" Yankovic , released on June 22 , 1993 by Scotti Brothers Records . The release features ten of Yankovic 's song paro",0.6836277814683597,0.788901629600167,2.809407185745386,True,True,6979.0,0.2100617828773168,train,0.05000716435019344,1134.0,0.37037037037037035,7.585399401512543,0.07155477031802115,0.9153056933276075,1.0,1.0,0.0,0.37037037037037035,0.9284452296819788,0.7999713425992263,1.0,1.0,0.7899382171226832,0.9481749251890679,0.0,0.7358185798103215,0-1327,0.9980072411868616,0.6975456137950202,0.7899382171226832,0.7742504409171076
4.471752772329134,0.8943505544658269,1.0,1.0,0.0,0.33875338753387535,0.9140271493212669,0.8267599345140646,1.0,1.0,0.7477396021699819,0.8871513470740884,0.0,10.247714433256968,174,"= Patriarchal Cathedral of the Holy Ascension of God = The Patriarchal Cathedral of the Holy Ascension of God ( Bulgarian : <unk> <unk> „ <unk> <unk> <unk> “ , <unk> <unk> „ <unk> <unk> <unk> “ ) is a former Eastern Orth",0.6689462843178858,0.7654689731688389,2.404204192612706,False,True,6719.0,0.2522603978300181,train,0.04331001637148385,1107.0,0.33875338753387535,7.097210776592707,0.08597285067873306,0.8943505544658269,1.0,1.0,0.0,0.33875338753387535,0.9140271493212669,0.8267599345140646,1.0,1.0,0.7477396021699819,0.8871513470740884,0.0,0.7167798080136534,0-1327,0.997158405733712,0.6648660876588176,0.7477396021699819,0.7335140018066847
4.543572667779778,0.9087145335559557,1.0,1.0,0.0,0.23210536361901127,0.9033797975940424,0.8099233972219573,1.0,1.0,0.710385643375334,1.0,0.0,9.402350999299257,175,"= Daydream ( Mariah Carey album ) = Daydream is the fifth studio album by American singer and songwriter Mariah Carey , released on October 3 , 1995 , by Columbia Records . The follow @-@ up to her internationally succes",0.6609820845284592,0.766194923864446,1.962849135035834,False,True,31461.0,0.28961435662466595,train,0.04751915069451067,5239.0,0.23210536361901127,8.456715969122314,0.09662020240595759,0.9087145335559557,1.0,1.0,0.0,0.23210536361901127,0.9033797975940424,0.8099233972219573,1.0,1.0,0.710385643375334,1.0,0.0,0.7135391063391759,4487-1000000000,1.0,0.6647958940743408,0.710385643375334,0.7589234586753197
4.412485974502855,0.8824971949005709,1.0,1.0,0.0,0.23692532230600827,0.8951082988561694,0.8873032699991845,1.0,1.0,0.713625304136253,1.0,0.0,11.093852441622202,176,"= Leg before wicket = Leg before wicket ( lbw ) is one of the ways in which a batsman can be dismissed in the sport of cricket . Following an appeal by the fielding side , the umpire may rule a batsman out lbw if the bal",0.6662803042284757,0.7518015302380493,1.921792768117835,False,False,24526.0,0.286374695863747,train,0.028174182500203867,4111.0,0.23692532230600827,8.111386108554846,0.10489170114383062,0.8824971949005709,1.0,1.0,0.0,0.23692532230600827,0.8951082988561694,0.8873032699991845,1.0,1.0,0.713625304136253,1.0,0.0,0.7137565222148092,2952-4487,1.0,0.6661095916839067,0.713625304136253,0.6759912430065678
4.672758437804819,0.9345516875609639,1.0,1.0,0.0,0.3645887899423782,0.9171473518615627,0.768213593868441,1.0,1.0,0.790356394129979,1.0,0.0,10.259293702337775,177,"= The Family Jewels ( Marina and the Diamonds album ) = The Family Jewels is the debut studio album recorded by Welsh singer Marina Diamandis , professionally known as Marina and the Diamonds . It was released on 15 Febr",0.6848943607757467,0.7843467387165866,2.963219864391098,True,True,11873.0,0.20964360587002095,train,0.05794660153288975,1909.0,0.3645887899423782,8.127567128049721,0.08285264813843729,0.9345516875609639,1.0,1.0,0.0,0.3645887899423782,0.9171473518615627,0.768213593868441,1.0,1.0,0.790356394129979,1.0,0.0,0.7426472837562496,1869-2952,1.0,0.7124708393637192,0.790356394129979,0.7192247249869042
4.555580499220942,0.9111160998441884,1.0,1.0,0.0,0.18401312705110173,0.8599906191369606,0.8360523989391626,1.0,1.0,0.6349355216881595,0.9873637356559135,0.0,10.180602040804843,178,= 1981 Peach Bowl ( January ) = The 1981 Peach Bowl was a post @-@ season American college football bowl game between the Virginia Tech Hokies and the Hurricanes from the University of Miami at Fulton County Stadium in A,0.6435183073153827,0.7400873004427447,1.4535031082792162,False,False,24886.0,0.3650644783118405,train,0.040986900265209354,4266.0,0.18401312705110173,7.898909885247308,0.14000938086303938,0.9111160998441884,1.0,1.0,0.0,0.18401312705110173,0.8599906191369606,0.8360523989391626,1.0,1.0,0.6349355216881595,0.9873637356559135,0.0,0.6974575186219609,2952-4487,1.0,0.6415729749877342,0.6349355216881595,0.7030004688232536
4.463120442171275,0.8926240884342549,1.0,1.0,0.0,0.2633599055211101,0.9276218611521418,0.8482197355035606,1.0,1.0,0.7327229769639693,0.9965288762125903,0.0,11.085439536851359,179,"= The Magdalen Reading = The Magdalen Reading is one of three surviving fragments of a large mid @-@ 15th @-@ century oil on panel altarpiece by the Early Netherlandish painter Rogier van der Weyden . The panel , origina",0.6715906695545204,0.7568640224785602,2.0995660055072465,False,True,19660.0,0.26727702303603074,train,0.03794506612410987,3387.0,0.2633599055211101,7.972231009700723,0.07237813884785815,0.8926240884342549,1.0,1.0,0.0,0.2633599055211101,0.9276218611521418,0.8482197355035606,1.0,1.0,0.7327229769639693,0.9965288762125903,0.0,0.7204776430084447,2952-4487,1.0,0.6752110169376475,0.7327229769639693,0.6728668438145852
4.612241647042432,0.9224483294084864,1.0,1.0,0.0,0.37630662020905925,0.9589877835951134,0.7634699084496472,1.0,1.0,0.8273757628596339,0.9670825839773853,0.0,11.134725151744664,180,"= Rosemary 's Baby ( 30 Rock ) = "" Rosemary 's Baby "" is the fourth episode of the second season of 30 Rock , and the twenty @-@ fifth episode overall . It was written by Jack Burditt and was directed by Michael Engler .",0.6908640000573202,0.7832768565276399,2.9113566291165887,True,True,6663.0,0.17262423714036612,train,0.059132522887588176,1148.0,0.37630662020905925,7.736660671819083,0.041012216404886614,0.9224483294084864,1.0,1.0,0.0,0.37630662020905925,0.9589877835951134,0.7634699084496472,1.0,1.0,0.8273757628596339,0.9670825839773853,0.0,0.7434415356503227,0-1327,0.9984394617425044,0.7075680688717725,0.8273757628596339,0.7003484320557491
4.6015215956071644,0.9203043191214328,1.0,1.0,0.0,0.3148772267693789,0.9142168674698795,0.7822432151148827,1.0,1.0,0.7620423892100193,0.9998433451566597,0.0,10.325200454919733,181,"= Polka Party ! = Polka Party ! is the fourth studio album by "" Weird Al "" Yankovic , released in 1986 . The album is the fourth of Yankovic 's to be produced by former The <unk> guitarist Rick <unk> . Recorded between A",0.6757317765891762,0.779198793077901,2.5186231978139832,True,True,12491.0,0.23795761078998068,train,0.05443919622127932,2077.0,0.3148772267693789,7.998746761253278,0.08578313253012049,0.9203043191214328,1.0,1.0,0.0,0.3148772267693789,0.9142168674698795,0.7822432151148827,1.0,1.0,0.7620423892100193,0.9998433451566597,0.0,0.7312757979577098,1869-2952,1.0,0.6943180419603646,0.7620423892100193,0.7438613384689456
4.517398239403102,0.9034796478806204,1.0,1.0,0.0,0.3080622347949081,0.9445230682139825,0.8046140439389075,1.0,1.0,0.7821165817770233,1.0,0.0,11.225123522726948,182,"= Trees ( poem ) = "" Trees "" is a lyric poem by American poet Joyce Kilmer . Written in February 1913 , it was first published in Poetry : A Magazine of Verse that August and included in Kilmer 's 1914 collection Trees a",0.6813704644018926,0.7665654967005054,2.563436383360139,True,True,21803.0,0.21788341822297674,train,0.04884648901527313,3535.0,0.3080622347949081,8.321164017610736,0.055476931786017536,0.9034796478806204,1.0,1.0,0.0,0.3080622347949081,0.9445230682139825,0.8046140439389075,1.0,1.0,0.7821165817770233,1.0,0.0,0.7322613292784949,2952-4487,1.0,0.6931462233379745,0.7821165817770233,0.6633663366336634
4.528176019163044,0.9056352038326088,1.0,1.0,0.0,0.3548387096774194,0.961218836565097,0.7933860111208663,1.0,1.0,0.816420664206642,0.9263907710391415,0.0,11.442050332190986,183,= Zygoballus sexpunctatus = Zygoballus sexpunctatus is a species of jumping spider which occurs in the southeastern United States where it can be found in a variety of grassy habitats . Adult spiders measure between 3 an,0.6854630858669325,0.7673949450536514,2.629754446820789,True,True,6834.0,0.18357933579335795,train,0.051653497219783434,1085.0,0.3548387096774194,7.411126168313132,0.03878116343490301,0.9056352038326088,1.0,1.0,0.0,0.3548387096774194,0.961218836565097,0.7933860111208663,1.0,1.0,0.816420664206642,0.9263907710391415,0.0,0.7328441047996697,0-1327,0.9964513255664074,0.6867294225789751,0.816420664206642,0.6599078341013825
4.567110128413028,0.9134220256826057,1.0,1.0,0.0,0.17979681809469045,0.8483221476510067,0.8340830907647526,1.0,1.0,0.6173312883435583,0.9981217418057069,0.0,10.41765390305283,184,"= 1986 Peach Bowl = The 1986 Peach Bowl was a post @-@ season American college football bowl game at Fulton County Stadium in Atlanta , Georgia between the Virginia Tech Hokies and the North Carolina State Wolfpack from ",0.6404747092330864,0.7402626583378921,1.43567290598237,False,False,30232.0,0.3826687116564417,train,0.04147922730881185,5217.0,0.17979681809469045,7.984973934445655,0.15167785234899334,0.9134220256826057,1.0,1.0,0.0,0.17979681809469045,0.8483221476510067,0.8340830907647526,1.0,1.0,0.6173312883435583,0.9981217418057069,0.0,0.6964589323759852,4487-1000000000,1.0,0.6427091061630918,0.6173312883435583,0.7132451600536707
4.542773859687539,0.9085547719375079,1.0,1.0,0.0,0.375,0.8991130820399114,0.8017686072218129,1.0,1.0,0.7729789590254706,0.9049937776506507,0.0,10.19684135395727,185,"= Greens Ledge Light = Greens Ledge Lighthouse is a <unk> lighthouse in Connecticut , United States , off the southwest end of the Norwalk Islands , Long Island Sound , near Norwalk , Connecticut . It is on north side of",0.6748269520462107,0.7731474111548009,2.714981332951952,False,True,5428.0,0.22702104097452935,train,0.0495578481945468,904.0,0.375,7.239950221205206,0.10088691796008864,0.9085547719375079,1.0,1.0,0.0,0.375,0.8991130820399114,0.8017686072218129,1.0,1.0,0.7729789590254706,0.9049937776506507,0.0,0.7267198464532327,0-1327,0.9900233226243085,0.683358367639279,0.7729789590254706,0.7345132743362832
4.469372329827658,0.8938744659655317,1.0,0.9981248124812481,0.0,0.29848110208406925,0.952633439377872,0.8874883286647992,1.0,1.0,0.7897526501766784,1.0,0.0,10.94153037684974,186,= Action of 13 September 1810 = The Action of 13 September 1810 was an inconclusive frigate engagement during the Napoleonic Wars between British Royal Navy and French Navy frigates during which a British frigate was def,0.6895758316386559,0.7748272612534113,2.443243327686065,True,True,17136.0,0.2102473498233216,train,0.028127917833800187,2831.0,0.29848110208406925,8.185588000803845,0.04736656062212796,0.8938744659655317,1.0,0.9981248124812481,0.0,0.29848110208406925,0.952633439377872,0.8874883286647992,1.0,1.0,0.7897526501766784,1.0,0.0,0.733895714643555,1869-2952,1.0,0.6915681328427948,0.7897526501766784,0.7032850582832921
4.582709919211112,0.9165419838422224,1.0,1.0,0.0,0.33104631217838765,0.9122203098106713,0.835780641294576,1.0,1.0,0.7491408934707904,0.8409834290109048,0.0,9.045469195919608,187,= M @-@ 114 ( Michigan highway ) = M @-@ 114 was the designation of a former state trunkline highway and planned <unk> in the US state of Michigan around the city of Grand Rapids . It was designated by the end of 1929 on,0.6675774644741437,0.7670064225344335,2.227235702217559,False,True,3337.0,0.2508591065292096,train,0.04105483967635601,583.0,0.33104631217838765,6.727867432087239,0.08777969018932874,0.9165419838422224,1.0,1.0,0.0,0.33104631217838765,0.9122203098106713,0.835780641294576,1.0,1.0,0.7491408934707904,0.8409834290109048,0.0,0.7127004584721855,0-1327,0.9745798191860144,0.6493576645334159,0.7491408934707904,0.7855917667238422
4.562259425403559,0.9124518850807117,1.0,0.9998819919754544,0.0,0.31899641577060933,0.9574577139928242,0.8249252944278432,1.0,1.0,0.798155737704918,0.9811681860325931,0.0,10.54214925121787,188,"= Jane Dudley , Duchess of Northumberland = Jane Dudley ( née Guildford ) , Duchess of Northumberland ( <unk> / <unk> – 1555 ) was an English <unk> , the wife of John Dudley , 1st Duke of Northumberland and mother of Gui",0.6873760930099259,0.7733274729551872,2.503913076900381,True,True,11378.0,0.201844262295082,train,0.0437686763930392,1953.0,0.31899641577060933,7.849345488260745,0.0425422860071758,0.9124518850807117,1.0,0.9998819919754544,0.0,0.31899641577060933,0.9574577139928242,0.8249252944278432,1.0,1.0,0.798155737704918,0.9811681860325931,0.0,0.7354587404685689,1869-2952,1.0,0.692770520685085,0.798155737704918,0.6866359447004609
4.498861420973039,0.8997722841946079,1.0,0.9999593892137751,0.0,0.24793388429752067,0.9367995590666912,0.8470743456782548,1.0,1.0,0.7229977957384276,1.0,0.0,10.821134524156587,189,"= Elgin Cathedral = Elgin Cathedral is a historic ruin in Elgin , Moray , north @-@ east Scotland . The cathedral — dedicated to the Holy Trinity — was established in 1224 on land granted by King Alexander II outside the",0.6705559979741502,0.7605882908820693,2.0467417033641273,False,True,32591.0,0.2770022042615724,train,0.038231413580436316,5445.0,0.24793388429752067,8.25519153690198,0.06320044093330879,0.8997722841946079,1.0,0.9999593892137751,0.0,0.24793388429752067,0.9367995590666912,0.8470743456782548,1.0,1.0,0.7229977957384276,1.0,0.0,0.7193045122951998,4487-1000000000,1.0,0.6716357272219801,0.7229977957384276,0.7033976124885216
4.506070895018525,0.901214179003705,1.0,1.0,0.0,0.3293954134815844,0.9380654140570633,0.8274799753542822,1.0,1.0,0.7649513212795549,0.9214470344566116,0.0,10.142786317827964,190,"= St Mary 's Church , <unk> Alderley = St Mary 's Church is an Anglican church at the end of a lane to the south of the village of <unk> Alderley , Cheshire , England . It dates from the 14th century , with later additio",0.6763009517474843,0.7682081125561464,2.4281634153297227,True,True,8115.0,0.2350486787204451,train,0.04313000616142945,1439.0,0.3293954134815844,7.371576275652893,0.06193458594293666,0.901214179003705,1.0,1.0,0.0,0.3293954134815844,0.9380654140570633,0.8274799753542822,1.0,1.0,0.7649513212795549,0.9214470344566116,0.0,0.7237616796984653,1327-1869,1.0,0.6745914518337817,0.7649513212795549,0.7143849895760945
4.474351268156227,0.8948702536312455,1.0,0.999900269272963,0.0,0.34617127322156777,0.9229024943310657,0.8030042597713175,1.0,1.0,0.7824116047144152,1.0,0.0,12.939825256496107,191,"= Tawny nurse shark = The tawny nurse shark ( Nebrius <unk> ) is a species of carpet shark in the family <unk> , and the only extant member of the genus Nebrius . It is found widely along <unk> in the Indo @-@ Pacific , ",0.6820421995484703,0.7660463513323181,2.7968456605170875,True,True,13381.0,0.21758839528558482,train,0.049248935057170616,2207.0,0.34617127322156777,8.079369597854988,0.07709750566893425,0.8948702536312455,1.0,0.999900269272963,0.0,0.34617127322156777,0.9229024943310657,0.8030042597713175,1.0,1.0,0.7824116047144152,1.0,0.0,0.7355970376834828,1869-2952,1.0,0.7043413371471333,0.7824116047144152,0.6438604440416855
4.653676995723389,0.9307353991446778,1.0,1.0,0.0,0.41133004926108374,0.9407407407407408,0.7812435017675192,1.0,1.0,0.8187422934648582,0.9104114291752928,0.0,9.009531859307055,192,"= California State Route 243 = State Route 243 ( SR 243 ) , or the Banning @-@ Idyllwild <unk> Highway , is a 30 @-@ mile ( 50 kilometer ) two @-@ lane highway that runs from Banning , California ( in the north ) to Idyl",0.689463654669242,0.7954607618879407,2.9958366240842147,True,True,4809.0,0.18125770653514184,train,0.054689124558120195,812.0,0.41133004926108374,7.283291433402343,0.059259259259259234,0.9307353991446778,1.0,1.0,0.0,0.41133004926108374,0.9407407407407408,0.7812435017675192,1.0,1.0,0.8187422934648582,0.9104114291752928,0.0,0.7412168673079106,0-1327,0.9862437006561127,0.7010438032630494,0.8187422934648582,0.7943349753694581
4.629945285767505,0.925989057153501,1.0,1.0,0.0,0.3276143790849673,0.9525368248772504,0.8001607286364854,1.0,1.0,0.8119378577269011,0.9375880544504107,0.0,10.5493695357306,193,"= The Amps = The Amps were an American alternative @-@ indie rock group . Formed by Kim Deal in 1995 after her band the Breeders went on hiatus , the group consisted of Deal , vocals and guitars ; Luis Lerma , bass ; Nat",0.6848868008528065,0.7754639389475751,2.4573386263700305,True,True,7466.0,0.18806214227309892,train,0.04995981784087865,1224.0,0.3276143790849673,7.500704435603286,0.04746317512274956,0.925989057153501,1.0,1.0,0.0,0.3276143790849673,0.9525368248772504,0.8001607286364854,1.0,1.0,0.8119378577269011,0.9375880544504107,0.0,0.7323956815902333,0-1327,1.0,0.6824984491789612,0.8119378577269011,0.7075163398692811
4.555514127084367,0.9111028254168734,1.0,1.0,0.0,0.25532460867333845,0.9250320924261874,0.8323651452282158,1.0,1.0,0.7351129363449692,1.0,0.0,11.873168978427634,194,"= Exploration of Jupiter = The exploration of Jupiter has been conducted via close observations by automated spacecraft . It began with the arrival of Pioneer 10 into the Jovian system in 1973 , and , as of 2016 , has co",0.6713746417339872,0.7518925146356681,2.118183907836722,False,False,24100.0,0.2648870636550308,train,0.041908713692946055,3897.0,0.25532460867333845,8.296042903356488,0.07496790757381255,0.9111028254168734,1.0,1.0,0.0,0.25532460867333845,0.9250320924261874,0.8323651452282158,1.0,1.0,0.7351129363449692,1.0,0.0,0.7215944868634119,2952-4487,1.0,0.6746283956000405,0.7351129363449692,0.6420323325635104
4.525372654096234,0.9050745308192468,1.0,1.0,0.0,0.2279837775202781,0.9219066937119675,0.8688351310447546,1.0,1.0,0.717948717948718,1.0,0.0,9.681171136998811,195,"= Fort Glanville Conservation Park = Fort Glanville Conservation Park is a protected area located in the Australian state of South Australia located in Semaphore Park , a seaside suburb of Adelaide consisting of a functi",0.6690952516764878,0.765487761170095,1.9600586304238308,False,True,41627.0,0.28205128205128205,train,0.03279121723881135,6904.0,0.2279837775202781,8.597360091770094,0.07809330628803246,0.9050745308192468,1.0,1.0,0.0,0.2279837775202781,0.9219066937119675,0.8688351310447546,1.0,1.0,0.717948717948718,1.0,0.0,0.7166150552240937,4487-1000000000,1.0,0.6653034719921164,0.717948717948718,0.7440614136732329
4.41850972495677,0.8837019449913541,1.0,1.0,0.0,0.26200115673799884,0.9056712962962963,0.8688277421786657,1.0,1.0,0.7061035579982644,0.9807792487238784,0.0,10.422474124319445,196,"= Royal prerogative in the United Kingdom = The royal prerogative is a body of customary authority , privilege , and immunity , recognised in the United Kingdom as the sole prerogative of the Sovereign and the source of ",0.6655877718960368,0.7556530710727125,2.055722381362253,False,True,21224.0,0.2938964420017356,train,0.03279306445533359,3458.0,0.26200115673799884,7.846233989791028,0.09432870370370372,0.8837019449913541,1.0,1.0,0.0,0.26200115673799884,0.9056712962962963,0.8688277421786657,1.0,1.0,0.7061035579982644,0.9807792487238784,0.0,0.7144144421169187,2952-4487,1.0,0.6679023224239287,0.7061035579982644,0.6978021978021978
4.656742200062158,0.9313484400124317,1.0,1.0,0.0,0.3437110834371108,0.787765293383271,0.7803794913201454,1.0,1.0,0.6845386533665836,0.8945500134569799,0.0,10.583575083453296,197,"= Mount Jackson ( Antarctica ) = Mount Jackson ( Mount Andrew Jackson and Mount Ernest Gruening ) is a mountain that dominates the upland of the southern part of the Antarctic Peninsula . It is located in Palmer Land , w",0.6478310783974593,0.7492730574362891,2.459734034511845,False,False,4954.0,0.3154613466334164,train,0.054905127169963666,803.0,0.3437110834371108,7.1564001076558394,0.21223470661672905,0.9313484400124317,1.0,1.0,0.0,0.3437110834371108,0.787765293383271,0.7803794913201454,1.0,1.0,0.6845386533665836,0.8945500134569799,0.0,0.7092160439996706,0-1327,0.9858512319656287,0.6641732962233581,0.6845386533665836,0.701120797011208
4.624764954038264,0.9249529908076528,1.0,1.0,0.0,0.38717067583046966,0.9402985074626866,0.7697228144989339,1.0,1.0,0.805045871559633,0.9198189406061493,0.0,9.817419664782832,198,"= Italian cruiser Aretusa = Aretusa was a torpedo cruiser of the <unk> class built for the Italian Regia Marina ( Royal Navy ) in the 1880s . <unk> down in June 1889 at the <unk> <unk> <unk> Orlando shipyard , she was la",0.6841387524604271,0.7825870326387142,2.8490153670091956,True,True,5159.0,0.19495412844036697,train,0.057569296375266525,873.0,0.38717067583046966,7.358551524849195,0.05970149253731338,0.9249529908076528,1.0,1.0,0.0,0.38717067583046966,0.9402985074626866,0.7697228144989339,1.0,1.0,0.805045871559633,0.9198189406061493,0.0,0.7364234148405082,0-1327,0.9887944758007365,0.6949591115294088,0.805045871559633,0.7422680412371134
4.610298394298119,0.9220596788596238,1.0,1.0,0.0,0.2725988700564972,0.9279253815715093,0.8185898634748457,1.0,1.0,0.7420175190731845,1.0,0.0,9.263275334331952,199,"= M @-@ 6 ( Michigan highway ) = M @-@ 6 , or the Paul B. Henry Freeway , is a 19 @.@ 696 @-@ mile ( 31 @.@ <unk> km ) freeway and state trunkline highway in the United States that serves portions of southern Kent and ea",0.674060874363022,0.7763563511962698,2.2225840763554157,False,True,21388.0,0.2579824809268155,train,0.04535253413128857,3540.0,0.2725988700564972,8.153313606526602,0.07207461842849072,0.9220596788596238,1.0,1.0,0.0,0.2725988700564972,0.9279253815715093,0.8185898634748457,1.0,1.0,0.7420175190731845,1.0,0.0,0.725865975921405,2952-4487,1.0,0.6810827054748267,0.7420175190731845,0.7598870056497176
4.493229670220913,0.8986459340441826,1.0,0.9996536196744025,0.0,0.3739061256961018,0.9426294820717132,0.8101694915254237,1.0,1.0,0.8280254777070064,0.9796092236578134,0.0,11.296952196627364,200,"= Hi , Infidelity = "" Hi , Infidelity "" is the sixth episode of the third season of the American mystery television series Veronica Mars , and the fiftieth episode overall . Written by John Enbom and directed by Michael ",0.6923703129647818,0.7797614797936533,2.930255116112473,True,True,7670.0,0.1719745222929936,train,0.04745762711864407,1257.0,0.3739061256961018,7.8368737892625076,0.057370517928286846,0.8986459340441826,1.0,0.9996536196744025,0.0,0.3739061256961018,0.9426294820717132,0.8101694915254237,1.0,1.0,0.8280254777070064,0.9796092236578134,0.0,0.7425617038747587,0-1327,1.0,0.7096596892758582,0.8280254777070064,0.6793953858392999
4.615464313608088,0.9230928627216176,1.0,1.0,0.0,0.2847493778883754,0.935610103166133,0.7436373003606389,1.0,1.0,0.7720483641536273,1.0,0.0,12.305763598530781,201,"= Ceratopsia = Ceratopsia or <unk> ( / <unk> / or / <unk> / ; Greek : "" horned faces "" ) is a group of herbivorous , <unk> dinosaurs that <unk> in what are now North America , Europe , and Asia , during the Cretaceous Pe",0.6725257670955592,0.763155989033839,2.310832532705782,False,True,19410.0,0.22795163584637268,train,0.06409067490984029,2813.0,0.2847493778883754,8.115320742198957,0.06438989683386698,0.9230928627216176,1.0,1.0,0.0,0.2847493778883754,0.935610103166133,0.7436373003606389,1.0,1.0,0.7720483641536273,1.0,0.0,0.7274433086058583,1869-2952,1.0,0.684908998775023,0.7720483641536273,0.6665481692143619
4.573680443766212,0.9147360887532423,1.0,1.0,0.0,0.36418732782369145,0.9305019305019305,0.8258465791292329,1.0,1.0,0.7943770672546858,1.0,0.0,10.517599200816623,202,"= Truth in Numbers ? = Truth in Numbers ? Everything , According to Wikipedia is a 2010 American documentary film that explores the history and cultural implications of the online , user @-@ <unk> <unk> Wikipedia . The f",0.6906083789427743,0.7811394303865009,2.9161924470915945,True,True,11576.0,0.20562293274531418,train,0.043538355217691775,1815.0,0.36418732782369145,8.007396810092654,0.06949806949806947,0.9147360887532423,1.0,1.0,0.0,0.36418732782369145,0.9305019305019305,0.8258465791292329,1.0,1.0,0.7943770672546858,1.0,0.0,0.7434469173959845,1327-1869,1.0,0.7127702906539152,0.7943770672546858,0.6975206611570248
4.4798001953651685,0.8959600390730337,1.0,1.0,0.0,0.35424354243542433,0.8833333333333333,0.8621951219512195,1.0,1.0,0.7060998151571165,0.7907819299827787,0.0,8.265984554263952,203,"= Hope Highway = The Hope Highway , also known as the Hope Road <unk> , is a Forest Highway located in the Kenai Peninsula Borough , in the U.S. state of Alaska . The highway connects the city of Hope to the Seward Highw",0.6577844224983147,0.7583114137487977,2.24103513736817,False,True,3280.0,0.2939001848428835,train,0.034451219512195125,542.0,0.35424354243542433,6.32625543986223,0.1166666666666667,0.8959600390730337,1.0,1.0,0.0,0.35424354243542433,0.8833333333333333,0.8621951219512195,1.0,1.0,0.7060998151571165,0.7907819299827787,0.0,0.7026791670789242,0-1327,0.9720134467203956,0.637595951644013,0.7060998151571165,0.7915129151291513
4.566684103466621,0.9133368206933241,1.0,0.9995120165914358,0.0,0.2974330357142857,0.8754189944134079,0.8187833118911965,1.0,1.0,0.7141261864879955,0.9460197186847622,0.0,9.949176469563477,204,"= Super Mario Land = Super Mario Land is a 1989 side @-@ scrolling platform video game , the first in the Super Mario Land series , developed and published by Nintendo as a launch title for their Game Boy handheld game c",0.6622255501743288,0.7527239710429785,2.251020134191867,False,False,10882.0,0.28587381351200447,train,0.045304172027200884,1792.0,0.2974330357142857,7.568157749478098,0.12458100558659213,0.9133368206933241,1.0,0.9995120165914358,0.0,0.2974330357142857,0.8754189944134079,0.8187833118911965,1.0,1.0,0.7141261864879955,0.9460197186847622,0.0,0.7157831510320133,1327-1869,1.0,0.6687547641157686,0.7141261864879955,0.6741071428571429
4.6355749771277015,0.9271149954255403,1.0,0.9930058686389581,0.0,0.2620283835237106,0.8586768271562175,0.771147195029017,1.0,1.0,0.6963296398891967,1.0,0.0,11.818995637551554,205,"= Stop ! ! Hibari @-@ kun ! = Stop ! ! Hibari @-@ kun ! ( ストップ ! ! <unk> ! , <unk> ! ! Hibari @-@ kun ! ) is a Japanese manga series written and illustrated by Hisashi Eguchi . It was serialized in Weekly Shōnen Jump fro",0.6550306164324196,0.749373390896765,2.0974746273983027,False,False,17059.0,0.3036703601108033,train,0.057213201242745766,2889.0,0.2620283835237106,8.004761160572915,0.14132317284378249,0.9271149954255403,1.0,0.9930058686389581,0.0,0.2620283835237106,0.8586768271562175,0.771147195029017,1.0,1.0,0.6963296398891967,1.0,0.0,0.7145287331465326,1869-2952,1.0,0.672771462454194,0.6963296398891967,0.6632052613361025
4.517951044654903,0.9035902089309806,1.0,1.0,0.0,0.17573559048770657,0.8819794396291071,0.8610394094339312,1.0,1.0,0.6466794316235009,1.0,0.0,9.978123245494727,206,"= Guitar Hero = The Guitar Hero series ( sometimes referred to as the Hero series ) is a series of music rhythm games first published in 2005 by RedOctane and Harmonix , and distributed by Activision , in which players u",0.6492885622032935,0.745545024526507,1.4933906532568995,False,True,60823.0,0.35332056837649906,train,0.03474014764151719,9924.0,0.17573559048770657,8.497940850299008,0.11802056037089292,0.9035902089309806,1.0,1.0,0.0,0.17573559048770657,0.8819794396291071,0.8610394094339312,1.0,1.0,0.6466794316235009,1.0,0.0,0.7001696750500798,4487-1000000000,1.0,0.6440187351469665,0.6466794316235009,0.7198710197501008
4.42719727086467,0.885439454172934,1.0,1.0,0.0,0.35149863760217986,0.9547190398254228,0.8054352832795947,1.0,1.0,0.806434023991276,0.9789379872053099,0.0,11.593920332077408,207,"= <unk> = The fieldfare ( Turdus <unk> ) is a member of the thrush family <unk> . It breeds in woodland and scrub in northern Europe and Asia . It is strongly migratory , with many northern birds moving south during the ",0.6865925546768405,0.7749793542340451,2.752762950397493,True,True,10855.0,0.19356597600872405,train,0.048641179180101336,1835.0,0.35149863760217986,7.831503897642479,0.04528096017457717,0.885439454172934,1.0,1.0,0.0,0.35149863760217986,0.9547190398254228,0.8054352832795947,1.0,1.0,0.806434023991276,0.9789379872053099,0.0,0.7361122260682783,1327-1869,1.0,0.7006652692360116,0.806434023991276,0.6844686648501362
4.488951608220654,0.8977903216441309,1.0,1.0,0.0,0.3489583333333333,0.9053651266766021,0.8687306501547988,1.0,1.0,0.7527922561429635,0.9266334768442981,0.0,11.04050581596809,208,"= Type 94 Nambu pistol = The Type 94 Nambu 8 mm <unk> ( Type 94 <unk> , Japanese : <unk> <unk> @-@ <unk> <unk> ) is a <unk> pistol developed by <unk> Nambu and his associates for the Imperial Japanese Army . Development ",0.6776307292112405,0.7574716547143676,2.5868517895236653,True,False,8075.0,0.24720774385703648,train,0.03281733746130031,1344.0,0.3489583333333333,7.413067814754385,0.09463487332339793,0.8977903216441309,1.0,1.0,0.0,0.3489583333333333,0.9053651266766021,0.8687306501547988,1.0,1.0,0.7527922561429635,0.9266334768442981,0.0,0.7258835061419807,1327-1869,1.0,0.6818397056153983,0.7527922561429635,0.6495535714285714
4.596712702764196,0.9193425405528393,1.0,0.9999313563975838,0.0,0.31799813490829965,0.9452566096423017,0.7949236525432298,1.0,1.0,0.7680348258706468,1.0,0.0,10.950092258748931,209,"= Jifna = Jifna ( Arabic : <unk> , <unk> ) is a Palestinian village in the Ramallah and al @-@ <unk> <unk> in the central West Bank , Palestine , located 8 kilometers ( 5 @.@ 0 mi ) north of Ramallah and 23 kilometers ( ",0.6812161388527367,0.773594598879135,2.622112772288664,True,True,19778.0,0.23196517412935325,train,0.051269086864192535,3217.0,0.31799813490829965,8.245686010217627,0.05474339035769826,0.9193425405528393,1.0,0.9999313563975838,0.0,0.31799813490829965,0.9452566096423017,0.7949236525432298,1.0,1.0,0.7680348258706468,1.0,0.0,0.7344987292052472,2952-4487,1.0,0.6967488983296986,0.7680348258706468,0.7006527820951197
4.576450454719713,0.9152900909439425,1.0,1.0,0.0,0.3083791208791209,0.8624484181568088,0.7446703024293505,1.0,1.0,0.7237113402061855,0.9359956814977909,0.0,10.79559306207814,210,"= Ha ' K 'in Xook = Ha ' K 'in Xook ( <unk> pronunciation : [ <unk> k ’ in <unk> ] ) , also known as Ruler 6 , was an <unk> of Piedras Negras , an ancient Maya settlement in Guatemala . He ruled during the Late Classic P",0.6551437979464793,0.7576387815798487,2.309132203255539,False,False,8068.0,0.27628865979381445,train,0.06383242439266237,1456.0,0.3083791208791209,7.487965451982327,0.13755158184319116,0.9152900909439425,1.0,1.0,0.0,0.3083791208791209,0.8624484181568088,0.7446703024293505,1.0,1.0,0.7237113402061855,0.9359956814977909,0.0,0.7132075985982222,1327-1869,1.0,0.667697499893339,0.7237113402061855,0.7039835164835165
4.61618244372203,0.923236488744406,1.0,1.0,0.0,0.2479813004674883,0.9285714285714286,0.8455626715462031,1.0,1.0,0.740913921360255,1.0,0.0,10.037810819059196,211,"= Tommy Lawton = Thomas "" Tommy "" Lawton ( 6 October 1919 – 6 November 1996 ) was an English football player and manager . A strong centre @-@ forward with excellent all @-@ round attacking skills , he was able to head w",0.6743408150099853,0.7682419942181609,2.1141145834999695,False,True,27325.0,0.259086078639745,train,0.038609332113449225,4706.0,0.2479813004674883,8.525298397558574,0.0714285714285714,0.923236488744406,1.0,1.0,0.0,0.2479813004674883,0.9285714285714286,0.8455626715462031,1.0,1.0,0.740913921360255,1.0,0.0,0.7233460331478513,4487-1000000000,1.0,0.6736683416907978,0.740913921360255,0.7269443263918403
4.500778099114432,0.9001556198228864,1.0,0.9997422348240753,0.0,0.2768145753746694,0.9097324316377536,0.8286384976525821,1.0,1.0,0.7281011169900059,1.0,0.0,10.249722357246064,212,"= Trials and Tribble @-@ ations = "" Trials and Tribble @-@ ations "" is the <unk> episode of the American science fiction television series Star Trek : Deep Space Nine , the sixth episode of the fifth season . It was writ",0.6695604225460972,0.7666152363527106,2.264116195647259,False,True,20448.0,0.2718988830099941,train,0.04284037558685446,3403.0,0.2768145753746694,8.17917984478516,0.09026756836224636,0.9001556198228864,1.0,0.9997422348240753,0.0,0.2768145753746694,0.9097324316377536,0.8286384976525821,1.0,1.0,0.7281011169900059,1.0,0.0,0.7217631508926187,2952-4487,1.0,0.6800852192899767,0.7281011169900059,0.7223038495445195
4.533957207550124,0.9067914415100248,1.0,0.9965396052987294,0.0,0.3103184713375796,0.938312515931685,0.8328333675775632,1.0,1.0,0.7706422018348624,1.0,0.0,11.770844802978907,213,"= Tintin in the Congo = Tintin in the Congo ( French : Tintin au Congo ; French pronunciation : <unk> [ <unk> ̃ <unk> o <unk> ̃ go ] ) is the second volume of The Adventures of Tintin , the comics series by Belgian carto",0.6824151410664575,0.7642831754080944,2.5930154133361842,True,True,24335.0,0.22935779816513757,train,0.041791658105609204,3925.0,0.3103184713375796,8.355981524913402,0.061687484068315035,0.9067914415100248,1.0,0.9965396052987294,0.0,0.3103184713375796,0.938312515931685,0.8328333675775632,1.0,1.0,0.7706422018348624,1.0,0.0,0.7326581630576492,2952-4487,1.0,0.6939086993632195,0.7706422018348624,0.6542675159235669
4.513462671812086,0.9026925343624171,1.0,1.0,0.0,0.34862932061978547,0.9415274463007159,0.8304850340808061,1.0,1.0,0.8032200357781754,0.9830922270448852,0.0,10.595830040880927,214,= Andrew Johnston ( singer ) = Andrew Johnston ( born 23 September 1994 ) is a British singer who rose to fame when he appeared as a boy soprano on the second series of the UK television talent show Britain 's Got Talent,0.6891830779093123,0.7849550245306856,2.741878201770002,True,True,10123.0,0.19677996422182464,train,0.042378741479798476,1678.0,0.34862932061978547,7.8647378163590815,0.05847255369928406,0.9026925343624171,1.0,1.0,0.0,0.34862932061978547,0.9415274463007159,0.8304850340808061,1.0,1.0,0.8032200357781754,0.9830922270448852,0.0,0.7386323211126974,1327-1869,1.0,0.7022465474725164,0.8032200357781754,0.734207389749702
4.6274608997295985,0.9254921799459197,1.0,1.0,0.0,0.3105572668720246,0.9159428411319698,0.7872885473256481,1.0,1.0,0.7635854341736694,1.0,0.0,10.93444601625309,215,= Illinois ( Sufjan Stevens album ) = Illinois ( styled Sufjan Stevens <unk> You To : Come On Feel the Illinoise on the cover ; sometimes written as Illinoise ) is a 2005 concept album by American indie folk songwriter S,0.6767287652756461,0.7697792699983595,2.615702410209958,True,True,22641.0,0.23641456582633058,train,0.05317786316858796,3571.0,0.3105572668720246,8.422608933146764,0.08405715886803022,0.9254921799459197,1.0,1.0,0.0,0.3105572668720246,0.9159428411319698,0.7872885473256481,1.0,1.0,0.7635854341736694,1.0,0.0,0.7317796343157796,2952-4487,1.0,0.693529133875896,0.7635854341736694,0.6902828339400728
4.566272650451204,0.9132545300902407,1.0,0.9987265202164916,0.0,0.3624113475177305,0.9545454545454546,0.718471046005951,1.0,1.0,0.808374733853797,0.9637114884414772,0.0,11.530040868284457,216,"= Mycena galericulata = Mycena galericulata is a mushroom species commonly known as the common bonnet , the <unk> <unk> , or the <unk> @-@ gill fairy helmet . The type species of the genus Mycena was first described scie",0.6805762537830651,0.7681816673824664,2.7940798331551484,True,True,8738.0,0.191625266146203,train,0.07038223849851225,1410.0,0.3624113475177305,7.709691907531818,0.045454545454545414,0.9132545300902407,1.0,0.9987265202164916,0.0,0.3624113475177305,0.9545454545454546,0.718471046005951,1.0,1.0,0.808374733853797,0.9637114884414772,0.0,0.7358044855637321,1327-1869,1.0,0.699432951771668,0.808374733853797,0.6475177304964539
4.486002843259704,0.8972005686519408,1.0,1.0,0.0,0.3321533923303835,0.9279385705847608,0.819573097060008,1.0,1.0,0.7638724911452184,0.9608228923633346,0.0,9.963280201983912,217,"= Crash Boom Bang ! = For the <unk> album with a similar name , see Crash ! Boom ! Bang ! Crash Boom Bang ! ( known in Japan as Crash Bandicoot Festival ) ( <unk> ・ <unk> <unk> , <unk> <unk> <unk> ) is a party game devel",0.677403896021076,0.7717895229650769,2.5531246650173802,True,True,9932.0,0.23612750885478162,train,0.045106725734997986,1695.0,0.3321533923303835,7.686583138906677,0.07206142941523919,0.8972005686519408,1.0,1.0,0.0,0.3321533923303835,0.9279385705847608,0.819573097060008,1.0,1.0,0.7638724911452184,0.9608228923633346,0.0,0.7279950798110396,1327-1869,1.0,0.6872416110789493,0.7638724911452184,0.7150442477876107
4.585220916499222,0.9170441832998444,1.0,1.0,0.0,0.27692797960484383,0.8989158163265306,0.8199444531782214,1.0,1.0,0.6984379980873446,0.9933041313558914,0.0,10.285649026981655,218,"= Grade I listed buildings in Somerset = The Grade I listed buildings in Somerset , England , demonstrate the history and diversity of its architecture . The ceremonial county of Somerset consists of a non @-@ metropolit",0.6648413403069083,0.764269848411493,2.2005896498362514,False,True,19083.0,0.30156200191265536,train,0.045013886705444636,3138.0,0.27692797960484383,7.946433050847131,0.10108418367346939,0.9170441832998444,1.0,1.0,0.0,0.27692797960484383,0.8989158163265306,0.8199444531782214,1.0,1.0,0.6984379980873446,0.9933041313558914,0.0,0.7199004412849733,2952-4487,1.0,0.6775082483826704,0.6984379980873446,0.7288081580624601
4.6999840317710095,0.9399968063542019,1.0,1.0,0.0,0.34552845528455284,0.9120521172638436,0.7570542831836011,1.0,1.0,0.7794955248169243,0.9628805243325989,0.0,11.433785568262005,219,"= Gertrude Barrows Bennett = Gertrude Barrows Bennett ( 1883 – 1948 ) was the first major female writer of fantasy and science fiction in the United States , publishing her stories under the pseudonym Francis Stevens . B",0.6773755371239061,0.7646262237338513,2.6616209615697852,True,True,7903.0,0.2205044751830757,train,0.06073642920409971,1230.0,0.34552845528455284,7.703044194660791,0.08794788273615639,0.9399968063542019,1.0,1.0,0.0,0.34552845528455284,0.9120521172638436,0.7570542831836011,1.0,1.0,0.7794955248169243,0.9628805243325989,0.0,0.7337662003951111,0-1327,1.0,0.6939853451018435,0.7794955248169243,0.6495934959349593
4.552672045807512,0.9105344091615024,1.0,1.0,0.0,0.27992504099320686,0.9320365596437779,0.7930034865044855,1.0,1.0,0.7490627928772259,1.0,0.0,10.223530415462873,220,"= Man Down ( song ) = "" Man Down "" is a song by Barbadian singer Rihanna from her fifth studio album , Loud ( 2010 ) . Singer Shontelle and production duo Rock City wrote the song with its main producer , Sham . They wro",0.6723756252085068,0.771790889997721,2.3625911379952775,False,True,25527.0,0.2509372071227741,train,0.05174912837387864,4269.0,0.27992504099320686,8.44008499422748,0.06796344035622215,0.9105344091615024,1.0,1.0,0.0,0.27992504099320686,0.9320365596437779,0.7930034865044855,1.0,1.0,0.7490627928772259,1.0,0.0,0.7251114510289374,2952-4487,1.0,0.6825369857627704,0.7490627928772259,0.7320215507144531
4.526830381712239,0.9053660763424478,1.0,1.0,0.0,0.4018619084561676,0.9526029526029526,0.826174581181509,1.0,1.0,0.8291925465838509,0.9879977950348814,0.0,10.37698772709867,221,"= Marauders ( Star Trek : Enterprise ) = "" Marauders "" is the sixth episode of the second season of the American science fiction television series Star Trek : Enterprise , the 32nd episode overall . It first aired on Oct",0.6994238842010192,0.7932108389311437,3.1763094357056234,True,True,7939.0,0.1708074534161491,train,0.04345635470462275,1289.0,0.4018619084561676,7.903982360279051,0.04739704739704742,0.9053660763424478,1.0,1.0,0.0,0.4018619084561676,0.9526029526029526,0.826174581181509,1.0,1.0,0.8291925465838509,0.9879977950348814,0.0,0.7503347246806082,0-1327,1.0,0.7226322882130664,0.8291925465838509,0.7253685027152832
4.530276599203836,0.9060553198407671,1.0,1.0,0.0,0.33774483853890946,0.958664546899841,0.8481953290870489,1.0,1.0,0.8125,0.9965154786927798,0.0,9.941464895020758,222,"= Johnny McNichol = John "" Johnny "" McNichol ( 20 August 1925 – 17 March 2007 ) was a Scottish footballer who played more than 500 games in the Football League in England . An inside forward , he played more than 150 gam",0.6942982058490602,0.7883696095166108,2.6925436756209358,True,True,11304.0,0.1875,train,0.03795116772823779,1889.0,0.33774483853890946,7.972123829542238,0.04133545310015896,0.9060553198407671,1.0,1.0,0.0,0.33774483853890946,0.958664546899841,0.8481953290870489,1.0,1.0,0.8125,0.9965154786927798,0.0,0.7417493020852245,1869-2952,1.0,0.7044397303505345,0.8125,0.7400741132874536
4.666349317365091,0.9332698634730182,1.0,0.9971037388099,0.0,0.3567318757192175,0.8881199538638985,0.7838252203909544,1.0,1.0,0.7569124423963134,0.9257478115244744,0.0,11.312602988862132,223,"= Otra Nota = Otra Nota ( English : Another Note ) is the debut album by American singer Marc Anthony that was released on January 26 , 1993 , by RMM Records . Produced by Sergio George , it was the first album by Anthon",0.6718881586682454,0.7660590628516104,2.641950025984691,False,True,5218.0,0.2430875576036866,train,0.0540436949022614,869.0,0.3567318757192175,7.405982492195795,0.11188004613610147,0.9332698634730182,1.0,0.9971037388099,0.0,0.3567318757192175,0.8881199538638985,0.7838252203909544,1.0,1.0,0.7569124423963134,0.9257478115244744,0.0,0.7271699075999443,0-1327,0.988632748881272,0.684204875610895,0.7569124423963134,0.7019562715765247
4.462799389521589,0.8925598779043178,1.0,1.0,0.0,0.30152949745083757,0.9008023340627279,0.8033286748824799,1.0,1.0,0.7230320699708455,0.9165008536628397,0.0,8.8024381035316,224,"= St Peulan 's Church , Llanbeulan = St Peulan 's Church , Llanbeulan is a disused medieval church in Llanbeulan , in Anglesey , north Wales . The nave , which is the oldest part of the building , dates from the 12th cen",0.6603431385910953,0.7682857297315469,2.2108163345457577,False,True,7871.0,0.27696793002915454,train,0.04916783127938,1373.0,0.30152949745083757,7.332006829302718,0.09919766593727208,0.8925598779043178,1.0,1.0,0.0,0.30152949745083757,0.9008023340627279,0.8033286748824799,1.0,1.0,0.7230320699708455,0.9165008536628397,0.0,0.7111286410408437,1327-1869,1.0,0.6600719082988411,0.7230320699708455,0.774217042971595
4.494945870095205,0.898989174019041,1.0,1.0,0.0,0.45863309352517984,0.9223826714801444,0.8620275944811038,1.0,1.0,0.8126126126126126,0.8915913758514732,0.0,11.183369382468129,225,"= The Tramp Dentists = The Tramp Dentists is a 1913 American silent short comedy film released by the newly formed Joker productions by the Universal Film Manufacturing Company . Directed by Allen Curtis , the film 's ca",0.69507163577378,0.7753561130378016,3.2713064869370596,True,True,3334.0,0.18738738738738736,train,0.034493101379724056,556.0,0.45863309352517984,7.1327310068117855,0.07761732851985559,0.898989174019041,1.0,1.0,0.0,0.45863309352517984,0.9223826714801444,0.8620275944811038,1.0,1.0,0.8126126126126126,0.8915913758514732,0.0,0.7434616638261669,0-1327,0.9729109309865923,0.7092869492572467,0.8126126126126126,0.6870503597122302
4.537954077911362,0.9075908155822724,1.0,0.9999364877738964,0.0,0.2589080459770115,0.9275445658424382,0.7676465081445423,1.0,1.0,0.717160103478011,0.9887980356590802,0.0,11.562350054366876,226,"= Qedarite = The Qedarites ( also <unk> / <unk> , Cedar / Kedar / Qedar , and Kingdom of Qedar ) were a largely nomadic , ancient Arab tribal confederation . Described as "" the most organized of the Northern Arabian trib",0.6617338816363949,0.7535500033386455,2.0480621382271984,False,True,21364.0,0.28283989652198904,train,0.058088372963864446,3480.0,0.2589080459770115,7.910384285272642,0.07245543415756184,0.9075908155822724,1.0,0.9999364877738964,0.0,0.2589080459770115,0.9275445658424382,0.7676465081445423,1.0,1.0,0.717160103478011,0.9887980356590802,0.0,0.7161306814842435,2952-4487,1.0,0.6699918611511446,0.717160103478011,0.6755747126436782
4.532220292855864,0.9064440585711727,1.0,1.0,0.0,0.2586999343401182,0.9165571616294349,0.859120303564748,1.0,1.0,0.7454844006568144,1.0,0.0,10.463130233435159,227,"= Super Science Stories = Super Science Stories was an American pulp science fiction magazine published by Popular Publications from 1940 and 1943 , and again from 1949 to 1951 . Popular launched it under their "" Fiction",0.6744848141795237,0.7552800204124102,2.0951392253115073,False,True,18711.0,0.2545155993431856,train,0.035219924108813,3046.0,0.2586999343401182,8.098723452155904,0.0834428383705651,0.9064440585711727,1.0,1.0,0.0,0.2586999343401182,0.9165571616294349,0.859120303564748,1.0,1.0,0.7454844006568144,1.0,0.0,0.7229108120547181,2952-4487,1.0,0.6761303896123886,0.7454844006568144,0.6520026263952725
4.692264185950717,0.9384528371901434,1.0,1.0,0.0,0.45173267326732675,0.9516129032258065,0.7911008982661374,1.0,1.0,0.8537794299876085,0.9567243124984153,0.0,9.939809973340969,228,"= HMS Hostile ( <unk> ) = HMS Hostile ( <unk> ) was an H @-@ class destroyer built for the Royal Navy in the 1930s . During the Spanish Civil War of 1936 – 1939 the ship spent considerable time in Spanish waters , enforc",0.7049175531563303,0.795784334681559,3.4574690501180356,True,True,4787.0,0.14622057001239153,train,0.05222477543346564,808.0,0.45173267326732675,7.653794499987322,0.048387096774193505,0.9384528371901434,1.0,1.0,0.0,0.45173267326732675,0.9516129032258065,0.7911008982661374,1.0,1.0,0.8537794299876085,0.9567243124984153,0.0,0.7585883093814413,0-1327,0.9860698092721762,0.7314084011321561,0.8537794299876085,0.7165841584158416
4.4796857544345565,0.8959371508869113,1.0,1.0,0.0,0.3553082191780822,0.9219554030874786,0.8427448177269479,1.0,1.0,0.7763496143958869,0.9436050543131591,0.0,10.858200144509036,229,"= Rocky Mountain Horse = The Rocky Mountain Horse is a horse breed developed in the state of Kentucky in the United States . Despite its name , it originated not in the Rocky Mountains , but instead in the Appalachian Mo",0.6816412380657755,0.7673040474416313,2.682165051643569,True,True,6995.0,0.2236503856041131,train,0.039313795568263046,1168.0,0.3553082191780822,7.548840434505273,0.07804459691252141,0.8959371508869113,1.0,1.0,0.0,0.3553082191780822,0.9219554030874786,0.8427448177269479,1.0,1.0,0.7763496143958869,0.9436050543131591,0.0,0.7306220655403135,0-1327,0.9990478703972576,0.6900393511429671,0.7763496143958869,0.6772260273972602
4.516781423394373,0.9033562846788745,1.0,1.0,0.0,0.3277634961439589,0.9247104247104247,0.8496989827693585,1.0,1.0,0.7832797427652733,0.9672365063448495,0.0,10.609536456372291,230,"= Somerset County Cricket Club in 2009 = Somerset County Cricket Club competed in four domestic competitions during the 2009 English cricket season : the first division of the County Championship , the Friends Provident ",0.6834267407115664,0.7784762866376257,2.5361985513412506,True,True,9634.0,0.21672025723472665,train,0.03757525430766037,1556.0,0.3277634961439589,7.737892050758796,0.07528957528957525,0.9033562846788745,1.0,1.0,0.0,0.3277634961439589,0.9247104247104247,0.8496989827693585,1.0,1.0,0.7832797427652733,0.9672365063448495,0.0,0.731625753492975,1327-1869,1.0,0.6895628773686896,0.7832797427652733,0.7332904884318766
3.588354347173233,0.7176708694346466,1.0,1.0,0.575,1.0,1.0,0.30434782608695654,1.0,1.0,1.0,0.25,1.0,9.085955034648748,231,"= Played , W = Wins , L",0.8042876219920003,0.7563222163849673,2.0,True,True,23.0,0.0,train,0.17391304347826086,4.0,1.0,2.0,0.0,0.7176708694346466,1.0,1.0,0.575,1.0,1.0,0.30434782608695654,1.0,1.0,1.0,0.25,1.0,0.81093566702042,0-1327,0.8067429974720085,0.71796783351021,1.0,0.5
3.3553885422075336,0.6710777084415067,1.0,1.0,0.6,1.0,1.0,0.33333333333333337,1.0,1.0,1.0,0.25,1.0,14.661504102156247,232,"= Losses , D = Draws , T",0.8045317389566162,0.7543305421163127,2.0,True,False,24.0,0.0,train,0.16666666666666666,4.0,1.0,2.0,0.0,0.6710777084415067,1.0,1.0,0.6,1.0,1.0,0.33333333333333337,1.0,1.0,1.0,0.25,1.0,0.8068710256558187,0-1327,0.8067429974720085,0.7159355128279093,1.0,0.5
3.7720552088742,0.75441104177484,1.0,1.0,0.6,1.0,1.0,0.0,1.0,1.0,1.0,0.25,0.65,12.49863001386624,233,"= Ties , A = <unk> , Bat",0.7433072491606979,0.7397422230279935,2.0,True,False,24.0,0.0,train,0.25,4.0,1.0,2.0,0.0,0.75441104177484,1.0,1.0,0.6,1.0,1.0,0.0,1.0,1.0,1.0,0.25,0.65,0.777098945883739,0-1327,0.8067429974720085,0.7010494729418695,1.0,0.5
3.5916358740112986,0.7183271748022597,1.0,1.0,1.0,0.3333333333333333,0.75,0.0,1.0,1.0,0.6,0.1147869792568112,0.0,4.688738206053402,234,"= <unk> points , <unk> = <unk> points , <unk>",0.5483153154633715,0.6715470579877822,0.3060986113514965,False,False,45.0,0.4,train,0.26666666666666666,6.0,0.3333333333333333,0.9182958340544896,0.25,0.7183271748022597,1.0,1.0,1.0,0.3333333333333333,0.75,0.0,1.0,1.0,0.6,0.1147869792568112,0.0,0.5724771492730354,0-1327,0.8186057994629988,0.3982686527840538,0.6,1.0
4.580220701629344,0.9160441403258688,1.0,1.0,0.0,0.45936395759717313,0.9361702127659575,0.8120656102307479,1.0,1.0,0.863716814159292,0.9075229404686858,0.0,11.718974509931028,235,"= <unk> / <unk> , Pts = Points . <unk> : Hampshire deducted 3 points for a slow over @-@ rate in their match against Worcestershire . Durham deducted 1 point for a slow over @-@ rate in their match against Sussex . Somer",0.7012749113981402,0.7815052892854782,3.335066636351354,True,True,3597.0,0.13628318584070798,train,0.046983597442313035,566.0,0.45936395759717313,7.260183523749486,0.06382978723404253,0.9160441403258688,1.0,1.0,0.0,0.45936395759717313,0.9361702127659575,0.8120656102307479,1.0,1.0,0.863716814159292,0.9075229404686858,0.0,0.750705943567616,0-1327,0.9735382857353814,0.7170746963002728,0.863716814159292,0.6749116607773852
3.588354347173233,0.7176708694346466,1.0,1.0,0.575,1.0,1.0,0.30434782608695654,1.0,1.0,1.0,0.25,1.0,8.483968632511058,236,"= Played , W = Wins , T",0.8042876219920003,0.8013222163849673,2.0,True,True,23.0,0.0,train,0.17391304347826086,4.0,1.0,2.0,0.0,0.7176708694346466,1.0,1.0,0.575,1.0,1.0,0.30434782608695654,1.0,1.0,1.0,0.25,1.0,0.81093566702042,0-1327,0.8067429974720085,0.71796783351021,1.0,0.75
3.2720552088742005,0.6544110417748401,1.0,1.0,0.6,1.0,1.0,0.33333333333333337,1.0,1.0,1.0,0.25,1.0,21.228180517523704,237,"= Ties , L = Losses , NR",0.8028310586845074,0.6632137329995035,2.0,True,False,24.0,0.0,train,0.16666666666666666,4.0,1.0,2.0,0.0,0.6544110417748401,1.0,1.0,0.6,1.0,1.0,0.33333333333333337,1.0,1.0,1.0,0.25,1.0,0.8045918233766163,0-1327,0.8067429974720085,0.7147959116883081,1.0,0.0
4.550257506232025,0.9100515012464051,1.0,1.0,0.0,0.4448979591836735,0.9727148703956344,0.8306451612903226,1.0,1.0,0.8910081743869209,0.9398853824215855,0.0,11.70489357992822,238,"= No result , Pts = Points , NRR = Net run rate . Notes : Teams marked * progressed to the next stage of the competition . Teams marked † were eliminated from the competition . = = = Match logs and statistics = = = = = T",0.7110743290567654,0.7878968725019997,3.345224708047439,True,True,4464.0,0.10899182561307907,train,0.04233870967741935,735.0,0.4448979591836735,7.519083059372684,0.027285129604365577,0.9100515012464051,1.0,1.0,0.0,0.4448979591836735,0.9727148703956344,0.8306451612903226,1.0,1.0,0.8910081743869209,0.9398853824215855,0.0,0.757166298057242,0-1327,0.9827356532646092,0.7247789844299357,0.8910081743869209,0.6680272108843538
3.588354347173233,0.7176708694346466,1.0,1.0,0.575,1.0,1.0,0.30434782608695654,1.0,1.0,1.0,0.25,1.0,9.085955034648748,239,"= Played , W = Wins , L",0.8042876219920003,0.7563222163849673,2.0,True,True,23.0,0.0,train,0.17391304347826086,4.0,1.0,2.0,0.0,0.7176708694346466,1.0,1.0,0.575,1.0,1.0,0.30434782608695654,1.0,1.0,1.0,0.25,1.0,0.81093566702042,0-1327,0.8067429974720085,0.71796783351021,1.0,0.5
3.2720552088742005,0.6544110417748401,1.0,1.0,0.6,1.0,1.0,0.33333333333333337,1.0,1.0,1.0,0.25,1.0,20.626194115386014,240,"= Losses , T = Ties , NR",0.8028310586845074,0.7082137329995034,2.0,True,False,24.0,0.0,train,0.16666666666666666,4.0,1.0,2.0,0.0,0.6544110417748401,1.0,1.0,0.6,1.0,1.0,0.33333333333333337,1.0,1.0,1.0,0.25,1.0,0.8045918233766163,0-1327,0.8067429974720085,0.7147959116883081,1.0,0.25
4.522396364481025,0.9044792728962051,1.0,1.0,0.507,0.5854430379746836,0.9840764331210191,0.8308157099697885,1.0,1.0,0.9238095238095239,0.8777180534425223,0.0,11.547564356862923,241,"= No result , Pts = Points , NRR = Net run rate . Notes : Teams marked * progressed to the next stage of the competition . Teams marked † were eliminated from the competition . = = = Match logs and statistics = = = = = N",0.7666878854763362,0.8146534184704439,4.110831389540928,True,True,1986.0,0.07619047619047614,train,0.04229607250755287,316.0,0.5854430379746836,7.021744427540178,0.015923566878980888,0.9044792728962051,1.0,1.0,0.507,0.5854430379746836,0.9840764331210191,0.8308157099697885,1.0,1.0,0.9238095238095239,0.8777180534425223,0.0,0.7944019760764592,0-1327,0.9530381826301387,0.7629912608925311,0.9238095238095239,0.7151898734177216
3.588354347173233,0.7176708694346466,1.0,1.0,0.575,1.0,1.0,0.30434782608695654,1.0,1.0,1.0,0.25,1.0,8.483968632511058,242,"= Played , W = Wins , T",0.8042876219920003,0.8013222163849673,2.0,True,True,23.0,0.0,train,0.17391304347826086,4.0,1.0,2.0,0.0,0.7176708694346466,1.0,1.0,0.575,1.0,1.0,0.30434782608695654,1.0,1.0,1.0,0.25,1.0,0.81093566702042,0-1327,0.8067429974720085,0.71796783351021,1.0,0.75
3.2720552088742005,0.6544110417748401,1.0,1.0,0.6,1.0,1.0,0.33333333333333337,1.0,1.0,1.0,0.25,1.0,21.228180517523704,243,"= Ties , L = Losses , NR",0.8028310586845074,0.6632137329995035,2.0,True,False,24.0,0.0,train,0.16666666666666666,4.0,1.0,2.0,0.0,0.6544110417748401,1.0,1.0,0.6,1.0,1.0,0.33333333333333337,1.0,1.0,1.0,0.25,1.0,0.8045918233766163,0-1327,0.8067429974720085,0.7147959116883081,1.0,0.0
4.529547978261819,0.9059095956523638,1.0,1.0,0.374,0.5661971830985916,0.9830028328611898,0.8294849023090586,1.0,1.0,0.9350282485875706,0.8876268574025493,0.0,11.682363400664684,244,"= No result , Pts = Points , NRR = Net run rate . Notes : Team marked ( C ) won the NatWest Pro40 . = = = Match logs and statistics = = = = = Champions League Twenty20 = = By finishing as runners @-@ up in the Twenty20 C",0.7560645635721515,0.8063109157568414,4.020574610431829,True,True,2252.0,0.06497175141242939,train,0.04262877442273535,355.0,0.5661971830985916,7.1010148592203945,0.016997167138810165,0.9059095956523638,1.0,1.0,0.374,0.5661971830985916,0.9830028328611898,0.8294849023090586,1.0,1.0,0.9350282485875706,0.8876268574025493,0.0,0.7880498386625215,0-1327,0.9571289467170494,0.757480929456546,0.9350282485875706,0.6788732394366197
3.588354347173233,0.7176708694346466,1.0,1.0,0.575,1.0,1.0,0.30434782608695654,1.0,1.0,1.0,0.25,1.0,9.085955034648748,245,"= Played , W = Wins , L",0.8042876219920003,0.7563222163849673,2.0,True,True,23.0,0.0,train,0.17391304347826086,4.0,1.0,2.0,0.0,0.7176708694346466,1.0,1.0,0.575,1.0,1.0,0.30434782608695654,1.0,1.0,1.0,0.25,1.0,0.81093566702042,0-1327,0.8067429974720085,0.71796783351021,1.0,0.5
3.2720552088742005,0.6544110417748401,1.0,1.0,0.6,1.0,1.0,0.33333333333333337,1.0,1.0,1.0,0.25,1.0,20.626194115386014,246,"= Losses , T = Ties , NR",0.8028310586845074,0.7082137329995034,2.0,True,False,24.0,0.0,train,0.16666666666666666,4.0,1.0,2.0,0.0,0.6544110417748401,1.0,1.0,0.6,1.0,1.0,0.33333333333333337,1.0,1.0,1.0,0.25,1.0,0.8045918233766163,0-1327,0.8067429974720085,0.7147959116883081,1.0,0.25
4.595233878746164,0.9190467757492329,1.0,1.0,0.5465,0.6394557823129252,1.0,0.8007341373885685,1.0,1.0,0.9590443686006825,0.8796465525350853,0.0,11.19454517113192,247,"= No result , Pts = Points , NRR = Net run rate . = = = Match logs and statistics = = = = = Reaction = = After the conclusion of the Champions League tournament , Justin Langer retired from professional cricket . Trescot",0.7802971037407839,0.8241434384404658,4.499960595281525,True,True,1907.0,0.04095563139931746,train,0.04981646565285789,294.0,0.6394557823129252,7.037172420280682,0.0,0.9190467757492329,1.0,1.0,0.5465,0.6394557823129252,1.0,0.8007341373885685,1.0,1.0,0.9590443686006825,0.8796465525350853,0.0,0.8090330541754763,0-1327,0.9505023156066472,0.7842921107997407,0.9590443686006825,0.7040816326530612
4.643002515017287,0.9286005030034573,1.0,1.0,0.0,0.41710758377425045,0.9452296819787986,0.8369441277080958,1.0,1.0,0.8331862312444837,0.9601081531372575,0.0,9.822974440856333,248,"= Texas A & M Singing Cadets = The Texas A & M Singing Cadets are a male choral group at Texas A & M University . Nicknamed "" The Voice of <unk> "" , the Singing Cadets have been touring for 109 seasons , with their roots",0.7019500530196159,0.791413976983786,3.2037471353363163,True,True,7016.0,0.16681376875551635,train,0.04076396807297605,1134.0,0.41710758377425045,7.68086522509806,0.05477031802120136,0.9286005030034573,1.0,1.0,0.0,0.41710758377425045,0.9452296819787986,0.8369441277080958,1.0,1.0,0.8331862312444837,0.9601081531372575,0.0,0.7523699102545331,0-1327,0.9980072411868616,0.7204888893551435,0.8331862312444837,0.7125220458553791
4.553789625552031,0.9107579251104061,1.0,1.0,0.0,0.34171597633136097,0.9317507418397626,0.8790188140033341,1.0,1.0,0.7748148148148148,0.8470474102477346,0.0,9.294496116394601,249,"= Ontario Highway 36 = King 's Highway 36 , commonly referred to as Highway 36 , was a <unk> maintained highway in the Canadian province of Ontario . The highway connected Highway 7 and Highway 35 in Lindsay with Highway",0.6783816984430929,0.7687773982838537,2.3155970623340436,True,True,4199.0,0.22518518518518515,train,0.030245296499166466,676.0,0.34171597633136097,6.7763792819818764,0.06824925816023741,0.9107579251104061,1.0,1.0,0.0,0.34171597633136097,0.9317507418397626,0.8790188140033341,1.0,1.0,0.7748148148148148,0.8470474102477346,0.0,0.7193714148369496,0-1327,0.9797896686197188,0.6568765540632486,0.7748148148148148,0.757396449704142
4.568036907069849,0.9136073814139698,1.0,1.0,0.0,0.3428184281842818,0.8967391304347826,0.8644378291733456,1.0,1.0,0.7476255088195387,0.8752639460601123,0.0,9.413636290860374,250,"= Arizona State Route 67 = State Route 67 ( SR 67 ) is a 43 @.@ 4 mi ( 69 @.@ 8 km ) long , north – south state highway in northern Arizona . Also called the Kaibab Plateau – North Rim Parkway , SR 67 is the sole road th",0.6724211313795785,0.7623930869958175,2.4004528818775976,False,True,4367.0,0.2523744911804613,train,0.03389054270666361,738.0,0.3428184281842818,7.002111568480898,0.1032608695652174,0.9136073814139698,1.0,1.0,0.0,0.3428184281842818,0.8967391304347826,0.8644378291733456,1.0,1.0,0.7476255088195387,0.8752639460601123,0.0,0.7189800477366535,0-1327,0.9828790693537075,0.6640106174294252,0.7476255088195387,0.7262872628726287
4.560602244006984,0.9121204488013968,1.0,1.0,0.0,0.3495412844036697,0.9522058823529411,0.8364565587734242,1.0,1.0,0.8080808080808081,0.9258386732247428,0.0,12.216202687940036,251,"= Josce de Dinan = Josce de Dinan ( sometimes <unk> de Dinan , <unk> de Dinan , <unk> de <unk> ; <unk> de Dinan , Joyce de Dinan , or <unk> de Dinan ; died 1166 ) was an Anglo @-@ Norman nobleman who lived during and aft",0.6879081799404363,0.766493991291378,2.5889507119165285,True,True,6457.0,0.19191919191919193,train,0.04088586030664395,1090.0,0.3495412844036697,7.406709385797942,0.047794117647058876,0.9121204488013968,1.0,1.0,0.0,0.3495412844036697,0.9522058823529411,0.8364565587734242,1.0,1.0,0.8080808080808081,0.9258386732247428,0.0,0.7335003445705066,0-1327,0.9966132753533334,0.6855951616923565,0.8080808080808081,0.6577981651376147
4.586066629976359,0.9172133259952717,1.0,1.0,0.0,0.40273972602739727,0.9052197802197802,0.778337531486146,1.0,1.0,0.7914951989026063,0.9106259394006595,0.0,10.239470404569758,252,"= World War I Memorial ( East Providence , Rhode Island ) = The World War I Memorial is a bronze sculpture by Pietro Montana and is located at the intersection of Taunton Avenue , <unk> Avenue , and John Street in East P",0.6796892728390317,0.7768424223657981,2.933961930781303,True,True,4367.0,0.20850480109739367,train,0.055415617128463476,730.0,0.40273972602739727,7.285007515205276,0.09478021978021978,0.9172133259952717,1.0,1.0,0.0,0.40273972602739727,0.9052197802197802,0.778337531486146,1.0,1.0,0.7914951989026063,0.9106259394006595,0.0,0.733730138665989,0-1327,0.9824953223638455,0.6952064856900088,0.7914951989026063,0.7287671232876712
4.595016314266397,0.9190032628532794,1.0,1.0,0.0,0.25216102741417634,0.9316946640316206,0.8258583605512626,1.0,1.0,0.7285414350994195,1.0,0.0,10.687454761440339,253,"= Oldham = Oldham / <unk> / is a large town in Greater Manchester , England , amid the Pennines between the rivers <unk> and <unk> , 5 @.@ 3 miles ( 8 @.@ 5 km ) south @-@ southeast of Rochdale and 6 @.@ 9 miles ( 11 @.@",0.6710021612734269,0.761223504730727,2.2062468675676574,False,True,50212.0,0.2714585649005805,train,0.043535409862184335,8098.0,0.25216102741417634,8.749357068346175,0.0683053359683794,0.9190032628532794,1.0,1.0,0.0,0.25216102741417634,0.9316946640316206,0.8258583605512626,1.0,1.0,0.7285414350994195,1.0,0.0,0.7218032313331632,4487-1000000000,1.0,0.6739418725201257,0.7285414350994195,0.696838725611262
4.541368156886761,0.9082736313773522,1.0,0.9984802431610942,0.0,0.2818971275885104,0.8775919732441472,0.8491511906118263,1.0,1.0,0.7052139037433155,0.9405795406265602,0.0,10.46820533358378,254,"= 1981 European Cup Final = The 1981 European Cup Final was an association football match between Liverpool of England and Real Madrid of Spain on 27 May 1981 at the <unk> des <unk> , Paris , France . It was the final ma",0.6617440612655265,0.749576795063817,2.1211733661691836,False,False,8777.0,0.2947860962566845,train,0.03771220234704341,1497.0,0.2818971275885104,7.524636325012482,0.12240802675585283,0.9082736313773522,1.0,0.9984802431610942,0.0,0.2818971275885104,0.8775919732441472,0.8491511906118263,1.0,1.0,0.7052139037433155,0.9405795406265602,0.0,0.7125930501371532,1327-1869,1.0,0.6619156921223442,0.7052139037433155,0.6733466933867736
4.614524848421767,0.9229049696843534,1.0,1.0,0.0,0.2809131261889664,0.9329668005920914,0.8242222070937436,1.0,1.0,0.7649048625792811,1.0,0.0,10.68396155262148,255,"= Carre 's Grammar School = Carre 's Grammar School is a selective secondary school for boys in Sleaford , a market town in Lincolnshire , England . Founded on 1 September 1604 by an indenture of Robert Carre , the schoo",0.6791207576441041,0.767429333041178,2.4121275858446243,True,True,29378.0,0.23509513742071886,train,0.0439444482265641,4731.0,0.2809131261889664,8.586738606945762,0.06703319940790864,0.9229049696843534,1.0,1.0,0.0,0.2809131261889664,0.9329668005920914,0.8242222070937436,1.0,1.0,0.7649048625792811,1.0,0.0,0.7295635742664781,4487-1000000000,1.0,0.6850100686804806,0.7649048625792811,0.6884379623758191
4.5610928624018605,0.9122185724803721,1.0,1.0,0.0,0.2948771345272803,0.8699458107544811,0.8228067639832346,1.0,1.0,0.7208333333333333,1.0,0.0,9.868309235847956,256,"= Don 't You Wanna Stay = "" Don 't You Wanna Stay "" is a duet recorded by American singers Jason Aldean and Kelly Clarkson from Aldean 's 2010 album , My Kinda Party . It was also included in the deluxe edition of Clarks",0.6670338382733368,0.7723654844863569,2.361966811003059,False,True,13838.0,0.2791666666666667,train,0.04429830900419136,2401.0,0.2948771345272803,8.010003267257549,0.13005418924551893,0.9122185724803721,1.0,1.0,0.0,0.2948771345272803,0.8699458107544811,0.8228067639832346,1.0,1.0,0.7208333333333333,1.0,0.0,0.7230294023621756,1869-2952,1.0,0.6852339848129079,0.7208333333333333,0.7505206164098293
4.573340558293159,0.9146681116586318,1.0,0.9999055623760507,0.0,0.2932564330079858,0.9298401420959147,0.8388391913784603,1.0,1.0,0.7700843320017754,1.0,0.0,10.179820296371238,257,"= Tropical Storm Domoina = Severe Tropical Storm Domoina in 1984 caused 100 year floods in South Africa and record rainfall in Swaziland . The fourth named storm of the season , Domoina developed on January 16 off the no",0.6813925921843403,0.7732326093853201,2.379295992387532,True,True,14197.0,0.2299156679982246,train,0.04029020215538494,2254.0,0.2932564330079858,8.113363338640692,0.0701598579040853,0.9146681116586318,1.0,0.9999055623760507,0.0,0.2932564330079858,0.9298401420959147,0.8388391913784603,1.0,1.0,0.7700843320017754,1.0,0.0,0.7311624638356765,1869-2952,1.0,0.6888953401698347,0.7700843320017754,0.7116237799467613
4.502664502650754,0.9005329005301508,1.0,1.0,0.0,0.2927796879132505,0.9304048690129664,0.8236695102411986,1.0,1.0,0.765079365079365,1.0,0.0,10.726631494983902,258,"= Tales of Destiny 2 = Tales of Destiny 2 ( Japanese : <unk> <unk> <unk> 2 , Hepburn : <unk> <unk> <unk> <unk> ) is a Japanese role @-@ playing video game , co @-@ developed by Wolfteam and <unk> Japan , and published by",0.6777540961531368,0.7726494637755436,2.4587215575293553,True,True,23093.0,0.23492063492063497,train,0.04408262243970034,3781.0,0.2927796879132505,8.397855654036578,0.06959513098703363,0.9005329005301508,1.0,1.0,0.0,0.2927796879132505,0.9304048690129664,0.8236695102411986,1.0,1.0,0.765079365079365,1.0,0.0,0.7281662966746322,2952-4487,1.0,0.6872780703156287,0.765079365079365,0.7188574451203386
4.577838940337971,0.9155677880675942,1.0,1.0,0.0,0.372848948374761,0.9546904913848118,0.8154887854422345,1.0,1.0,0.8258928571428571,0.9902190518160209,0.0,10.463664935142155,259,"= In Bloom = For the 2013 film of the same name , see In Bloom ( 2013 film ) "" In Bloom "" is a song by American rock band Nirvana . Written by frontman Kurt Cobain , the song addresses people outside of the underground m",0.696370609082442,0.7904704174524222,2.953617057042051,True,True,9452.0,0.1741071428571429,train,0.04612780363944139,1569.0,0.372848948374761,7.921752414528167,0.04530950861518823,0.9155677880675942,1.0,1.0,0.0,0.372848948374761,0.9546904913848118,0.8154887854422345,1.0,1.0,0.8258928571428571,0.9902190518160209,0.0,0.7469844751288386,1327-1869,1.0,0.7142592376121149,0.8258928571428571,0.7259400892288081
4.441542320770738,0.8883084641541477,1.0,1.0,0.0,0.24601854052769195,0.9139120095124852,0.8425777887098758,1.0,1.0,0.714455539705183,1.0,0.0,9.039245478818815,260,"= Lady in the Lake trial = The Lady in the Lake trial was a 2005 murder case in which Gordon Park ( 25 January 1944 – 25 January 2010 ) a retired teacher from <unk> , near Barrow @-@ in @-@ Furness , Cumbria , England , ",0.6652662249511161,0.7677154775013735,2.020585441641077,False,True,24393.0,0.28554446029481695,train,0.03935555282253105,4207.0,0.24601854052769195,8.213142949743006,0.08608799048751481,0.8883084641541477,1.0,1.0,0.0,0.24601854052769195,0.9139120095124852,0.8425777887098758,1.0,1.0,0.714455539705183,1.0,0.0,0.7152277096021217,2952-4487,1.0,0.6691184899329837,0.714455539705183,0.7582600427858331
4.579732231663734,0.9159464463327469,1.0,1.0,0.0,0.2688,0.877902321857486,0.8478861843436046,1.0,1.0,0.6958783513405362,0.9769660684648014,0.0,9.698625184339988,261,"= Dover Athletic F.C. = Dover Athletic Football Club is a professional association football club based in the town of Dover , Kent , England . The club was formed in 1983 after the dissolution of the town 's previous clu",0.6629336391886097,0.765258813503832,2.1008678336267086,False,True,14831.0,0.3041216486594638,train,0.03802845391409885,2500.0,0.2688,7.815728547718411,0.12209767814251404,0.9159464463327469,1.0,1.0,0.0,0.2688,0.877902321857486,0.8478861843436046,1.0,1.0,0.6958783513405362,0.9769660684648014,0.0,0.7160055775516755,1869-2952,1.0,0.6694443058920382,0.6958783513405362,0.7508
4.508871436711156,0.9017742873422312,1.0,1.0,0.0,0.31245166279969067,0.941130906274206,0.7838114754098361,1.0,1.0,0.7701238390092879,0.9231920036785582,0.0,13.002202215694817,262,"= Plum cake = Plum cake refers to a wide range of cakes made with either dried fruit ( such as grapes , currants , raisins or prunes ) or with fresh fruit . There is a wide range of popular plum cakes and puddings . Sinc",0.6713145842327433,0.7566345381540793,2.3076230130619493,False,True,7808.0,0.22987616099071206,train,0.054047131147540985,1293.0,0.31245166279969067,7.385536029428466,0.058869093725793964,0.9017742873422312,1.0,1.0,0.0,0.31245166279969067,0.941130906274206,0.7838114754098361,1.0,1.0,0.7701238390092879,0.9231920036785582,0.0,0.720185289391276,0-1327,1.0,0.6690035613152002,0.7701238390092879,0.6604795050270689
4.6228727009181245,0.924574540183625,1.0,1.0,0.0,0.39420935412026725,0.9408482142857143,0.7742504409171076,1.0,1.0,0.8049052396878483,0.9208292319497086,0.0,10.325034007345735,263,"= Kedok Ketawa = Kedok Ketawa ( [ <unk> <unk> ] ; Indonesian for The Laughing Mask , also known by the Dutch title Het <unk> <unk> ) is a 1940 action film from the Dutch East Indies ( now Indonesia ) . Union Films ' firs",0.6854002802714982,0.7791936573373109,2.903995974255651,True,True,5670.0,0.19509476031215167,train,0.0564373897707231,898.0,0.39420935412026725,7.3666338555976685,0.0591517857142857,0.924574540183625,1.0,1.0,0.0,0.39420935412026725,0.9408482142857143,0.7742504409171076,1.0,1.0,0.8049052396878483,0.9208292319497086,0.0,0.7378082529066182,0-1327,0.9897888002077494,0.6976637729708031,0.8049052396878483,0.7171492204899778
4.5963646678350205,0.9192729335670041,1.0,0.99981765134938,0.0,0.33411580594679186,0.9224137931034483,0.7765186454078271,1.0,1.0,0.7666405638214565,0.9463881949593105,0.0,10.17343433674191,264,"= My Boo ( Usher and Alicia Keys song ) = "" My Boo "" is a duet between American R & B singers Usher and Alicia Keys , written by Usher , Keys , Jermaine Dupri , <unk> Shropshire , and Manuel Seal , Jr .. The song was rel",0.6740751860107121,0.7763606535266847,2.5296260359788767,False,True,7589.0,0.2333594361785435,train,0.05587033864804322,1278.0,0.33411580594679186,7.571105559674484,0.07758620689655171,0.9192729335670041,1.0,0.99981765134938,0.0,0.33411580594679186,0.9224137931034483,0.7765186454078271,1.0,1.0,0.7666405638214565,0.9463881949593105,0.0,0.7273652071180533,0-1327,1.0,0.6838086037855522,0.7666405638214565,0.7433489827856025
4.632285301919922,0.9264570603839845,1.0,0.9992677271063016,0.0,0.24980376766091053,0.8831959167648213,0.8484026150240533,1.0,1.0,0.6924435721295388,1.0,0.0,11.566622377267807,265,"= Rio de Janeiro bid for the 2016 Summer Olympics = The Rio de Janeiro bid for the 2016 Summer Olympics and Paralympics was a successful bid to host the Games of the <unk> <unk> and the XV Paralympic Games , respectively",0.6640330012833245,0.7506790951065648,2.084488163032029,False,True,32428.0,0.3075564278704612,train,0.03789934624398668,5096.0,0.24980376766091053,8.344502497102294,0.11680408323517866,0.9264570603839845,1.0,0.9992677271063016,0.0,0.24980376766091053,0.8831959167648213,0.8484026150240533,1.0,1.0,0.6924435721295388,1.0,0.0,0.717669830350048,4487-1000000000,1.0,0.6712858570902517,0.6924435721295388,0.6660125588697017
4.542540461723784,0.9085080923447568,1.0,1.0,0.0,0.28805237315875615,0.7963875205254516,0.856241426611797,1.0,1.0,0.6262295081967213,0.8135293837112559,0.0,8.609188495261092,266,"= New Jersey Route 65 = Route 65 is a former state highway in the city of Newark , New Jersey . The route went for 4 @.@ 12 miles ( 6 @.@ 63 km ) along Port Street and Doremus Avenue through the industrial districts of t",0.6340929877821943,0.7429652177467427,1.8747125568992609,False,False,3645.0,0.3737704918032787,train,0.035939643347050756,611.0,0.28805237315875615,6.5082350696900475,0.2036124794745484,0.9085080923447568,1.0,1.0,0.0,0.28805237315875615,0.7963875205254516,0.856241426611797,1.0,1.0,0.6262295081967213,0.8135293837112559,0.0,0.6857224588398416,0-1327,0.9762309225302663,0.6182566686374239,0.6262295081967213,0.7921440261865794
4.5651118005998805,0.9130223601199761,1.0,0.9984967379212892,0.0,0.253234241673548,0.9487885462555066,0.8078382930937675,1.0,1.0,0.7398485891259463,1.0,0.0,11.482711058705982,267,= Giacomo Meyerbeer = Giacomo Meyerbeer ( born Jacob Liebmann Beer ; 5 September 1791 – 2 May 1864 ) was a German opera composer of Jewish birth who has been described as perhaps the most successful stage composer of the,0.6717994207705541,0.7574590074500225,2.1770495156418495,False,True,44525.0,0.2601514108740537,train,0.048040426726558116,7266.0,0.253234241673548,8.59697922861613,0.05121145374449343,0.9130223601199761,1.0,0.9984967379212892,0.0,0.253234241673548,0.9487885462555066,0.8078382930937675,1.0,1.0,0.7398485891259463,1.0,0.0,0.7221186628930757,4487-1000000000,1.0,0.6743678918649247,0.7398485891259463,0.669832094687586
4.591366296682455,0.9182732593364911,1.0,1.0,0.4485,0.5073313782991202,0.9557522123893806,0.8611507370423205,1.0,1.0,0.8588235294117647,0.853575687639123,1.0,10.669085479284746,268,"= Washington State Route 221 = State Route 221 ( SR 221 ) is a 25 @.@ 95 @-@ mile ( 41 @.@ 76 km ) long state highway located entirely within Benton County , Washington , United States . The highway serves to connect the",0.8470039515728474,0.8341895632451776,3.4643658407406046,True,True,2103.0,0.14117647058823535,train,0.03471231573941987,341.0,0.5073313782991202,6.828605501112984,0.04424778761061943,0.9182732593364911,1.0,1.0,0.4485,0.5073313782991202,0.9557522123893806,0.8611507370423205,1.0,1.0,0.8588235294117647,0.853575687639123,1.0,0.8499955461336508,0-1327,0.955714459902378,0.7652245395513863,0.8588235294117647,0.718475073313783
4.545394839851551,0.9090789679703102,1.0,1.0,0.0,0.31679389312977096,0.8914373088685015,0.8089930335655477,1.0,1.0,0.7364400305576776,0.9351250875756428,0.0,10.320185075873114,269,"= Superman : Escape from Krypton = Superman : Escape from Krypton ( originally known as Superman : The Escape ) is a steel <unk> roller coaster located at Six Flags Magic Mountain in Valencia , California . When it opene",0.6665076850326147,0.7621396834900017,2.369935336451247,False,True,7895.0,0.2635599694423224,train,0.04775174160861305,1310.0,0.31679389312977096,7.481000700605143,0.10856269113149852,0.9090789679703102,1.0,1.0,0.0,0.31679389312977096,0.8914373088685015,0.8089930335655477,1.0,1.0,0.7364400305576776,0.9351250875756428,0.0,0.7189960817948502,0-1327,1.0,0.6724777860737786,0.7364400305576776,0.7061068702290076
4.481197394023614,0.8962394788047228,1.0,1.0,0.0,0.32968369829683697,0.9598051157125457,0.8703928716079384,1.0,1.0,0.8143639683505782,0.9844446448244221,0.0,9.826095488639716,270,"= Battle of Hubbardton = The Battle of Hubbardton was an engagement in the Saratoga campaign of the American Revolutionary War fought in the village of Hubbardton , Vermont . Vermont was then a disputed territory sometim",0.6941173509323809,0.7889709144586147,2.5964428101938526,True,True,9876.0,0.18563603164942177,train,0.03240178209801539,1644.0,0.32968369829683697,7.8755571585953765,0.040194884287454324,0.8962394788047228,1.0,1.0,0.0,0.32968369829683697,0.9598051157125457,0.8703928716079384,1.0,1.0,0.8143639683505782,0.9844446448244221,0.0,0.738676311372582,1327-1869,1.0,0.6978702414666058,0.8143639683505782,0.7548661800486618
4.479900689900231,0.8959801379800462,1.0,0.9998838289962825,0.0,0.221891841665118,0.922104480386689,0.8532516071161609,1.0,1.0,0.6972118959107807,1.0,0.0,11.61880032292643,271,"= Odaenathus = Lucius Septimius Udaynath , <unk> as Odaenathus ( Aramaic : <unk> / <unk> ; Arabic : <unk> / Udaynath ; 220 – 267 ) , was the founder king ( Mlk ) of the Palmyrene Kingdom centered at the city of Palmyra ,",0.6632165522581047,0.7501728547603581,1.7930085069489603,False,True,33445.0,0.3027881040892193,train,0.036687098220959787,5381.0,0.221891841665118,8.080551738603313,0.07789551961331098,0.8959801379800462,1.0,0.9998838289962825,0.0,0.221891841665118,0.922104480386689,0.8532516071161609,1.0,1.0,0.6972118959107807,1.0,0.0,0.7121729723683156,4487-1000000000,1.0,0.6615594466004372,0.6972118959107807,0.6814718453818993
4.577985465393546,0.9155970930787092,1.0,1.0,0.0,0.32505643340857787,0.9293785310734464,0.7312122874382885,1.0,1.0,0.7741389045736872,0.9770267222954764,0.0,12.21662535092066,272,"= Banksia violacea = Banksia violacea , commonly known as violet banksia , is a species of shrub or tree in the plant genus Banksia ( family <unk> ) . It generally grows as a small shrub to 1 @.@ 5 m ( 5 ft ) high with f",0.6723720713042036,0.7645501584128941,2.540710573553925,False,True,10938.0,0.22586109542631283,train,0.06719692814042787,1772.0,0.32505643340857787,7.816213778363811,0.07062146892655363,0.9155970930787092,1.0,1.0,0.0,0.32505643340857787,0.9293785310734464,0.7312122874382885,1.0,1.0,0.7741389045736872,0.9770267222954764,0.0,0.728734684984702,1327-1869,1.0,0.6898881314183646,0.7741389045736872,0.6664785553047404
4.537915275244709,0.9075830550489418,1.0,1.0,0.0,0.3365617433414044,0.906060606060606,0.8682829054118546,1.0,1.0,0.7559055118110236,0.9833787784881439,0.0,10.018107006411872,273,= Rob Howard = Rob Howard ( born 1954 or 1955 ) is a Canadian politician who was elected to the 39th Parliament of British Columbia as the Member of the Legislative Assembly of British Columbia from the riding of Richmon,0.682435561021189,0.7714173631544792,2.6477414084232835,True,True,10477.0,0.2440944881889764,train,0.032929273647036364,1652.0,0.3365617433414044,7.867030227905151,0.09393939393939399,0.9075830550489418,1.0,1.0,0.0,0.3365617433414044,0.906060606060606,0.8682829054118546,1.0,1.0,0.7559055118110236,0.9833787784881439,0.0,0.733337513611294,1327-1869,1.0,0.6966538872630341,0.7559055118110236,0.6967312348668281
4.595759538139723,0.9191519076279446,1.0,1.0,0.0,0.32260061919504646,0.7972721636701798,0.7309790695367523,1.0,1.0,0.6864931846344485,0.9681487808777146,0.0,11.83001950886122,274,"= Oribi = Oribi ( pronounced / <unk> / ) ( <unk> ourebi ) is a small antelope found in eastern , southern and western Africa . The sole member of its genus , the oribi was first described by the German zoologist <unk> Au",0.6466289719139671,0.7516073376218898,2.4986031694726405,False,False,10081.0,0.31350681536555147,train,0.06725523261581193,1615.0,0.32260061919504646,7.745190247021717,0.20272783632982017,0.9191519076279446,1.0,1.0,0.0,0.32260061919504646,0.7972721636701798,0.7309790695367523,1.0,1.0,0.6864931846344485,0.9681487808777146,0.0,0.7129731736468927,1327-1869,1.0,0.6791739368416366,0.6864931846344485,0.6786377708978328
4.630285828823729,0.9260571657647458,1.0,1.0,0.0,0.35237007424328953,0.9251000571755289,0.756335648582692,1.0,1.0,0.7731428571428571,0.996647094968391,0.0,11.015013167299617,275,"= Rockstar 101 = "" Rockstar 101 "" is a song by Barbadian recording artist Rihanna from her fourth studio album , Rated R ( 2009 ) . The song features the British @-@ American guitarist Slash of the rock group Guns N ' Ro",0.6798230955129269,0.777438042495894,2.809508886786966,True,True,10654.0,0.22685714285714287,train,0.06091608785432701,1751.0,0.35237007424328953,7.973176759747128,0.0748999428244711,0.9260571657647458,1.0,1.0,0.0,0.35237007424328953,0.9251000571755289,0.756335648582692,1.0,1.0,0.7731428571428571,0.996647094968391,0.0,0.7377914005601477,1327-1869,1.0,0.7061499925829939,0.7731428571428571,0.7047401484865791
4.453960350477767,0.8907920700955534,1.0,1.0,0.0,0.3621837549933422,0.8731642189586115,0.8145635459068294,1.0,1.0,0.74,0.895892727695088,0.0,8.625091957770639,276,"= St Mary 's Church , Rhodogeidio = St Mary 's Church , Rhodogeidio is a small medieval church , dating from the 15th century , near <unk> @-@ y @-@ <unk> , in Anglesey , north Wales . It served as a chapel of ease to an",0.6652467114398374,0.7730239752652979,2.5958223375026783,False,True,4422.0,0.26,train,0.046359113523292625,751.0,0.3621837549933422,7.167141821560704,0.12683578104138848,0.8907920700955534,1.0,1.0,0.0,0.3621837549933422,0.8731642189586115,0.8145635459068294,1.0,1.0,0.74,0.895892727695088,0.0,0.7175318941604689,0-1327,0.983493884780754,0.6732850677523421,0.74,0.7842876165113183
4.418251502333757,0.8836503004667515,1.0,1.0,0.0,0.34341397849462363,0.9522207267833109,0.8611743286299499,1.0,1.0,0.812373907195696,0.9685675405982928,0.0,10.758028676416625,277,"= First Light ( Rebecca Stead novel ) = First Light is a young adult science fiction and mystery novel by Rebecca Stead , first published in 2007 . The novel follows Peter , who is in Greenland with his father and mother",0.6909591271640484,0.7765784775121697,2.660957060460901,True,True,8788.0,0.18762609280430398,train,0.034706417842512514,1488.0,0.34341397849462363,7.748540324786342,0.04777927321668907,0.8836503004667515,1.0,1.0,0.0,0.34341397849462363,0.9522207267833109,0.8611743286299499,1.0,1.0,0.812373907195696,0.9685675405982928,0.0,0.7358950338917789,1327-1869,1.0,0.6959428967191185,0.812373907195696,0.6948924731182796
4.528026438523777,0.9056052877047553,1.0,0.9984034241456621,0.0,0.21532625189681334,0.8671827565270188,0.8280349033015257,1.0,1.0,0.6357565639702535,1.0,0.0,10.957686159418357,278,= Mexico City Metropolitan Cathedral = The Metropolitan Cathedral of the Assumption of the Most Blessed Virgin Mary into Heaven ( Spanish : <unk> <unk> de la <unk> de la Santísima <unk> María a los <unk> ) is the largest,0.6470933805605517,0.7447202706615752,1.743040950023817,False,False,39194.0,0.3642434360297465,train,0.042991274174618566,6590.0,0.21532625189681334,8.094883622732175,0.13281724347298118,0.9056052877047553,1.0,0.9984034241456621,0.0,0.21532625189681334,0.8671827565270188,0.8280349033015257,1.0,1.0,0.6357565639702535,1.0,0.0,0.7032364197871429,4487-1000000000,1.0,0.6554497728677747,0.6357565639702535,0.7040971168437026
4.642301426128157,0.9284602852256315,1.0,1.0,0.0,0.3829508196721311,0.9468154957321077,0.8280432119389687,1.0,1.0,0.8143044619422573,0.997411303849925,0.0,9.564612685577517,279,"= USS Illinois ( BB @-@ 7 ) = USS Illinois ( BB @-@ 7 ) was a pre @-@ dreadnought battleship built for the United States Navy . She was the lead ship of the Illinois class , and was the second ship of the U.S. Navy to be",0.698244352670787,0.7946771148239642,3.0556758108766227,True,True,8979.0,0.18569553805774275,train,0.04298919701525782,1525.0,0.3829508196721311,7.9792904307994,0.05318450426789234,0.9284602852256315,1.0,1.0,0.0,0.3829508196721311,0.9468154957321077,0.8280432119389687,1.0,1.0,0.8143044619422573,0.997411303849925,0.0,0.7504591868940785,1327-1869,1.0,0.7203201243275533,0.8143044619422573,0.741639344262295
4.456727848375185,0.891345569675037,1.0,1.0,0.0,0.3150543197102949,0.9192128430864837,0.8636615262949783,1.0,1.0,0.7639751552795031,0.9640630127703791,0.0,11.694467371244418,280,"= The Archaeology of Ritual and Magic = The Archaeology of Ritual and Magic is an archaeological study of the material evidence for ritual and magical practices in Europe , containing a particular emphasis on London and ",0.6789482011067807,0.7579317860106017,2.429857733169833,True,False,12645.0,0.2360248447204969,train,0.03408461842625544,1933.0,0.3150543197102949,7.712504102163033,0.08078715691351634,0.891345569675037,1.0,1.0,0.0,0.3150543197102949,0.9192128430864837,0.8636615262949783,1.0,1.0,0.7639751552795031,0.9640630127703791,0.0,0.7263768290983571,1869-2952,1.0,0.6829677476693471,0.7639751552795031,0.6451112260734609
4.659175792689006,0.9318351585378013,1.0,0.9981493757595846,0.0,0.16322937625754527,0.8948427672955975,0.8203809485089342,1.0,1.0,0.6470884165513772,1.0,0.0,11.829803294384526,281,= History of Braathens SAFE ( 1946 – 93 ) = Braathens South American & Far East Airtransport A / S or Braathens SAFE was founded by ship @-@ owner Ludvig G. Braathen in 1946 . It started as a charter airline based at Osl,0.6479803831784059,0.7365195883771178,1.3647932982982267,False,False,49193.0,0.35291158344862283,train,0.04490476287276645,7952.0,0.16322937625754527,8.361199004674498,0.10515723270440247,0.9318351585378013,1.0,0.9981493757595846,0.0,0.16322937625754527,0.8948427672955975,0.8203809485089342,1.0,1.0,0.6470884165513772,1.0,0.0,0.7009819118028369,4487-1000000000,1.0,0.6412982999658048,0.6470884165513772,0.6697686116700201
4.4951528223280315,0.8990305644656063,1.0,1.0,0.0,0.29903209373408046,0.9495155532891382,0.8679213002566296,1.0,1.0,0.7787971457696228,0.9632232143359386,0.0,12.083344790270806,282,"= Gerard ( archbishop of York ) = Gerard ( died 21 May 1108 ) was Archbishop of York between 1100 and 1108 and Lord Chancellor of England from <unk> until <unk> . A Norman , he was a member of the cathedral clergy at Rou",0.6835218747668076,0.7637751917060785,2.3042772361291735,True,True,11690.0,0.22120285423037722,train,0.033019674935842604,1963.0,0.29903209373408046,7.705785714687509,0.05048444671086183,0.8990305644656063,1.0,1.0,0.0,0.29903209373408046,0.9495155532891382,0.8679213002566296,1.0,1.0,0.7787971457696228,0.9632232143359386,0.0,0.7279831438826657,1869-2952,1.0,0.6795553989588377,0.7787971457696228,0.6698930208863983
4.482597204043266,0.8965194408086532,1.0,1.0,0.0,0.31456251892219195,0.948803392911239,0.8386025844016548,1.0,1.0,0.774076317383404,1.0,0.0,11.574602329909037,283,"= Something Borrowed ( Torchwood ) = "" Something Borrowed "" is the ninth episode of the second series of British science fiction television series Torchwood . It was first broadcast by BBC Three on 5 March 2008 and repea",0.6841619540451187,0.7700264213468145,2.6153349033907007,True,True,19579.0,0.225923682616596,train,0.04034935389958629,3303.0,0.31456251892219195,8.314197484022603,0.05119660708876095,0.8965194408086532,1.0,1.0,0.0,0.31456251892219195,0.948803392911239,0.8386025844016548,1.0,1.0,0.774076317383404,1.0,0.0,0.733399657456201,2952-4487,1.0,0.6953404584586484,0.774076317383404,0.6818044202240388
4.488007909902103,0.8976015819804205,1.0,1.0,0.0,0.3466286799620133,0.9557984790874525,0.8369624176675707,1.0,1.0,0.8066508313539192,1.0,0.0,10.464277466511007,284,= Perfect Dark ( 2010 video game ) = Perfect Dark is a remastered release of the first @-@ person shooter video game by the same name . Developed by <unk> Studios and published by Microsoft Game Studios a decade after th,0.6924119632099542,0.7851746534934606,2.817461428429614,True,True,12905.0,0.19334916864608076,train,0.04075939558310732,2106.0,0.3466286799620133,8.12818324420927,0.044201520912547476,0.8976015819804205,1.0,1.0,0.0,0.3466286799620133,0.9557984790874525,0.8369624176675707,1.0,1.0,0.8066508313539192,1.0,0.0,0.7413350467960537,1869-2952,1.0,0.7073246933885301,0.8066508313539192,0.7236467236467237
4.501160070341206,0.9002320140682413,1.0,1.0,0.0,0.343871325568497,0.9566907273736813,0.8683009752169634,1.0,1.0,0.8124306326304107,0.9934317159844747,0.0,10.253835208272971,285,= First Ostend Raid = The First Ostend Raid ( part of Operation <unk> ) was the first of two attacks by the Royal Navy on the German @-@ held port of Ostend during the late spring of 1918 during the First World War . Ost,0.6959183915749485,0.7840684348387207,2.7329014482989433,True,True,11177.0,0.1875693673695893,train,0.03292475619575915,1803.0,0.343871325568497,7.947453727875797,0.04330927262631867,0.9002320140682413,1.0,1.0,0.0,0.343871325568497,0.9566907273736813,0.8683009752169634,1.0,1.0,0.8124306326304107,0.9934317159844747,0.0,0.7422095658329119,1327-1869,1.0,0.7054305433046989,0.8124306326304107,0.7143649473100389
4.601789932796886,0.9203579865593772,1.0,1.0,0.0,0.3972222222222222,0.8579387186629527,0.7797825584085126,1.0,1.0,0.7385257301808067,0.9145709689747775,0.0,11.396607416228365,286,"= Joyful , Joyful = "" Joyful , Joyful "" is a song by contemporary Christian music band Casting Crowns from their fourth studio album Until the Whole World Hears ( 2009 ) . Written by Mark Hall and Bernie <unk> and produc",0.6680654806395852,0.7624910817320599,2.9063033014087374,False,True,4323.0,0.2614742698191933,train,0.05505436039787185,720.0,0.3972222222222222,7.31656775179822,0.14206128133704732,0.9203579865593772,1.0,1.0,0.0,0.3972222222222222,0.8579387186629527,0.7797825584085126,1.0,1.0,0.7385257301808067,0.9145709689747775,0.0,0.727009219511598,0-1327,0.9820096892500969,0.691452907555049,0.7385257301808067,0.6916666666666667
4.564505598736366,0.9129011197472732,1.0,0.999691738594328,0.0,0.3508896797153025,0.9451176051318603,0.8500576701268743,1.0,1.0,0.8133903133903134,0.9854662389008577,0.0,11.409751210499723,287,= Hurricane Dot ( 1959 ) = Hurricane Dot of August 1959 was at its time the costliest tropical cyclone in Hawaiian history . Dot was first identified as a strong tropical storm southeast of Hawaiʻi on August 1 . The stor,0.6943398663536157,0.7754564877175231,2.766319463505326,True,True,8670.0,0.18660968660968658,train,0.03748558246828143,1405.0,0.3508896797153025,7.883729911206862,0.05488239486813973,0.9129011197472732,1.0,0.999691738594328,0.0,0.3508896797153025,0.9451176051318603,0.8500576701268743,1.0,1.0,0.8133903133903134,0.9854662389008577,0.0,0.7425027114824589,1327-1869,1.0,0.7053403353952694,0.8133903133903134,0.6654804270462633
4.627964709281468,0.9255929418562936,1.0,1.0,0.0,0.3181242078580482,0.932741116751269,0.8158477202301904,1.0,1.0,0.7723525681674065,0.9576693075073579,0.0,10.682835434700856,288,"= Jacob deGrom = Jacob Anthony deGrom ( born June 19 , 1988 ) , is an American professional baseball pitcher for the New York Mets of Major League Baseball ( MLB ) . Prior to playing professionally , deGrom attended Stet",0.6798469154407465,0.7719312676883472,2.43726231872595,True,True,9036.0,0.2276474318325935,train,0.046038069942452416,1578.0,0.3181242078580482,7.661354460058863,0.06725888324873097,0.9255929418562936,1.0,1.0,0.0,0.3181242078580482,0.932741116751269,0.8158477202301904,1.0,1.0,0.7723525681674065,0.9576693075073579,0.0,0.730068643275041,1327-1869,1.0,0.683982700478872,0.7723525681674065,0.7097591888466414
4.495354639282046,0.8990709278564092,1.0,1.0,0.0,0.33517699115044247,0.9418604651162791,0.8436553812276355,1.0,1.0,0.7885998893193138,0.9919423748982813,0.0,9.018607659624369,289,"= Battle of Merville Gun Battery = The Battle of Merville Gun Battery occurred on 6 June 1944 , as part of Operation Tonga , part of the Normandy landings , during the Second World War . Allied intelligence believed the ",0.6876017878963774,0.7859359797876125,2.6598100849042408,True,True,10899.0,0.2114001106806862,train,0.03908615469309111,1808.0,0.33517699115044247,7.93553899918625,0.05813953488372092,0.8990709278564092,1.0,1.0,0.0,0.33517699115044247,0.9418604651162791,0.8436553812276355,1.0,1.0,0.7885998893193138,0.9919423748982813,0.0,0.7367358790650339,1327-1869,1.0,0.7001477810446979,0.7885998893193138,0.7522123893805309
4.497846599076236,0.8995693198152471,1.0,1.0,0.0,0.3404568901989683,0.8988929889298893,0.8100979653353428,1.0,1.0,0.7308259587020649,0.9237066257851716,0.0,9.05164659000262,290,"= St Caffo 's Church , Llangaffo = St Caffo 's Church , Llangaffo is a 19th @-@ century church , in the south of Anglesey , north Wales , about 5 miles ( 8 @.@ 0 km ) from the county town , <unk> . It was constructed in ",0.6671485929816601,0.7740460371757832,2.515858282168013,False,True,7962.0,0.2691740412979351,train,0.04747550866616428,1357.0,0.3404568901989683,7.389653006281373,0.10110701107011066,0.8995693198152471,1.0,1.0,0.0,0.3404568901989683,0.8988929889298893,0.8100979653353428,1.0,1.0,0.7308259587020649,0.9237066257851716,0.0,0.7198360130828432,1327-1869,1.0,0.6759588855374565,0.7308259587020649,0.7700810611643331
4.522618977458994,0.9045237954917988,1.0,1.0,0.0,0.3589990375360924,0.9682080924855492,0.8676379417234966,1.0,1.0,0.8372652864708714,1.0,0.0,10.795685789869443,291,"= George N. Briggs = George Nixon Briggs ( April 12 , 1796 – September 12 , 1861 ) was an American lawyer and politician from Massachusetts . A Whig , Briggs served for twelve years in the United States House of Represen",0.7028381366988847,0.7839266062878845,2.888342384707786,True,True,12904.0,0.1627347135291286,train,0.03309051456912585,2078.0,0.3589990375360924,8.045543532738309,0.03179190751445082,0.9045237954917988,1.0,1.0,0.0,0.3589990375360924,0.9682080924855492,0.8676379417234966,1.0,1.0,0.8372652864708714,1.0,0.0,0.7485931396390823,1869-2952,1.0,0.7140463292035641,0.8372652864708714,0.6809432146294514
4.510668957968397,0.9021337915936793,1.0,1.0,0.0,0.34047508150908246,0.9575757575757575,0.8657400561880823,1.0,1.0,0.8131407269338303,1.0,0.0,11.056070567964479,292,"= Simon Bradstreet = Simon Bradstreet ( baptized March 18 , 1603 / 4 – March 27 , 1697 ) was a colonial magistrate , businessman , diplomat , and the last governor of the Massachusetts Bay Colony . Arriving in Massachuse",0.6962252685592429,0.7766877952475503,2.7261697380204875,True,True,13526.0,0.18685927306616967,train,0.033564985952979444,2147.0,0.34047508150908246,8.006958177195603,0.042424242424242475,0.9021337915936793,1.0,1.0,0.0,0.34047508150908246,0.9575757575757575,0.8657400561880823,1.0,1.0,0.8131407269338303,1.0,0.0,0.7428434979404919,1869-2952,1.0,0.7065405193475165,0.8131407269338303,0.6707033069399162
4.573162208397164,0.9146324416794329,1.0,0.9999207920792079,0.0,0.2832023943135054,0.930363159865219,0.8213795981637155,1.0,1.0,0.7451347305389222,0.9927772665887313,0.0,11.238453785347284,293,"= Etymology of Wicca = In Modern English , the term Wicca ( / <unk> / ) refers to Wicca , the religion of contemporary Pagan Witchcraft . It is used within the Pagan community under competing definitions . One refers to ",0.6747366440253981,0.7641805465071158,2.249255191343568,False,True,16773.0,0.2548652694610778,train,0.044655100459071125,2673.0,0.2832023943135054,7.942218132709851,0.069636840134781,0.9146324416794329,1.0,0.9999207920792079,0.0,0.2832023943135054,0.930363159865219,0.8213795981637155,1.0,1.0,0.7451347305389222,0.9927772665887313,0.0,0.7259906035864071,1869-2952,1.0,0.6819902170187628,0.7451347305389222,0.6898615787504676
4.651497316923926,0.9302994633847852,1.0,1.0,0.0,0.20584850741217084,0.9285085640782614,0.7974142251027294,1.0,1.0,0.7057947468183049,1.0,0.0,10.859113027617834,294,"= Bob Dylan = Bob Dylan ( / <unk> / ; born Robert Allen Zimmerman , May 24 , 1941 ) is an American singer @-@ songwriter , artist and writer . He has been influential in popular music and culture for more than five decad",0.6611840745756881,0.7540090062424472,1.8876531451524237,False,True,89799.0,0.2942052531816951,train,0.05064644372431764,14773.0,0.20584850741217084,9.170108488436947,0.07149143592173857,0.9302994633847852,1.0,1.0,0.0,0.20584850741217084,0.9285085640782614,0.7974142251027294,1.0,1.0,0.7057947468183049,1.0,0.0,0.7130670798547168,4487-1000000000,1.0,0.6579956667804011,0.7057947468183049,0.6996547756041427
4.511146886128875,0.902229377225775,1.0,1.0,0.0,0.4420731707317073,0.9373088685015291,0.7368549767669357,1.0,1.0,0.8198473282442749,0.895321959379115,0.0,11.964647987216853,295,"= Stephanolepis cirrhifer = Stephanolepis cirrhifer , commonly known as the thread @-@ sail filefish , is a species of marine fish in the family <unk> . It is found in the western Pacific , in an area that ranges from no",0.6837270905557955,0.7667883973475735,3.1663825392676017,True,True,4089.0,0.18015267175572514,train,0.06578625580826608,656.0,0.4420731707317073,7.16257567503292,0.06269113149847094,0.902229377225775,1.0,1.0,0.0,0.4420731707317073,0.9373088685015291,0.7368549767669357,1.0,1.0,0.8198473282442749,0.895321959379115,0.0,0.7379675331315626,0-1327,0.9787324257841701,0.7033325490934869,0.8198473282442749,0.6478658536585366
4.60149537054434,0.920299074108868,1.0,0.9998616587120426,0.0,0.2243033876748757,0.8767202497976176,0.8213451781105707,1.0,1.0,0.6706753006475485,1.0,0.0,10.824241968624584,296,"= Mogadishu = Mogadishu ( / <unk> / ; Somali : <unk> ; Arabic : <unk> <unk> ) , known locally as Hamar , is the capital and most populous city of Somalia . Located in the coastal Banaadir region on the Indian Ocean , the",0.6545356062889974,0.7482558343834128,1.9450378296539663,False,True,56959.0,0.32932469935245146,train,0.04466370547235731,8649.0,0.2243033876748757,8.671459891070699,0.12327975020238235,0.920299074108868,1.0,0.9998616587120426,0.0,0.2243033876748757,0.8767202497976176,0.8213451781105707,1.0,1.0,0.6706753006475485,1.0,0.0,0.7097472770375921,4487-1000000000,1.0,0.660949485437515,0.6706753006475485,0.6887501445253786
4.503920463081568,0.9007840926163135,1.0,1.0,0.0,0.3403431101272828,0.9534626038781163,0.8142344723428356,1.0,1.0,0.805094130675526,0.9886143846690211,0.0,10.823347108980169,297,"= The Moth ( Lost ) = "" The Moth "" is the seventh episode of the first season of Lost . The episode was directed by Jack <unk> and written by Jennifer Johnson and Paul <unk> . It first aired on November 3 , 2004 , on ABC",0.6884018527120355,0.775370978031731,2.6917447551585965,True,True,10594.0,0.19490586932447396,train,0.046441381914291105,1807.0,0.3403431101272828,7.908915077352169,0.04653739612188368,0.9007840926163135,1.0,1.0,0.0,0.3403431101272828,0.9534626038781163,0.8142344723428356,1.0,1.0,0.805094130675526,0.9886143846690211,0.0,0.7380154648187792,1327-1869,1.0,0.7012471061084655,0.805094130675526,0.6823464305478694
4.594451648355893,0.9188903296711786,1.0,1.0,0.0,0.26628139586574795,0.9043806982432733,0.8018175209014904,1.0,1.0,0.7256558470431302,1.0,0.0,10.061700357114363,298,"= Charmbracelet = Charmbracelet is the ninth studio album by American singer and songwriter Mariah Carey , released on December 3 , 2002 through MonarC Entertainment and Island Records . The album was her first release s",0.6668084230446693,0.7690895066486398,2.2656977312398623,False,True,27510.0,0.27434415295686976,train,0.04954561977462741,4499.0,0.26628139586574795,8.508659509889933,0.09561930175672673,0.9188903296711786,1.0,1.0,0.0,0.26628139586574795,0.9043806982432733,0.8018175209014904,1.0,1.0,0.7256558470431302,1.0,0.0,0.7210766283412039,4487-1000000000,1.0,0.677108663137039,0.7256558470431302,0.7410535674594354
4.580319774267829,0.9160639548535657,1.0,1.0,0.0,0.2990550305725403,0.9304396215915415,0.7850458630593904,1.0,1.0,0.7669632925472748,0.9683635304531295,0.0,11.238262865789316,299,"= Thomas Quiney = Thomas Quiney ( baptised 26 February <unk> - c . 1662 or 1663 ) was the husband of William Shakespeare 's daughter Judith Shakespeare , and a vintner and <unk> in Stratford @-@ upon @-@ Avon . Quiney he",0.6737089361990815,0.769646677829307,2.3167518816399495,False,True,10793.0,0.2330367074527252,train,0.053738534235152416,1799.0,0.2990550305725403,7.746908243625036,0.06956037840845852,0.9160639548535657,1.0,1.0,0.0,0.2990550305725403,0.9304396215915415,0.7850458630593904,1.0,1.0,0.7669632925472748,0.9683635304531295,0.0,0.7254256975604793,1327-1869,1.0,0.679567489036657,0.7669632925472748,0.7137298499166204
4.541667826447184,0.9083335652894368,1.0,0.9997547366484762,0.0,0.265289480837184,0.926298612999728,0.8442009132420092,1.0,0.9976196143775291,0.7384448069603046,1.0,0.0,11.189474293298755,300,"= Transit of Venus = A transit of Venus across the Sun takes place when the planet Venus passes directly between the Sun and a superior planet , becoming visible against ( and hence obscuring a small portion of ) the sol",0.6735788443187471,0.7627622203058,2.1584093409329013,False,True,21900.0,0.26155519303969543,train,0.03894977168949772,3679.0,0.265289480837184,8.136053243127197,0.07370138700027196,0.9083335652894368,1.0,0.9997547366484762,0.0,0.265289480837184,0.926298612999728,0.8442009132420092,1.0,0.9976196143775291,0.7384448069603046,1.0,0.0,0.7231546576656708,2952-4487,1.0,0.6778996990421314,0.7384448069603046,0.6947540092416418
4.580951428269657,0.9161902856539313,1.0,0.9931002759889604,0.0,0.27102803738317754,0.8887733887733887,0.8266747551780917,1.0,1.0,0.6966233766233766,0.9418404298643709,0.0,11.996626285933472,301,"= Ímar mac Arailt = Ímar mac Arailt ( died 1054 ) was an eleventh @-@ century ruler of the Kingdom of Dublin and perhaps the Kingdom of the Isles . He was the son of a man named Aralt , and appears to have been a grandso",0.6588693258859947,0.7482785936251701,2.04212130587415,False,False,11539.0,0.3033766233766234,train,0.04333131120547708,1926.0,0.27102803738317754,7.534723438914967,0.11122661122661126,0.9161902856539313,1.0,0.9931002759889604,0.0,0.27102803738317754,0.8887733887733887,0.8266747551780917,1.0,1.0,0.6966233766233766,0.9418404298643709,0.0,0.7106717719655739,1869-2952,1.0,0.6585530027946741,0.6966233766233766,0.6770508826583593
4.4797202584142335,0.8959440516828467,1.0,0.9998669328010645,0.0,0.2543434343434343,0.9527081649151172,0.7815883882434256,1.0,1.0,0.7621741766013336,1.0,0.0,11.67591847156075,302,"= Tessa Noël = Tessa Noël is a fictional character in the television series Highlander : The Series , portrayed by Alexandra Vandernoot . A mortal artist and sculptor , Tessa is the French lover of the protagonist Immort",0.6709507471150309,0.7624925539129085,2.1549200375738358,False,True,30383.0,0.23782582339866642,train,0.0546029029391436,4950.0,0.2543434343434343,8.472481482121118,0.04729183508488277,0.8959440516828467,1.0,0.9998669328010645,0.0,0.2543434343434343,0.9527081649151172,0.7815883882434256,1.0,1.0,0.7621741766013336,1.0,0.0,0.7209244147329495,4487-1000000000,1.0,0.6740480659523334,0.7621741766013336,0.6909090909090909
4.613296596689974,0.9226593193379948,1.0,1.0,0.0,0.2721991701244813,0.9240033222591362,0.8129997949559156,1.0,1.0,0.7231216272312163,0.9773187097092495,0.0,8.81747997333541,303,"= M @-@ 5 ( Michigan highway ) = M @-@ 5 , commonly referred to as Grand River Avenue and the northern section as the Haggerty Connector , is a 20 @.@ <unk> @-@ mile @-@ long ( 33 @.@ 486 km ) state trunkline highway in ",0.6687525193719907,0.7743217990890174,2.1282027338398923,False,True,14631.0,0.2768783727687837,train,0.04675005126102112,2410.0,0.2721991701244813,7.818549677673996,0.07599667774086383,0.9226593193379948,1.0,1.0,0.0,0.2721991701244813,0.9240033222591362,0.8129997949559156,1.0,1.0,0.7231216272312163,0.9773187097092495,0.0,0.7208576957493252,1869-2952,1.0,0.6728083178330952,0.7231216272312163,0.775103734439834
4.609288192363888,0.9218576384727776,1.0,1.0,0.0,0.39584824624194703,0.9555555555555556,0.8316614781505822,1.0,1.0,0.8273638968481375,0.9894772371208661,0.0,10.336190468438947,304,"= McAllister Tower Apartments = McAllister Tower Apartments is a 28 @-@ story , 94 m ( 308 ft ) residential apartment skyscraper at 100 McAllister Street in San Francisco , California . The property is owned and operated",0.7012324259204218,0.7892358065265653,3.133462632084976,True,True,8673.0,0.1726361031518625,train,0.04208463046235443,1397.0,0.39584824624194703,7.915817896966929,0.0444444444444444,0.9218576384727776,1.0,1.0,0.0,0.39584824624194703,0.9555555555555556,0.8316614781505822,1.0,1.0,0.8273638968481375,0.9894772371208661,0.0,0.7521375879754563,1327-1869,1.0,0.7224001648284315,0.8273638968481375,0.7000715819613458
4.509346214823706,0.9018692429647412,1.0,0.9993289716490522,0.0,0.31738800303720577,0.8570342205323194,0.8449968132568515,1.0,1.0,0.7188449848024316,0.9254469001246222,0.0,12.382372333914292,305,= Karamokho Alfa = Karamokho Alfa ( born Ibrahima <unk> Sambeghu and sometimes called Alfa Ibrahim ) ( died c . 1751 ) was a <unk> religious leader who led a jihad that created the <unk> of Futa Jallon in what is now Gui,0.6628239347232973,0.7522332073390284,2.34980594838021,False,False,7845.0,0.28115501519756836,train,0.038750796685787126,1317.0,0.31738800303720577,7.403575200996977,0.14296577946768063,0.9018692429647412,1.0,0.9993289716490522,0.0,0.31738800303720577,0.8570342205323194,0.8449968132568515,1.0,1.0,0.7188449848024316,0.9254469001246222,0.0,0.7148360553600045,0-1327,1.0,0.6681267534704592,0.7188449848024316,0.6719817767653758
4.52501881909928,0.905003763819856,1.0,0.9998796051047436,0.0,0.3695299837925446,0.9545700378583017,0.8547516692582091,1.0,1.0,0.8324324324324325,1.0,0.0,10.647354630275672,306,"= Murder of Tom ap Rhys Pryce = Thomas Mervyn "" Tom "" ap Rhys Pryce ( 13 October 1974 – 12 January 2006 ) was a 31 @-@ year @-@ old British lawyer who was robbed and murdered by two black teenagers as he made his way hom",0.70060544290453,0.7877250988558543,2.9861857970787904,True,True,10933.0,0.16756756756756752,train,0.03631208268544773,1851.0,0.3695299837925446,8.081037880691287,0.045429962141698255,0.905003763819856,1.0,0.9998796051047436,0.0,0.3695299837925446,0.9545700378583017,0.8547516692582091,1.0,1.0,0.8324324324324325,1.0,0.0,0.748528168323346,1327-1869,1.0,0.7166465801098092,0.8324324324324325,0.7023230686115614
4.610515217960125,0.922103043592025,1.0,0.996565147698649,0.0,0.34881320949432404,0.9245087900723888,0.7640374331550802,1.0,1.0,0.7902892561983471,0.9259186863504172,0.0,11.336955326193126,307,"= Lágrimas Cálidas = Lágrimas Cálidas ( English : Warm Tears ) is the debut studio album by Colombian recording artist Fanny Lu , released on January 1 , 2005 . The record contains ten tracks , most of which were compose",0.6760376593715364,0.7672469525363097,2.583781349733259,True,True,5984.0,0.2097107438016529,train,0.058990641711229946,969.0,0.34881320949432404,7.4073494908033375,0.07549120992761116,0.922103043592025,1.0,0.996565147698649,0.0,0.34881320949432404,0.9245087900723888,0.7640374331550802,1.0,1.0,0.7902892561983471,0.9259186863504172,0.0,0.7282916173028029,0-1327,0.9924687467496274,0.6828287826125867,0.7902892561983471,0.6883384932920537
4.604975532329735,0.9209951064659471,1.0,0.9995780096120033,0.0,0.14630926997664737,0.8493957550523001,0.8332245767077653,1.0,1.0,0.5911860276198213,1.0,0.0,11.171155362709102,308,= Roger Federer = Roger Federer ( German : [ <unk> ] born 8 August 1981 ) is a Swiss professional tennis player who is currently ranked world No. 3 by the Association of Tennis <unk> ( ATP ) . His accomplishments in prof,0.6345072602894724,0.733545281898349,1.2150243528992233,False,False,58234.0,0.4088139723801787,train,0.04169385582305869,9849.0,0.14630926997664737,8.304493304444449,0.15060424494769986,0.9209951064659471,1.0,0.9995780096120033,0.0,0.14630926997664737,0.8493957550523001,0.8332245767077653,1.0,1.0,0.5911860276198213,1.0,0.0,0.690572582015916,4487-1000000000,1.0,0.6318636085021198,0.5911860276198213,0.7097167225098995
4.548489231929416,0.9096978463858832,1.0,1.0,0.0,0.28938906752411575,0.8930997497318556,0.8248810956392184,1.0,1.0,0.7158684774839171,1.0,0.0,10.180429420449636,309,"= Jane 's Attack Squadron = Jane 's Attack Squadron is a 2002 combat flight simulator developed by Looking Glass Studios and Mad Doc Software and published by <unk> Interactive . Based on World War II , the game allows p",0.6681323244908332,0.7664098827217477,2.3351617444855464,False,True,17451.0,0.28413152251608287,train,0.043779726090195405,2799.0,0.28938906752411575,8.069281139277832,0.10690025026814443,0.9096978463858832,1.0,1.0,0.0,0.28938906752411575,0.8930997497318556,0.8248810956392184,1.0,1.0,0.7158684774839171,1.0,0.0,0.7229323827460048,1869-2952,1.0,0.6838134582540314,0.7158684774839171,0.720971775634155
4.580578584335224,0.9161157168670447,1.0,0.9997548779292087,0.0,0.21770614342443353,0.8985744332788035,0.8419007113001393,1.0,1.0,0.688785046728972,1.0,0.0,10.61937874728779,310,"= 1955 Atlantic hurricane season = The 1955 Atlantic hurricane season was , at the time , the costliest season ever recorded . The hurricane season officially began on June 15 , 1955 , and ended on November 15 , 1955 . I",0.6601577530784214,0.7576536863832415,1.8170542235853446,False,True,27274.0,0.311214953271028,train,0.03952482217496517,4281.0,0.21770614342443353,8.346361728721954,0.10142556672119651,0.9161157168670447,1.0,0.9997548779292087,0.0,0.21770614342443353,0.8985744332788035,0.8419007113001393,1.0,1.0,0.688785046728972,1.0,0.0,0.7117282956980863,2952-4487,1.0,0.6602906837051515,0.688785046728972,0.728801681850035
4.547071186315804,0.9094142372631608,1.0,1.0,0.0,0.348,0.9595676541232986,0.8058448526162975,1.0,1.0,0.8187274909963985,1.0,0.0,9.98466485985515,311,"= <unk> = noitulovE ( "" Evolution "" backwards ) is a British television and cinema advertisement launched by Diageo in 2005 to promote Guinness <unk> stout . The 60 @-@ second piece formed the cornerstone of a £ 15 milli",0.6925686206426607,0.78828538558732,2.8694895819626214,True,True,15843.0,0.18127250900360148,train,0.04853878684592564,2500.0,0.348,8.245659718283395,0.040432345876701414,0.9094142372631608,1.0,1.0,0.0,0.348,0.9595676541232986,0.8058448526162975,1.0,1.0,0.8187274909963985,1.0,0.0,0.7429860945053226,1869-2952,1.0,0.7084930472526613,0.8187274909963985,0.7308
4.595294512285862,0.9190589024571724,1.0,1.0,0.0,0.21042298768516865,0.9260846277450455,0.8475607891114849,1.0,1.0,0.711710103534452,1.0,0.0,9.80759036977728,312,"= Stuart McCall = Andrew Stuart Murray McCall ( born 10 June 1964 ) , usually known as Stuart McCall , is a football manager and former player who is the current manager of Bradford City . He made a total of 763 league g",0.6661582083258836,0.7649719474242996,1.7670657204294413,False,True,32695.0,0.28828989646554803,train,0.038109802722128765,5603.0,0.21042298768516865,8.397683826604037,0.07391537225495448,0.9190589024571724,1.0,1.0,0.0,0.21042298768516865,0.9260846277450455,0.8475607891114849,1.0,1.0,0.711710103534452,1.0,0.0,0.7146866964891506,4487-1000000000,1.0,0.6599490951658675,0.711710103534452,0.7526325182937712
4.624743630560099,0.9249487261120197,1.0,1.0,0.0,0.28656462585034015,0.8531914893617021,0.6578964380373651,1.0,1.0,0.7069332199064228,0.981413222501687,0.0,12.813400576453244,313,"= Black @-@ tailed jackrabbit = The black @-@ tailed jackrabbit ( Lepus californicus ) , also known as the American desert hare , is a common hare of the western United States and Mexico , where it is found at elevations",0.6455862289021557,0.7425369813032243,2.2499065032861805,False,False,15469.0,0.29306678009357723,train,0.08552589049065874,2352.0,0.28656462585034015,7.851305780013496,0.14680851063829792,0.9249487261120197,1.0,1.0,0.0,0.28656462585034015,0.8531914893617021,0.6578964380373651,1.0,1.0,0.7069332199064228,0.981413222501687,0.0,0.7118305644273674,1869-2952,1.0,0.6729097443016905,0.7069332199064228,0.6267006802721088
4.5316745200111255,0.906334904002225,1.0,1.0,0.0,0.13848305875038855,0.8318047567231462,0.8754078146273795,1.0,1.0,0.5738711432346312,1.0,0.0,9.619665241478287,314,= Battle of Romani = The Battle of Romani was the last ground attack of the Central Powers on the Suez Canal at the beginning of the Sinai and Palestine Campaign during the First World War . The battle was fought between,0.6324554102355264,0.7358462494555886,1.175768326952129,False,False,77854.0,0.4261288567653688,train,0.031148046343155135,12868.0,0.13848305875038855,8.49034053379349,0.16819524327685376,0.906334904002225,1.0,1.0,0.0,0.13848305875038855,0.8318047567231462,0.8754078146273795,1.0,1.0,0.5738711432346312,1.0,0.0,0.6868253519731042,4487-1000000000,1.0,0.6280334406741492,0.5738711432346312,0.741917935965185
4.577421085268791,0.9154842170537583,1.0,1.0,0.0,0.31580792148615494,0.942827078218169,0.8248885285772193,1.0,1.0,0.7808555399719496,1.0,0.0,11.357469009410728,315,"= The Litigators = The Litigators is a 2011 legal thriller novel by John Grisham , his 25th fiction novel overall . The Litigators is about a two @-@ partner Chicago law firm attempting to strike it rich in a class actio",0.6851142803366159,0.772641600206865,2.6317745103273222,True,True,17269.0,0.21914446002805044,train,0.04377786785569518,2853.0,0.31580792148615494,8.33346579130283,0.057172921781830977,0.9154842170537583,1.0,1.0,0.0,0.31580792148615494,0.942827078218169,0.8248885285772193,1.0,1.0,0.7808555399719496,1.0,0.0,0.7357625821348013,1869-2952,1.0,0.6968332714389394,0.7808555399719496,0.68664563617245
4.635597973269877,0.9271195946539754,1.0,1.0,0.0,0.42413162705667273,0.9468864468864469,0.7904612978889758,1.0,1.0,0.8417200365965233,0.968867759855581,0.0,9.866899206397587,316,"= Stanley Green = Stanley Owen Green ( 22 February 1915 – 4 December 1993 ) , known as the Protein Man , was a human billboard who became a well @-@ known figure in central London in the latter half of the 20th century .",0.6997886961169403,0.7996638290431908,3.28741967512241,True,True,6395.0,0.15827996340347672,train,0.05238467552775606,1094.0,0.42413162705667273,7.750942078844648,0.05311355311355315,0.9271195946539754,1.0,1.0,0.0,0.42413162705667273,0.9468864468864469,0.7904612978889758,1.0,1.0,0.8417200365965233,0.968867759855581,0.0,0.7532150333862543,0-1327,0.996742301688083,0.7248573634211907,0.8417200365965233,0.7504570383912249
4.586301440732195,0.9172602881464391,1.0,1.0,0.0,0.3540983606557377,0.9266155531215772,0.7503152585119799,1.0,1.0,0.7844638949671773,0.8906896118585473,0.0,13.068433574745375,317,"= Sclerodermatineae = Sclerodermatineae is a suborder of the fungal order Boletales . <unk> in 2002 by <unk> Manfred Binder and Andreas <unk> , it contains nine genera and about 80 species . The suborder contains a diver",0.6714943074877451,0.7539911526605028,2.523133851297655,False,False,6344.0,0.21553610503282272,train,0.06242118537200504,915.0,0.3540983606557377,7.125516894868379,0.07338444687842283,0.9172602881464391,1.0,1.0,0.0,0.3540983606557377,0.9266155531215772,0.7503152585119799,1.0,1.0,0.7844638949671773,0.8906896118585473,0.0,0.72306862488033,0-1327,0.9904492701147343,0.6727313055687363,0.7844638949671773,0.639344262295082
4.642043886079639,0.9284087772159278,1.0,1.0,0.0,0.3574051407588739,0.9042944785276074,0.7473947478115881,1.0,1.0,0.7781862745098039,0.9072044506678701,0.0,10.539412935220183,318,= SM U @-@ 3 ( Austria @-@ Hungary ) = SM U @-@ 3 or U @-@ III was the lead boat of the U @-@ 3 class of submarines or U @-@ boats built for and operated by the Austro @-@ Hungarian Navy ( German : <unk> und <unk> Kriegs,0.6709090675215345,0.7706228067545866,2.593916275104216,False,True,4798.0,0.22181372549019607,train,0.06315131304710296,817.0,0.3574051407588739,7.257635605342961,0.09570552147239264,0.9284087772159278,1.0,1.0,0.0,0.3574051407588739,0.9042944785276074,0.7473947478115881,1.0,1.0,0.7781862745098039,0.9072044506678701,0.0,0.7254172285396575,0-1327,0.986459865690247,0.6788610121265147,0.7781862745098039,0.7282741738066095
4.505668771315427,0.9011337542630853,1.0,1.0,0.0,0.3821862348178138,0.910786699107867,0.847307430129516,1.0,1.0,0.7876823338735819,0.9656868736598826,0.0,10.115066157841607,319,"= The Son Also Draws = "" The Son Also Draws "" is the sixth episode of the first season of the animated comedy series Family Guy , originally aired on Fox on May 9 , 1999 . The episode follows Chris as he is ejected from ",0.687545984824678,0.7815236600251982,2.952577842056451,True,True,7335.0,0.21231766612641811,train,0.038173142467621,1235.0,0.3821862348178138,7.725494989279061,0.08921330089213297,0.9011337542630853,1.0,1.0,0.0,0.3821862348178138,0.910786699107867,0.847307430129516,1.0,1.0,0.7876823338735819,0.9656868736598826,0.0,0.7388860454936156,0-1327,1.0,0.706411299866232,0.7876823338735819,0.7182186234817813
4.522226637082982,0.9044453274165963,1.0,1.0,0.0,0.37950138504155123,0.9222222222222223,0.7973094170403587,1.0,1.0,0.7739251040221914,0.8702608350125617,0.0,11.641625143186236,320,"= Protomycena = Protomycena is an extinct monotypic genus of <unk> fungus in the family <unk> , of order Agaricales . At present it contains the single species Protomycena electra , known from a single specimen collected",0.6740601688734312,0.7553051093871612,2.6421215378774723,False,False,4460.0,0.2260748959778086,train,0.050672645739910316,722.0,0.37950138504155123,6.9620866801004935,0.07777777777777772,0.9044453274165963,1.0,1.0,0.0,0.37950138504155123,0.9222222222222223,0.7973094170403587,1.0,1.0,0.7739251040221914,0.8702608350125617,0.0,0.7233654026202695,0-1327,0.9821073524887829,0.674123256323663,0.7739251040221914,0.6578947368421053
4.4687587686909405,0.893751753738188,1.0,0.9997488856802059,0.0,0.27286821705426356,0.9286379149860379,0.837750768780202,1.0,1.0,0.7468982630272953,1.0,0.0,10.867492425910925,321,"= Art in Medieval Scotland = Art in Medieval Scotland includes all forms of artistic production within the modern borders of Scotland , between the fifth century and the adoption of the Renaissance in the early sixteenth",0.6738572057622775,0.7602562670580358,2.2084844844128857,False,True,20487.0,0.25310173697270466,train,0.04056230780494948,3225.0,0.27286821705426356,8.093593707081315,0.07136208501396213,0.893751753738188,1.0,0.9997488856802059,0.0,0.27286821705426356,0.9286379149860379,0.837750768780202,1.0,1.0,0.7468982630272953,1.0,0.0,0.7232474035128134,2952-4487,1.0,0.6798407560199726,0.7468982630272953,0.6753488372093023
4.622135061170406,0.9244270122340812,1.0,1.0,0.0,0.3536102868447082,0.9356435643564357,0.796905060644082,1.0,1.0,0.785254824344384,0.9952148106581187,0.0,10.763399857462904,322,"= Humpty Dumpty = Humpty Dumpty is a character in an English nursery rhyme , probably originally a riddle and one of the best known in the English @-@ speaking world . He is typically portrayed as an anthropomorphic egg ",0.6864886779850511,0.7799941086503663,2.815345557351354,True,True,11955.0,0.21474517565561602,train,0.050773734838979505,2022.0,0.3536102868447082,7.961718485264949,0.0643564356435643,0.9244270122340812,1.0,1.0,0.0,0.3536102868447082,0.9356435643564357,0.796905060644082,1.0,1.0,0.785254824344384,0.9952148106581187,0.0,0.7408596410452554,1869-2952,1.0,0.7076360948983343,0.785254824344384,0.705242334322453
4.663395648827198,0.9326791297654395,1.0,0.9998280408116473,0.0,0.28217175672148265,0.9425437451031601,0.7988554115468777,1.0,1.0,0.7553524804177546,1.0,0.0,10.26497989159525,323,"= Welsh National Opera = Welsh National Opera ( WNO ) ( Welsh : Opera <unk> Cymru ) is an opera company based in Cardiff , Wales ; it gave its first performances in 1946 . It began as a mainly amateur body and transforme",0.677355907780428,0.7708145769277619,2.314790772188092,True,True,23764.0,0.2446475195822454,train,0.05028614711328059,3831.0,0.28217175672148265,8.203481450742443,0.05745625489683992,0.9326791297654395,1.0,0.9998280408116473,0.0,0.28217175672148265,0.9425437451031601,0.7988554115468777,1.0,1.0,0.7553524804177546,1.0,0.0,0.7298303400358103,2952-4487,1.0,0.6854581091982759,0.7553524804177546,0.7105194466196816
4.624080045207097,0.9248160090414194,1.0,1.0,0.0,0.19965576592082615,0.9095320081389889,0.8695594303207773,1.0,1.0,0.6788732394366197,1.0,0.0,9.09345321201861,324,"= England national rugby union team = The England national rugby union team represents England in rugby union . They compete in the annual Six Nations Championship with France , Ireland , Scotland , Italy , and Wales . T",0.6618467780295527,0.7648968349028995,1.6775685764724388,False,True,37565.0,0.3211267605633803,train,0.03261014241980567,6391.0,0.19965576592082615,8.402304680435233,0.09046799186101107,0.9248160090414194,1.0,1.0,0.0,0.19965576592082615,0.9095320081389889,0.8695594303207773,1.0,1.0,0.6788732394366197,1.0,0.0,0.7112413700405468,4487-1000000000,1.0,0.65553462650048,0.6788732394366197,0.7782819590048505
4.560175835042663,0.9120351670085325,1.0,0.9947716535433071,0.0,0.2765525246662797,0.9401858304297329,0.8084149746793506,1.0,1.0,0.7509433962264151,1.0,0.0,10.469652884993975,325,"= Jeremi Wiśniowiecki = Jeremi Wiśniowiecki ( Ukrainian : <unk> <unk> - <unk> <unk> ; August 17 , 1612 – August 20 , 1651 ) nicknamed <unk> on the Cossacks or Iron Hand , was a notable member of the aristocracy of the Po",0.6744648029957704,0.7723764869983922,2.2197479451616164,False,True,21129.0,0.24905660377358485,train,0.04789625633016233,3446.0,0.2765525246662797,8.026496767079676,0.059814169570267084,0.9120351670085325,1.0,0.9947716535433071,0.0,0.2765525246662797,0.9401858304297329,0.8084149746793506,1.0,1.0,0.7509433962264151,1.0,0.0,0.7255524291546314,2952-4487,1.0,0.6819143457438857,0.7509433962264151,0.7338943702843876
4.587584237175756,0.9175168474351512,1.0,1.0,0.0,0.44343065693430656,0.8681318681318682,0.7731657410114001,1.0,1.0,0.7678244972577697,0.8966817918247811,0.0,11.536193799163652,326,"= Bassline ( Chris Brown song ) = "" Bassline "" is a song by American recording artist Chris Brown , taken from his fifth studio album Fortune ( 2012 ) . It was written by Andrea Simms , Andrew "" Pop "" Wansel , Brown , Da",0.6752818768783317,0.7615321168135161,3.1809295680791507,False,True,3421.0,0.2321755027422303,train,0.056708564747149956,548.0,0.44343065693430656,7.173454334598249,0.13186813186813184,0.9175168474351512,1.0,1.0,0.0,0.44343065693430656,0.8681318681318682,0.7731657410114001,1.0,1.0,0.7678244972577697,0.8966817918247811,0.0,0.7338641223100552,0-1327,0.9724008836590722,0.7019601733447995,0.7678244972577697,0.6587591240875912
4.662544361457409,0.9325088722914818,1.0,1.0,0.0,0.40788415124698313,0.9443996776792909,0.8074173971679028,1.0,1.0,0.8043478260869565,0.9845109284338827,0.0,9.501044762178308,327,= HMS Black Prince ( 1904 ) = HMS Black Prince was a Duke of Edinburgh @-@ class armoured cruiser built for the Royal Navy in the mid @-@ 1900s . She was stationed in the Mediterranean when the First World War began and ,0.6964766341883477,0.7942963352477912,3.2125312355010687,True,True,7415.0,0.19565217391304346,train,0.048145650708024276,1243.0,0.40788415124698313,7.876087427471061,0.055600322320709106,0.9325088722914818,1.0,1.0,0.0,0.40788415124698313,0.9443996776792909,0.8074173971679028,1.0,1.0,0.8043478260869565,0.9845109284338827,0.0,0.7512927068241768,0-1327,1.0,0.7237451233323049,0.8043478260869565,0.7393403057119872
4.476344706200283,0.8952689412400566,1.0,1.0,0.0,0.3333333333333333,0.9011124845488258,0.82160475183731,1.0,1.0,0.7683755404570722,0.9558701834082161,0.0,10.875255614589559,328,"= On the Pulse of Morning = "" On the Pulse of Morning "" is a poem by African @-@ American writer and poet Maya Angelou that she read at the first inauguration of President Bill Clinton on January 20 , 1993 . With her pub",0.6749901898245195,0.7665854512341613,2.548987155755243,False,True,9933.0,0.23162445954292776,train,0.04459881204067251,1620.0,0.3333333333333333,7.6469614672657285,0.09888751545117425,0.8952689412400566,1.0,1.0,0.0,0.3333333333333333,0.9011124845488258,0.82160475183731,1.0,1.0,0.7683755404570722,0.9558701834082161,0.0,0.7260633932437124,1327-1869,1.0,0.6853325758072436,0.7683755404570722,0.6901234567901234
4.448281759590572,0.8896563519181144,1.0,1.0,0.0,0.37568455640744797,0.9577850877192983,0.8246720903204383,1.0,1.0,0.8361643835616438,1.0,0.0,11.005561793396005,329,= God 's Choice = God 's Choice : The Total World of a Fundamentalist Christian School is a 1986 book written by Alan Peshkin and published by the University of Chicago Press . It is the product of his late 1970s 18 @-@ ,0.6974297739791261,0.7824119223222651,3.0438732626740475,True,True,12046.0,0.1638356164383562,train,0.04383197741989042,1826.0,0.37568455640744797,8.102204923677567,0.04221491228070173,0.8896563519181144,1.0,1.0,0.0,0.37568455640744797,0.9577850877192983,0.8246720903204383,1.0,1.0,0.8361643835616438,1.0,0.0,0.7465825569548373,1327-1869,1.0,0.7172124175792807,0.8361643835616438,0.6752464403066812
4.579325361646669,0.9158650723293338,1.0,1.0,0.0,0.3072474942174248,0.9448302469135802,0.8288125376732971,1.0,1.0,0.7794060933281913,1.0,0.0,10.965878043753953,330,"= Baltimore mayoral election , 1999 = On November 2 , 1999 , the city of Baltimore , Maryland , elected a new mayor , the 47th in the city 's history . Primary elections were held to determine the nominees for the Democr",0.6846921706592127,0.7736244147224458,2.5077625702063724,True,True,16590.0,0.22059390667180867,train,0.04279686558167571,2594.0,0.3072474942174248,8.16202773791133,0.055169753086419804,0.9158650723293338,1.0,1.0,0.0,0.3072474942174248,0.9448302469135802,0.8288125376732971,1.0,1.0,0.7794060933281913,1.0,0.0,0.7346737205974211,1869-2952,1.0,0.6941487338530667,0.7794060933281913,0.6973785659213569
4.529288054246624,0.9058576108493248,1.0,0.9997811337272926,0.0,0.30190571715145437,0.9327309236947792,0.8175960346964064,1.0,1.0,0.7531359759157049,0.9552948219898176,0.0,10.575632450284626,331,"= Arikamedu = Arikamedu is an archaeological site in Southern India , <unk> , <unk> <unk> , <unk> . It is 4 kilometres ( 2 @.@ 5 mi ) from the capital , Pondicherry of the Indian territory of <unk> . Sir Mortimer Wheeler",0.6735969088044225,0.7640597841124211,2.3072717465912547,False,True,12105.0,0.2468640240842951,train,0.04560099132589839,1994.0,0.30190571715145437,7.642358575918541,0.06726907630522083,0.9058576108493248,1.0,0.9997811337272926,0.0,0.30190571715145437,0.9327309236947792,0.8175960346964064,1.0,1.0,0.7531359759157049,0.9552948219898176,0.0,0.7231233834313403,1869-2952,1.0,0.6758618265009881,0.7531359759157049,0.6970912738214644
4.55581535689594,0.9111630713791881,1.0,0.999774698659457,0.0,0.33297062023939067,0.9199346405228758,0.8549187339606501,1.0,1.0,0.7746325530756668,1.0,0.0,10.773705612027259,332,"= Hurricane Ingrid = Hurricane Ingrid was one of two tropical cyclones , along with Hurricane Manuel , to strike Mexico within a 24 ‑ hour period , the first such occurrence since 1958 . Ingrid was the ninth named storm ",0.6863113953226623,0.773748984066649,2.6663775969851393,True,True,11690.0,0.2253674469243332,train,0.03627031650983747,1838.0,0.33297062023939067,8.007846443233147,0.08006535947712423,0.9111630713791881,1.0,0.999774698659457,0.0,0.33297062023939067,0.9199346405228758,0.8549187339606501,1.0,1.0,0.7746325530756668,1.0,0.0,0.7372239813797771,1327-1869,1.0,0.7018546457497362,0.7746325530756668,0.6882480957562568
4.674568839401985,0.934913767880397,1.0,1.0,0.0,0.29933481152993346,0.9196626719928983,0.7846683893195521,1.0,1.0,0.7542147293700089,1.0,0.0,10.76727207436977,333,"= Typhoon Imbudo = Typhoon Imbudo , known in the Philippines as Typhoon <unk> , was a powerful typhoon that struck the Philippines and southern China in July 2003 . The seventh named storm and fourth typhoon of the seaso",0.6754141621330401,0.7678367486942885,2.4202623477407945,False,True,13932.0,0.24578527062999111,train,0.053832902670111975,2255.0,0.29933481152993346,8.085469028378506,0.0803373280071017,0.934913767880397,1.0,1.0,0.0,0.29933481152993346,0.9196626719928983,0.7846683893195521,1.0,1.0,0.7542147293700089,1.0,0.0,0.7307312829786605,1869-2952,1.0,0.6901993443718136,0.7542147293700089,0.6886917960088692
4.54839639537218,0.9096792790744359,1.0,1.0,0.0,0.33069620253164556,0.9371700105596621,0.8343993085566119,1.0,1.0,0.7846965699208444,1.0,0.0,10.087251614919582,334,"= Hurricane Felicia ( 2009 ) = Hurricane Felicia was the third strongest tropical cyclone of the 2009 Pacific hurricane season , as well as the strongest storm to exist in the eastern Pacific at the time since Hurricane ",0.6869439124101482,0.7842662281593659,2.654450656321392,True,True,11570.0,0.21530343007915564,train,0.04140017286084702,1896.0,0.33069620253164556,8.026855573182392,0.06282998944033791,0.9096792790744359,1.0,1.0,0.0,0.33069620253164556,0.9371700105596621,0.8343993085566119,1.0,1.0,0.7846965699208444,1.0,0.0,0.7376226996303324,1869-2952,1.0,0.7014854004480775,0.7846965699208444,0.7415611814345991
4.5813023431801,0.9162604686360201,1.0,1.0,0.0,0.30277502477700696,0.9216269841269841,0.7938246191848497,1.0,1.0,0.7659890927119485,0.9851401119421089,0.0,11.087565373113014,335,"= Santa @-@ Fe ( Bob Dylan song ) = "" Santa @-@ Fe "" ( sometimes spelled "" Santa Fe "" or "" Santa <unk> "" ) is a song that was recorded by Bob Dylan and the Band in the summer or fall of 1967 in the Woodstock area of New ",0.6753454088575592,0.7685325755316804,2.3862065744167635,False,True,12145.0,0.23401090728805152,train,0.05154384520378757,2018.0,0.30277502477700696,7.8811208955368715,0.07837301587301593,0.9162604686360201,1.0,1.0,0.0,0.30277502477700696,0.9216269841269841,0.7938246191848497,1.0,1.0,0.7659890927119485,0.9851401119421089,0.0,0.7280920816620244,1869-2952,1.0,0.6860248250107912,0.7659890927119485,0.6967294350842418
4.529115657666313,0.9058231315332627,1.0,1.0,0.0,0.3742971887550201,0.9082864038616251,0.7899115964638586,1.0,1.0,0.792604501607717,0.9610477224438292,0.0,10.21612986707407,336,"= The Secret ( The Office ) = "" The Secret "" is the thirteenth episode of the second season of the American comedy television series The Office , and the show 's nineteenth episode overall . It was written by Lee Eisenbe",0.6813818725162103,0.7768800430060305,2.877739686161121,True,True,7692.0,0.207395498392283,train,0.05252210088403536,1245.0,0.3742971887550201,7.6883817795506335,0.09171359613837493,0.9058231315332627,1.0,1.0,0.0,0.3742971887550201,0.9082864038616251,0.7899115964638586,1.0,1.0,0.792604501607717,0.9610477224438292,0.0,0.7354554391884099,0-1327,1.0,0.7015639473939173,0.792604501607717,0.702008032128514
4.5296037412973185,0.9059207482594637,1.0,1.0,0.0,0.3277922077922078,0.9235569422776911,0.818991875600594,1.0,1.0,0.7744282744282744,0.9895703451425639,0.0,10.52408875909543,337,"= Maggie Simpson = Margaret "" Maggie "" Simpson is a fictional character in the animated television series The Simpsons . She first appeared on television in the Tracey Ullman Show short "" Good Night "" on April 19 , 1987 ",0.6810892660000779,0.7737329596064082,2.594987585599825,True,True,11447.0,0.22557172557172556,train,0.045252031099851486,1925.0,0.3277922077922078,7.916562761140511,0.07644305772230886,0.9059207482594637,1.0,1.0,0.0,0.3277922077922078,0.9235569422776911,0.818991875600594,1.0,1.0,0.7744282744282744,0.9895703451425639,0.0,0.7329729032349869,1869-2952,1.0,0.6958270898511865,0.7744282744282744,0.7028571428571428
4.477853140060365,0.895570628012073,1.0,1.0,0.0,0.37600494743351887,0.9746130030959752,0.8286946698161651,1.0,1.0,0.8551980198019802,0.9988246413218181,0.0,11.385954831768005,338,"= Chasing Vermeer = Chasing Vermeer is a 2004 children 's art mystery novel written by Blue Balliett and illustrated by Brett <unk> . Set in Hyde Park , Chicago near the University of Chicago , the novel follows two chil",0.7026224884854858,0.7836630652309513,3.0045040540441086,True,True,9737.0,0.14480198019801982,train,0.04282633254595872,1617.0,0.37600494743351887,7.990597130574545,0.025386996904024794,0.895570628012073,1.0,1.0,0.0,0.37600494743351887,0.9746130030959752,0.8286946698161651,1.0,1.0,0.8551980198019802,0.9988246413218181,0.0,0.7499227342915905,1327-1869,1.0,0.7186687643346295,0.8551980198019802,0.6648113790970934
4.624709671899,0.9249419343798,1.0,1.0,0.0,0.42428198433420367,0.943717277486911,0.7765735723218008,1.0,1.0,0.8209150326797385,0.9326156981332375,0.0,9.646360281751884,339,"= Caught Up ( Usher song ) = "" Caught Up "" is a song by American R & B singer Usher . It was written by Ryan Toby , Andre Harris , Vidal Davis and Jason Boyd , and produced by Dre & Vidal for Usher 's 2004 album Confessi",0.6921221295421394,0.7893701051849473,3.1655363122015894,True,True,4798.0,0.17908496732026147,train,0.055856606919549814,766.0,0.42428198433420367,7.4609255850659,0.05628272251308897,0.9249419343798,1.0,1.0,0.0,0.42428198433420367,0.943717277486911,0.7765735723218008,1.0,1.0,0.8209150326797385,0.9326156981332375,0.0,0.7455993327893957,0-1327,0.9841902156435409,0.7120240870115582,0.8209150326797385,0.7428198433420365
4.615296871760003,0.9230593743520006,1.0,1.0,0.0,0.3104715248009798,0.8148375229920294,0.8057803468208092,1.0,1.0,0.6740196078431373,0.9733265612240841,0.0,9.846521264690113,340,"= If I Never See Your Face Again = "" If I Never See Your Face Again "" is a song by American pop rock band Maroon 5 from the June 2008 re @-@ release of the group 's second studio album , It Won 't Be Soon Before Long ( 2",0.6539832151164453,0.7621195146842926,2.4175214527402846,False,False,9515.0,0.3259803921568627,train,0.048554913294797684,1633.0,0.3104715248009798,7.786612489792673,0.18516247700797062,0.9230593743520006,1.0,1.0,0.0,0.3104715248009798,0.8148375229920294,0.8057803468208092,1.0,1.0,0.6740196078431373,0.9733265612240841,0.0,0.7156376348826622,1327-1869,1.0,0.678768338947597,0.6740196078431373,0.7366809552969994
4.664475832834959,0.9328951665669918,1.0,0.9997819688215415,0.0,0.31274900398406374,0.9376869391824526,0.8133677752663868,1.0,1.0,0.7698056801195815,0.9946984443591915,0.0,10.157633746483103,341,"= Yoko Shimomura = Yoko Shimomura ( <unk> <unk> , Shimomura <unk> , born October 19 , 1967 ) is a Japanese video game composer and pianist . Shimomura has worked in the video game industry ever since graduating from the ",0.6829645308997737,0.7808374009598873,2.4887275819026784,True,True,12388.0,0.2301943198804185,train,0.046658056183403296,2008.0,0.31274900398406374,7.957587554873532,0.062313060817547394,0.9328951665669918,1.0,0.9997819688215415,0.0,0.31274900398406374,0.9376869391824526,0.8133677752663868,1.0,1.0,0.7698056801195815,0.9946984443591915,0.0,0.7352757439664609,1869-2952,1.0,0.6944997340690443,0.7698056801195815,0.7400398406374502
4.4634194319306175,0.8926838863861235,1.0,1.0,0.0,0.4206060606060606,0.9489671931956257,0.8317948717948718,1.0,1.0,0.8313106796116505,0.9253414354031655,0.0,10.06980589304094,342,"= Lisa the Simpson = "" Lisa the Simpson "" is the seventeenth episode of The Simpsons 's ninth season . It originally aired on the Fox network in the United States on March 8 , 1998 . In the episode , Lisa fears that she ",0.695411126918404,0.7847390236984453,3.1136337268838634,True,True,4875.0,0.1686893203883495,train,0.04205128205128205,825.0,0.4206060606060606,7.402731483225324,0.051032806804374276,0.8926838863861235,1.0,1.0,0.0,0.4206060606060606,0.9489671931956257,0.8317948717948718,1.0,1.0,0.8313106796116505,0.9253414354031655,0.0,0.7431013253622761,0-1327,0.9868029964436493,0.7080375366834445,0.8313106796116505,0.7187878787878788
4.47575001391836,0.8951500027836721,1.0,1.0,0.0,0.27167474421109317,0.9167564655172413,0.7958418689796452,1.0,1.0,0.7530298949636413,1.0,0.0,9.793503157609086,343,"= Stay @-@ at @-@ home dad = A stay @-@ at @-@ home dad ( alternatively , stay at home father , house dad , <unk> , <unk> , or house @-@ spouse ) is a father who is the main caregiver of the children and is the homemaker",0.669220606626978,0.7722187243335862,2.248582084436326,False,True,22943.0,0.24697010503635874,train,0.0510395327550887,3714.0,0.27167474421109317,8.276743173039161,0.08324353448275867,0.8951500027836721,1.0,1.0,0.0,0.27167474421109317,0.9167564655172413,0.7958418689796452,1.0,1.0,0.7530298949636413,1.0,0.0,0.7212505905857275,2952-4487,1.0,0.678543981345637,0.7530298949636413,0.7447495961227787
4.542549647405845,0.9085099294811689,1.0,1.0,0.0,0.26542056074766357,0.9134705332086062,0.8128826843007593,1.0,0.9959116925592805,0.7059373539036933,0.9521852099285028,0.0,10.763711321673815,344,"= Tristan ( horse ) = Tristan ( 1878 – 1897 ) was a British Thoroughbred racehorse and sire . In a career that lasted from the April 1880 to October 1884 , he ran 51 times and won 27 races . A useful performer at two and",0.6606984149823406,0.7568948179426844,2.0218362588388397,False,False,12249.0,0.2940626460963067,train,0.04677932892481019,2140.0,0.26542056074766357,7.617481679428022,0.08652946679139384,0.9085099294811689,1.0,1.0,0.0,0.26542056074766357,0.9134705332086062,0.8128826843007593,1.0,0.9959116925592805,0.7059373539036933,0.9521852099285028,0.0,0.7117869189256033,1869-2952,1.0,0.6602949021318433,0.7059373539036933,0.7168224299065421
4.620285349102695,0.924057069820539,1.0,1.0,0.0,0.25157232704402516,0.9158704264740154,0.7931350114416476,1.0,1.0,0.7290307548928239,1.0,0.0,10.698890506704313,345,= Plunketts Creek ( Loyalsock Creek ) = Plunketts Creek is an approximately 6 @.@ 2 @-@ mile @-@ long ( 10 @.@ 0 km ) tributary of Loyalsock Creek in Lycoming and Sullivan counties in the U.S. state of Pennsylvania . Two,0.6665688587898875,0.7637377511602277,2.087827601519368,False,True,26220.0,0.2709692451071761,train,0.0517162471395881,4293.0,0.25157232704402516,8.299114716039488,0.0841295735259846,0.924057069820539,1.0,1.0,0.0,0.25157232704402516,0.9158704264740154,0.7931350114416476,1.0,1.0,0.7290307548928239,1.0,0.0,0.7200962379528448,2952-4487,1.0,0.6729412007374287,0.7290307548928239,0.7153505706964827
4.6360166157551,0.9272033231510199,1.0,0.9999110794949315,0.0,0.23898678414096916,0.9092578986039677,0.8558305690227099,1.0,1.0,0.712082262210797,1.0,0.0,9.71226515638365,346,= Richard Cresswell = Richard Paul Wesley Cresswell ( born 20 September 1977 ) is an English semi @-@ professional footballer who plays for Northern Counties East League Premier Division club <unk> Albion . He primarily ,0.669073803208077,0.7683786042547522,1.9124044400636584,False,True,15676.0,0.28791773778920304,train,0.03604235774432253,2724.0,0.23898678414096916,8.002134707731805,0.09074210139603234,0.9272033231510199,1.0,0.9999110794949315,0.0,0.23898678414096916,0.9092578986039677,0.8558305690227099,1.0,1.0,0.712082262210797,1.0,0.0,0.7195610831977046,1869-2952,1.0,0.6695272376340946,0.712082262210797,0.7525697503671072
4.489497121012094,0.8978994242024187,1.0,0.999829960891005,0.0,0.32286634460547503,0.9508064516129032,0.8320949028809803,1.0,1.0,0.7937147461724415,0.9200690218469846,0.0,11.150147372978584,347,"= Berhtwald = Berhtwald ( also <unk> , <unk> , <unk> , <unk> , <unk> , or <unk> ; died 731 ) was the ninth Archbishop of Canterbury in England . Documentary evidence names Berhtwald as abbot at <unk> before his election ",0.6807584166762491,0.7668750183069041,2.3764745749477667,True,True,7671.0,0.20628525382755847,train,0.04197627427975492,1242.0,0.32286634460547503,7.360552174775877,0.049193548387096775,0.8978994242024187,1.0,0.999829960891005,0.0,0.32286634460547503,0.9508064516129032,0.8320949028809803,1.0,1.0,0.7937147461724415,0.9200690218469846,0.0,0.7252700962532331,0-1327,1.0,0.6733688897397315,0.7937147461724415,0.6916264090177133
4.56509319368124,0.913018638736248,1.0,1.0,0.0,0.24654584604342364,0.9420211811164961,0.7803857773646293,1.0,1.0,0.7356424982053122,1.0,0.0,13.532753206018707,348,"= Xenon = Xenon is a chemical element with symbol Xe and atomic number 54 . It is a colorless , dense , <unk> noble gas , that occurs in the Earth 's atmosphere in trace amounts . Although generally <unk> , xenon can und",0.6671741521354798,0.745063822579257,2.086814393435732,False,False,34424.0,0.26435750179468775,train,0.05490355565884267,5573.0,0.24654584604342364,8.464204231890346,0.05797881888350387,0.913018638736248,1.0,1.0,0.0,0.24654584604342364,0.9420211811164961,0.7803857773646293,1.0,1.0,0.7356424982053122,1.0,0.0,0.7193417357867353,4487-1000000000,1.0,0.6713073294042236,0.7356424982053122,0.6116992643100664
4.52146883208587,0.904293766417174,1.0,0.996107694787996,0.0,0.22937136819862652,0.9289865793088873,0.844047619047619,1.0,1.0,0.7076289095519864,1.0,0.0,11.338856108355039,349,= Eva Perón = María Eva Duarte de Perón ( 7 May 1919 – 26 July 1952 ) was the second wife of Argentine President Juan Perón ( 1895 – 1974 ) and served as the First Lady of Argentina from 1946 until her death in 1952 . Sh,0.6657032960960699,0.7529596548042811,2.0109496737787262,False,True,57120.0,0.29237109044801357,train,0.03898809523809524,9465.0,0.22937136819862652,8.767221861960223,0.07101342069111272,0.904293766417174,1.0,0.996107694787996,0.0,0.22937136819862652,0.9289865793088873,0.844047619047619,1.0,1.0,0.7076289095519864,1.0,0.0,0.714893004821147,4487-1000000000,1.0,0.6647893444602302,0.7076289095519864,0.6834653988378235
4.498800829269373,0.8997601658538746,1.0,1.0,0.0,0.36500300661455204,0.9590608067429259,0.8614683544303797,1.0,1.0,0.8140794223826715,0.9841952879460766,0.0,11.167297630476858,350,"= Halo : Uprising = Halo : Uprising is a four @-@ issue American comic book limited series set in the Halo universe . The series was written by Brian Michael Bendis , illustrated by Alex Maleev , and published by Marvel ",0.697035899295517,0.7819770328509635,2.873873913569542,True,True,9875.0,0.1859205776173285,train,0.03463291139240506,1663.0,0.36500300661455204,7.873562303568613,0.04093919325707407,0.8997601658538746,1.0,1.0,0.0,0.36500300661455204,0.9590608067429259,0.8614683544303797,1.0,1.0,0.8140794223826715,0.9841952879460766,0.0,0.7441096034244239,1327-1869,1.0,0.7093543753523691,0.8140794223826715,0.6945279615153337
4.515270481434903,0.9030540962869805,1.0,1.0,0.0,0.34164099691963035,0.9728215186326702,0.820094638673221,1.0,1.0,0.830812324929972,1.0,0.0,11.404217382998391,351,"= Species ( film ) = Species is a 1995 American science fiction horror thriller film directed by Roger Donaldson and written by Dennis Feldman . It stars Natasha Henstridge , Ben Kingsley , Michael Madsen , Alfred Molina",0.6956803339715781,0.7807636690257083,2.950928150434251,True,True,21767.0,0.16918767507002797,train,0.044976340331694765,3571.0,0.34164099691963035,8.637511823935009,0.02717848136732981,0.9030540962869805,1.0,1.0,0.0,0.34164099691963035,0.9728215186326702,0.820094638673221,1.0,1.0,0.830812324929972,1.0,0.0,0.7434695575496546,2952-4487,1.0,0.7071450280047349,0.830812324929972,0.6835620274432932
4.5805839038433875,0.9161167807686775,1.0,0.9994832769635476,0.0,0.2233197337341636,0.9024704618689581,0.8338358934336089,1.0,1.0,0.6797680412371134,1.0,0.0,11.79190885022024,352,"= John of Brienne = John of Brienne ( c . 1170 – 27 March 1237 ) , also known as John I , was King of Jerusalem from 1210 to 1225 and Latin Emperor of Constantinople from 1229 to 1237 . He was the youngest son of Erard I",0.6590897568661366,0.7464749185471364,1.8205366759918133,False,True,28189.0,0.32023195876288657,train,0.041541026641597784,4657.0,0.2233197337341636,8.152153173167187,0.09752953813104193,0.9161167807686775,1.0,0.9994832769635476,0.0,0.2233197337341636,0.9024704618689581,0.8338358934336089,1.0,1.0,0.6797680412371134,1.0,0.0,0.7117590435424028,4487-1000000000,1.0,0.6617094552047423,0.6797680412371134,0.669529740176079
4.605936371736231,0.9211872743472462,1.0,1.0,0.0,0.2698529411764706,0.9058361942128494,0.7715363161409435,1.0,1.0,0.7222358421181663,1.0,0.0,10.864436920081195,353,"= Boise National Forest = Boise National Forest is a <unk> protected area covering 2 @,@ 203 @,@ 703 acres ( 8 @,@ 918 @.@ 07 km2 ) of the U.S. state of Idaho as part of the national forest system . <unk> on July 1 , 190",0.6640121755746047,0.7600187967613192,2.261538922037541,False,True,25457.0,0.27776415788183373,train,0.05711592096476411,4080.0,0.2698529411764706,8.380634697468816,0.09416380578715056,0.9211872743472462,1.0,1.0,0.0,0.2698529411764706,0.9058361942128494,0.7715363161409435,1.0,1.0,0.7222358421181663,1.0,0.0,0.7204701440170135,2952-4487,1.0,0.6776983073026245,0.7222358421181663,0.6931372549019608
4.591369954124742,0.9182739908249484,1.0,1.0,0.0,0.28622754491017965,0.9164170161773517,0.7838929563241606,1.0,1.0,0.7535190176699611,1.0,0.0,11.175300099658983,354,"= Pokiri = Pokiri ( English : Rogue ) is a 2006 Indian Telugu @-@ language action film , written and directed by Puri Jagannadh . The film was produced by Jagannadh and <unk> <unk> by their respective production companie",0.6718761460415907,0.7677638160943514,2.339456875656393,False,True,19805.0,0.2464809823300389,train,0.05402676091895986,3340.0,0.28622754491017965,8.173416281058946,0.08358298382264828,0.9182739908249484,1.0,1.0,0.0,0.28622754491017965,0.9164170161773517,0.7838929563241606,1.0,1.0,0.7535190176699611,1.0,0.0,0.7261584163715754,2952-4487,1.0,0.6846360944133325,0.7535190176699611,0.7035928143712575
4.5278503655022035,0.9055700731004407,1.0,0.9957029425502102,0.0,0.27552742616033754,0.9383445945945946,0.8461321287408243,1.0,1.0,0.7728999577880963,0.9946271831141882,0.0,11.086299635857275,355,"= 2008 Bahrain Grand Prix = The 2008 Bahrain Grand Prix ( formally the V Gulf Air Bahrain Grand Prix ) was a Formula One motor race held on 6 April 2008 at the Bahrain International Circuit , in Sakhir , Bahrain . It was",0.679901834081349,0.764674384913078,2.192376542020472,True,True,14168.0,0.22710004221190372,train,0.038466967814793904,2370.0,0.27552742616033754,7.9570174649135055,0.06165540540540537,0.9055700731004407,1.0,0.9957029425502102,0.0,0.27552742616033754,0.9383445945945946,0.8461321287408243,1.0,1.0,0.7728999577880963,0.9946271831141882,0.0,0.7270620299733489,1869-2952,1.0,0.6810696673053058,0.7728999577880963,0.6784810126582278
4.485215246949342,0.8970430493898685,1.0,1.0,0.0,0.30923076923076925,0.9268104776579353,0.7446384039900249,1.0,1.0,0.7444187836797537,0.89345032229949,0.0,12.285278643280195,356,"= Kalyanasundara = Kalyanasundara ( <unk> ् <unk> ् <unk> , literally "" beautiful marriage "" ) , also spelt as <unk> and <unk> <unk> , and known as Kalyanasundara @-@ murti ( "" icon of the beautiful marriage "" ) , <unk> ",0.6592068751930479,0.7487148134007595,2.2102586434732,False,False,8020.0,0.25558121632024633,train,0.06384039900249376,1300.0,0.30923076923076925,7.14760257839592,0.07318952234206466,0.8970430493898685,1.0,1.0,0.0,0.30923076923076925,0.9268104776579353,0.7446384039900249,1.0,1.0,0.7444187836797537,0.89345032229949,0.0,0.7104673693150174,0-1327,1.0,0.6559039575400735,0.7444187836797537,0.6607692307692308
4.614723185374043,0.9229446370748086,1.0,1.0,0.0,0.34846029173419774,0.9066558441558441,0.8308457711442786,1.0,1.0,0.7591240875912408,0.943193275789419,0.0,9.711523027326509,357,"= SS El Sol = SS El Sol was a cargo ship built in 1910 for the Morgan Line , a subsidiary of the Southern Pacific Company . During World War I , she was known as <unk> El Sol in service with the United States Army and as",0.678604334551967,0.7719328746829479,2.6293232323465165,True,True,6834.0,0.24087591240875916,train,0.04228855721393035,1234.0,0.34846029173419774,7.545546206315352,0.0933441558441559,0.9229446370748086,1.0,1.0,0.0,0.34846029173419774,0.9066558441558441,0.8308457711442786,1.0,1.0,0.7591240875912408,0.943193275789419,0.0,0.7304566530784331,0-1327,1.0,0.6881417184201208,0.7591240875912408,0.7115072933549432
4.547520295260116,0.9095040590520233,1.0,1.0,0.0,0.2511114104809376,0.9322193774423932,0.8261755520609537,1.0,1.0,0.7388843977364592,1.0,0.0,10.231101455941827,358,"= Hoover Dam = Hoover Dam , once known as Boulder Dam , is a concrete arch @-@ gravity dam in the Black Canyon of the Colorado River , on the border between the U.S. states of Nevada and Arizona . It was constructed betw",0.6713836853156842,0.7608705921836845,2.1929193240591074,False,True,45149.0,0.2611156022635408,train,0.04345611198476157,7423.0,0.2511114104809376,8.732854153696758,0.06778062255760675,0.9095040590520233,1.0,1.0,0.0,0.2511114104809376,0.9322193774423932,0.8261755520609537,1.0,1.0,0.7388843977364592,1.0,0.0,0.7211832762010163,4487-1000000000,1.0,0.6733694907207425,0.7388843977364592,0.6921729758857604
4.605619743532047,0.9211239487064095,1.0,1.0,0.0,0.39817351598173517,0.9139981701738334,0.8200272685956673,1.0,1.0,0.8016453382084096,0.97726040806476,0.0,10.474321859295932,359,= Tropical Storm Abby ( 1964 ) = Tropical Storm Abby was an exceptionally small tropical cyclone that had minor effects across Southeast Texas in early August 1964 . Forming as a tropical depression out of a trough south,0.6915581805694271,0.7866490600123975,3.112953701671126,True,True,6601.0,0.19835466179159045,train,0.04499318285108317,1095.0,0.39817351598173517,7.81808326451808,0.08600182982616655,0.9211239487064095,1.0,1.0,0.0,0.39817351598173517,0.9139981701738334,0.8200272685956673,1.0,1.0,0.8016453382084096,0.97726040806476,0.0,0.7457624322571009,0-1327,0.9967744846265304,0.7167396971401742,0.8016453382084096,0.719634703196347
4.528597302073729,0.9057194604147458,1.0,0.9997353622229573,0.0,0.3247256294383473,0.9463824289405685,0.8447353675309459,1.0,1.0,0.7949628672909267,1.0,0.0,9.452379819558509,360,= 7 Independent Company ( Rhodesia ) = 7 Independent Company ( 7 <unk> <unk> ; French : <unk> <unk> <unk> ) was a short @-@ lived company of francophone volunteers in the Rhodesian Army during the Rhodesian Bush War . Nu,0.6892683027917226,0.7862808321739495,2.733218340460385,True,True,19631.0,0.2050371327090733,train,0.038816158117263515,3098.0,0.3247256294383473,8.417008368535063,0.053617571059431546,0.9057194604147458,1.0,0.9997353622229573,0.0,0.3247256294383473,0.9463824289405685,0.8447353675309459,1.0,1.0,0.7949628672909267,1.0,0.0,0.7379180913594763,2952-4487,1.0,0.7001404530393249,0.7949628672909267,0.7485474499677212
4.406208561285643,0.8812417122571287,1.0,1.0,0.0,0.32542194092827004,0.9524815205913411,0.8749449581682078,1.0,1.0,0.8026385224274406,0.9875941960155741,0.0,9.855091492813216,361,"= Jenova Chen = <unk> Chen ( simplified Chinese : <unk> ; traditional Chinese : <unk> ; pinyin : <unk> <unk> ; born October 8 , 1981 ) , known professionally as Jenova Chen , is a Chinese video game designer . He is the ",0.6905709763176611,0.7845870682321903,2.5710785609350597,True,True,11355.0,0.1973614775725594,train,0.03126376045794804,1896.0,0.32542194092827004,7.900753568124593,0.04751847940865894,0.8812417122571287,1.0,1.0,0.0,0.32542194092827004,0.9524815205913411,0.8749449581682078,1.0,1.0,0.8026385224274406,0.9875941960155741,0.0,0.7352548000504231,1869-2952,1.0,0.6958814342611725,0.8026385224274406,0.745253164556962
4.556943118985167,0.9113886237970334,1.0,0.9998993710691824,0.0,0.28476972184222527,0.9429744525547445,0.8148495183838687,1.0,1.0,0.7550741163055872,1.0,0.0,10.845712974389649,362,= E. W. Hornung = Ernest William Hornung ( 7 June 1866 – 22 March 1921 ) was an English author and poet known for writing the A. J. Raffles series of stories about a gentleman thief in late 19th @-@ century London . Horn,0.6770926762779146,0.7669012171755772,2.3771531838411253,True,True,26681.0,0.24492588369441282,train,0.04628762040403283,4386.0,0.28476972184222527,8.347633198020157,0.05702554744525545,0.9113886237970334,1.0,0.9998993710691824,0.0,0.28476972184222527,0.9429744525547445,0.8148495183838687,1.0,1.0,0.7550741163055872,1.0,0.0,0.7280136857546635,2952-4487,1.0,0.6851992733378881,0.7550741163055872,0.6933424532603739
4.6620164335827585,0.9324032867165517,1.0,0.9998277446026642,0.0,0.3109095490047871,0.9490799092513235,0.774408131223402,1.0,1.0,0.7893145161290323,1.0,0.0,10.50478614438468,363,"= Nina Simone = Nina Simone ( / <unk> <unk> / ; born Eunice Kathleen Waymon ; February 21 , 1933 – April 21 , 2003 ) was an American singer , songwriter , pianist , <unk> , and civil rights activist who worked in a broad",0.6829376702434358,0.777642700298862,2.6574407809448513,True,True,24203.0,0.21068548387096775,train,0.05639796719414949,3969.0,0.3109095490047871,8.547311555567353,0.05092009074867654,0.9324032867165517,1.0,0.9998277446026642,0.0,0.3109095490047871,0.9490799092513235,0.774408131223402,1.0,1.0,0.7893145161290323,1.0,0.0,0.7361725476138506,2952-4487,1.0,0.695813661058122,0.7893145161290323,0.7105064247921391
4.662142739191057,0.9324285478382114,1.0,1.0,0.0,0.35385878489326766,0.9523026315789473,0.7621371692781916,1.0,1.0,0.8142974527526705,0.9638972025117388,0.0,11.89460998481744,364,"= Vistara = Tata SIA Airlines Limited , operating as Vistara , is an Indian domestic airline based in <unk> with its hub at Delhi @-@ Indira Gandhi International Airport . The carrier , a joint venture between Tata Sons ",0.6867787330792327,0.7728589397214267,2.728667942742591,True,True,7786.0,0.18570254724732949,train,0.05946570768045209,1218.0,0.35385878489326766,7.711177620093911,0.047697368421052655,0.9324285478382114,1.0,1.0,0.0,0.35385878489326766,0.9523026315789473,0.7621371692781916,1.0,1.0,0.8142974527526705,0.9638972025117388,0.0,0.7394542861187663,0-1327,1.0,0.6991661399106347,0.8142974527526705,0.6625615763546798
4.501277826477702,0.9002555652955404,1.0,0.9986249819076567,0.0,0.35745688197497466,0.9736040609137055,0.7997275946608553,1.0,1.0,0.8251014884979703,1.0,0.0,12.2798371013892,365,"= Portrait of Monsieur Bertin = Portrait of Monsieur Bertin is an 1832 oil @-@ on @-@ canvas painting by Jean @-@ Auguste @-@ Dominique Ingres . It depicts Louis @-@ François Bertin ( 1766 – 1841 ) , the French writer , ",0.6941544413497751,0.7711154067850543,2.9896495725501553,True,True,18355.0,0.17489851150202973,train,0.05006810133478616,2957.0,0.35745688197497466,8.363664887446365,0.02639593908629445,0.9002555652955404,1.0,0.9986249819076567,0.0,0.35745688197497466,0.9736040609137055,0.7997275946608553,1.0,1.0,0.8251014884979703,1.0,0.0,0.744116175208137,2952-4487,1.0,0.7114223080978122,0.8251014884979703,0.6276631721339195
4.563710865763818,0.9127421731527636,1.0,1.0,0.0,0.34557595993322204,0.9403899721448468,0.7973071324599709,1.0,1.0,0.7956570155902004,1.0,0.0,10.01839746106587,366,"= Harajuku Lovers Tour = The Harajuku Lovers Tour was the first solo concert tour of American recording artist Gwen Stefani . The tour began through October to November 2005 , to support of her debut studio album Love . ",0.6867723834651085,0.7885661352522852,2.7688151386661564,True,True,10992.0,0.2043429844097996,train,0.050673216885007276,1797.0,0.34557595993322204,8.012175208024289,0.059610027855153236,0.9127421731527636,1.0,1.0,0.0,0.34557595993322204,0.9403899721448468,0.7973071324599709,1.0,1.0,0.7956570155902004,1.0,0.0,0.7397813731356222,1327-1869,1.0,0.7062846765511166,0.7956570155902004,0.7518085698386199
4.586013927687186,0.9172027855374372,1.0,0.9998232591021562,0.0,0.37945318972659486,0.9286307053941909,0.7790958218004481,1.0,1.0,0.7819237147595357,0.9506106219804604,0.0,11.10923319873378,367,"= Laborintus II ( 2012 recording ) = Laborintus II is a 2012 album by Belgian orchestra Ictus Ensemble , vocal group Nederlands Kamerkoor and American vocalist Mike Patton . It is a recording of the 1965 work of the same",0.6817600112859128,0.7721762676043727,2.8856978615877438,True,True,7587.0,0.2180762852404643,train,0.05522604454988796,1207.0,0.37945318972659486,7.604884975843683,0.0713692946058091,0.9172027855374372,1.0,0.9998232591021562,0.0,0.37945318972659486,0.9286307053941909,0.7790958218004481,1.0,1.0,0.7819237147595357,0.9506106219804604,0.0,0.7362928078990457,0-1327,1.0,0.7006623568762866,0.7819237147595357,0.6793703396851698
4.545031182822207,0.9090062365644414,1.0,1.0,0.0,0.4156706507304117,0.9041278295605859,0.7946017116524029,1.0,1.0,0.7819148936170213,0.8999987384500575,0.0,9.934372515782004,368,= Residence of the United States Ambassador to the United Nations = The residence of the United States Ambassador to the United Nations is the official residence of the United States Ambassador to the United Nations . As,0.6795811000989811,0.774875176981809,2.99282449014468,True,True,4557.0,0.21808510638297873,train,0.051349572086899276,753.0,0.4156706507304117,7.19998990760046,0.0958721704394141,0.9090062365644414,1.0,1.0,0.0,0.4156706507304117,0.9041278295605859,0.7946017116524029,1.0,1.0,0.7819148936170213,0.8999987384500575,0.0,0.7330366557360574,0-1327,0.9835875273500702,0.695435675163146,0.7819148936170213,0.7224435590969456
4.594271982569008,0.9188543965138016,1.0,1.0,0.2925,0.465,0.9748743718592965,0.7780538302277433,1.0,1.0,0.8696741854636592,0.863427822438758,0.0,8.427450470377934,369,"= K @-@ 22 ( Kansas highway ) = K @-@ 22 is a 3 @.@ <unk> @-@ mile @-@ long ( 4 @.@ 968 km ) highway in the U.S. state of Kansas . Located entirely within Washington County , the route runs from U.S. Route 36 ( US @-@ 36",0.7236838058831229,0.8062838456727355,3.21195149947218,True,True,2415.0,0.13032581453634084,train,0.05548654244306418,400.0,0.465,6.907422579510064,0.025125628140703515,0.9188543965138016,1.0,1.0,0.2925,0.465,0.9748743718592965,0.7780538302277433,1.0,1.0,0.8696741854636592,0.863427822438758,0.0,0.7597476318510058,0-1327,0.96132554135163,0.7119807715351923,0.8696741854636592,0.805
4.535343635421182,0.9070687270842364,1.0,0.9994201217744274,0.0,0.4487004103967168,0.9465020576131687,0.8676665196294663,1.0,1.0,0.8465753424657534,0.9289103579254512,0.0,9.752511867330838,370,= Tropical Storm Jose ( 2005 ) = Tropical Storm Jose was a short @-@ lived tropical storm which made landfall in central Mexico during August 2005 . Jose was the tenth named storm of the 2005 Atlantic hurricane season an,0.705429390970564,0.7998517052349849,3.3344196705832885,True,True,4534.0,0.1534246575342466,train,0.033083370092633436,731.0,0.4487004103967168,7.431282863403609,0.053497942386831254,0.9070687270842364,1.0,0.9994201217744274,0.0,0.4487004103967168,0.9465020576131687,0.8676665196294663,1.0,1.0,0.8465753424657534,0.9289103579254512,0.0,0.7523789683095755,0-1327,0.9825435197830004,0.7205921762353297,0.8465753424657534,0.7688098495212038
4.589580139119445,0.9179160278238889,1.0,0.9993367967281972,0.0,0.30127226463104323,0.9388690779419256,0.8236499221502909,1.0,1.0,0.7693482688391039,0.9575089684514242,0.0,10.98202646965542,371,"= Norsk Spisevognselskap = Norsk Spisevognselskap A / S , often abbreviated NSS or shortened to Spisevognselskapet , was a Norwegian state enterprise which operated restaurant carriages on Norwegian trains and restaurant",0.6783064259702919,0.7671443388501268,2.3077671626391574,True,True,12203.0,0.2306517311608961,train,0.04408751946242727,1965.0,0.30127226463104323,7.6600717476113935,0.061130922058074355,0.9179160278238889,1.0,0.9993367967281972,0.0,0.30127226463104323,0.9388690779419256,0.8236499221502909,1.0,1.0,0.7693482688391039,0.9575089684514242,0.0,0.7268052123111027,1869-2952,1.0,0.6780979144261683,0.7693482688391039,0.6966921119592875
4.427853876460879,0.8855707752921758,1.0,1.0,0.0,0.352536543422184,0.9345391903531438,0.8796216680997421,1.0,1.0,0.7788296041308089,0.9383959326049273,0.0,9.768418747633191,372,"= The Actor 's Children = The Actor 's Children is a 1910 American silent short drama written by Lloyd Lonergan and produced by the Thanhouser Company in New Rochelle , New York . The film features Orilla Smith , Yale Bo",0.685251368226657,0.7757501071776526,2.6465508675358222,True,True,6978.0,0.22117039586919107,train,0.03009458297506449,1163.0,0.352536543422184,7.507167460839418,0.06546080964685619,0.8855707752921758,1.0,1.0,0.0,0.352536543422184,0.9345391903531438,0.8796216680997421,1.0,1.0,0.7788296041308089,0.9383959326049273,0.0,0.7305852497273586,0-1327,0.9988967496917264,0.6880257438704571,0.7788296041308089,0.7248495270851246
4.485371098843095,0.897074219768619,1.0,1.0,0.0,0.32405508350424844,0.9642333626502492,0.818752451941938,1.0,1.0,0.82063305978898,1.0,0.0,11.085665484950637,373,"= The Stolen Eagle = "" The Stolen Eagle "" is the series premiere of the British @-@ American historical drama television series Rome . Written by series creator Bruno Heller and directed by Michael Apted , the episode fi",0.6909120505704824,0.7801611113740647,2.7709561912153435,True,True,20392.0,0.17936694021101995,train,0.045311887014515495,3413.0,0.32405508350424844,8.550880181390568,0.03576663734975083,0.897074219768619,1.0,1.0,0.0,0.32405508350424844,0.9642333626502492,0.818752451941938,1.0,1.0,0.82063305978898,1.0,0.0,0.7385920714165525,2952-4487,1.0,0.7003098065843383,0.82063305978898,0.7014356870788163
4.498988277797346,0.8997976555594691,1.0,0.9997491638795987,0.0,0.2794287919722115,0.9138663576670529,0.855663472052486,1.0,1.0,0.7347490347490347,0.9898176467610806,0.0,11.605153562495795,374,"= Roxas ( Kingdom Hearts ) = Roxas ( Japanese : <unk> , Hepburn : <unk> ) is a fictional character from Square Enix 's video game franchise Kingdom Hearts . First revealed during the final scenes of the 2004 title Kingdo",0.6730212810764844,0.7627613661653938,2.212668394457807,False,True,15547.0,0.26525096525096525,train,0.036084131986878494,2591.0,0.2794287919722115,7.918541174088645,0.08613364233294707,0.8997976555594691,1.0,0.9997491638795987,0.0,0.2794287919722115,0.9138663576670529,0.855663472052486,1.0,1.0,0.7347490347490347,0.9898176467610806,0.0,0.7226382584261274,1869-2952,1.0,0.6786307388963868,0.7347490347490347,0.6970281744500193
4.5164654126548065,0.9032930825309613,1.0,1.0,0.0,0.3314285714285714,0.9307056579783852,0.8144599303135889,1.0,1.0,0.7770012706480305,0.9607117238763764,0.0,9.842725930471405,375,"= Back to Tennessee ( song ) = "" Back to Tennessee "" is a country rock song by American singer @-@ songwriter and actor Billy Ray Cyrus . It released as the second single from Cyrus ' eleventh studio album of the same na",0.6794447217545966,0.778517666021067,2.5472585135922206,True,True,9184.0,0.22299872935196952,train,0.04638501742160279,1575.0,0.3314285714285714,7.685693791011011,0.06929434202161477,0.9032930825309613,1.0,1.0,0.0,0.3314285714285714,0.9307056579783852,0.8144599303135889,1.0,1.0,0.7770012706480305,0.9607117238763764,0.0,0.7296584776194924,1327-1869,1.0,0.6878643126359831,0.7770012706480305,0.7422222222222222
4.6155314266486664,0.9231062853297333,1.0,1.0,0.0,0.38345864661654133,0.9226415094339623,0.8117505995203838,1.0,1.0,0.7740112994350282,0.855527672263373,0.0,9.807844998970571,376,"= M @-@ 108 ( Michigan highway ) = M @-@ 108 was a state trunkline highway in the US state of Michigan . The highway followed <unk> Street , although some maps also labeled it as the Mackinaw Highway . The road was on th",0.676693251834373,0.7738418439684261,2.6244758667929036,True,True,3336.0,0.22598870056497178,train,0.047062350119904076,532.0,0.38345864661654133,6.844221378106984,0.07735849056603772,0.9231062853297333,1.0,1.0,0.0,0.38345864661654133,0.9226415094339623,0.8117505995203838,1.0,1.0,0.7740112994350282,0.855527672263373,0.0,0.7251602070012168,0-1327,0.9713581043089672,0.672326683220587,0.7740112994350282,0.768796992481203
4.502459788535576,0.9004919577071153,1.0,1.0,0.0,0.3784860557768924,0.9261477045908184,0.8512160228898427,1.0,1.0,0.7856430707876371,0.9349016374765975,0.0,10.110437429614551,377,= Blackwyche = Blackwyche is an action @-@ adventure video game developed and published by Ultimate Play The Game for the Commodore 64 in 1985 . The game is the third instalment of the Pendragon series and is a sequel to,0.686285616629579,0.7756426799991397,2.8307778664630043,True,True,6291.0,0.21435692921236293,train,0.03719599427753934,1004.0,0.3784860557768924,7.47921309981278,0.07385229540918159,0.9004919577071153,1.0,1.0,0.0,0.3784860557768924,0.9261477045908184,0.8512160228898427,1.0,1.0,0.7856430707876371,0.9349016374765975,0.0,0.7349482753042491,0-1327,0.9937184717456136,0.695821060965497,0.7856430707876371,0.7101593625498008
4.599911867184814,0.9199823734369629,1.0,0.9998438841620483,0.0,0.27124183006535946,0.94702419882276,0.8384916803907093,1.0,1.0,0.7600523046747303,1.0,0.0,10.802487145039468,378,"= Hoyt Wilhelm = James Hoyt Wilhelm ( July 26 , 1922 – August 23 , 2002 ) , nicknamed "" Old <unk> "" , was an American Major League Baseball ( MLB ) pitcher with the New York Giants , St. Louis Cardinals , Cleveland India",0.6800713058884056,0.7716731769308458,2.2100053907146853,True,True,17609.0,0.23994769532526972,train,0.04037707990232268,3060.0,0.27124183006535946,8.147730717574623,0.05297580117723999,0.9199823734369629,1.0,0.9998438841620483,0.0,0.27124183006535946,0.94702419882276,0.8384916803907093,1.0,1.0,0.7600523046747303,1.0,0.0,0.7287375731786144,2952-4487,1.0,0.6821792441056471,0.7600523046747303,0.7183006535947712
4.536292947414153,0.9072585894828306,1.0,0.9996248660235798,0.0,0.21657250470809794,0.8314939434724091,0.8395533111631153,1.0,1.0,0.6264800861141012,0.9738978868648236,0.0,10.530135896057272,379,"= Politics of Croatia = The politics of Croatia are defined by a parliamentary , representative democratic republic framework , where the Prime Minister of Croatia is the head of government in a multi @-@ party system . ",0.6416487935186886,0.7391567831387897,1.6873560375059091,False,False,24357.0,0.3735199138858988,train,0.04011167220922117,3717.0,0.21657250470809794,7.791183094918589,0.16850605652759088,0.9072585894828306,1.0,0.9996248660235798,0.0,0.21657250470809794,0.8314939434724091,0.8395533111631153,1.0,1.0,0.6264800861141012,0.9738978868648236,0.0,0.6978534361858166,2952-4487,1.0,0.6465443159861386,0.6264800861141012,0.696798493408663
4.614556573837708,0.9229113147675416,1.0,1.0,0.0,0.28278105305956497,0.9263778726865975,0.8038503921695728,1.0,1.0,0.7501016673444489,1.0,0.0,10.907876721839123,380,"= Mumia Abu @-@ Jamal = Mumia Abu @-@ Jamal ( born Wesley Cook April 24 , 1954 ) is a convicted murderer who was sentenced to death in 1982 for the 1981 murder of Philadelphia police officer Daniel Faulkner . His sentenc",0.6745972245133736,0.7641605895567595,2.4187488536067043,False,True,30854.0,0.24989833265555106,train,0.049037401957606794,4919.0,0.28278105305956497,8.553433221345347,0.07362212731340245,0.9229113147675416,1.0,1.0,0.0,0.28278105305956497,0.9263778726865975,0.8038503921695728,1.0,1.0,0.7501016673444489,1.0,0.0,0.7274483082658711,4487-1000000000,1.0,0.6844194173978269,0.7501016673444489,0.6822524903435657
4.571526902191559,0.9143053804383119,1.0,1.0,0.0,0.30116648992576883,0.9203821656050956,0.8409698698520236,1.0,1.0,0.753315649867374,0.9809800174339955,0.0,9.347328215277743,381,"= Brandon Minor = Brandon Ricardo Minor ( born July 24 , 1988 ) is a former American football running back . He was signed by the Bears as an undrafted free agent in 2010 , but after being released during the final cuts ",0.677644720877141,0.7806173997265552,2.363506468303328,True,True,11218.0,0.24668435013262602,train,0.039757532536994114,1886.0,0.30116648992576883,7.847840139471964,0.07961783439490444,0.9143053804383119,1.0,1.0,0.0,0.30116648992576883,0.9203821656050956,0.8409698698520236,1.0,1.0,0.753315649867374,0.9809800174339955,0.0,0.7279737482215635,1869-2952,1.0,0.6845235009507228,0.753315649867374,0.7709437963944857
4.5149667547186105,0.9029933509437221,1.0,1.0,0.0,0.36793002915451894,0.9252772913018097,0.8087167070217918,1.0,1.0,0.8057176196032673,0.9974868137892281,0.0,10.106501583975378,382,"= Boy @-@ Scoutz ' n the Hood = "" Boy @-@ Scoutz ' n the Hood "" is the eighth episode of The Simpsons ' fifth season . It originally aired on the Fox network in the United States on November 18 , 1993 . In the episode , ",0.6888101770344359,0.7857143043643725,2.9360428198297512,True,True,9912.0,0.19428238039673273,train,0.04782082324455206,1715.0,0.36793002915451894,7.979894510313825,0.07472270869819031,0.9029933509437221,1.0,1.0,0.0,0.36793002915451894,0.9252772913018097,0.8087167070217918,1.0,1.0,0.8057176196032673,0.9974868137892281,0.0,0.7419009086423896,1327-1869,1.0,0.7123046650571316,0.8057176196032673,0.721865889212828
4.637268591486142,0.9274537182972283,1.0,1.0,0.0,0.45935727788279773,0.937381404174573,0.7561576354679803,1.0,1.0,0.8409090909090909,0.8639183516511801,0.0,10.720674568124227,383,"= Last Exit on Brooklyn = The Last Exit on Brooklyn was a Seattle University District coffeehouse established in 1967 by Irv Cisski . It is known for its part in the history of Seattle 's counterculture , for its pioneer",0.6902720954413614,0.7830910803112481,3.174777458619838,True,True,3248.0,0.15909090909090906,train,0.06096059113300493,529.0,0.45935727788279773,6.911346813209441,0.06261859582542695,0.9274537182972283,1.0,1.0,0.0,0.45935727788279773,0.937381404174573,0.7561576354679803,1.0,1.0,0.8409090909090909,0.8639183516511801,0.0,0.7422309738958003,0-1327,0.9711591024262292,0.7019343943313946,0.8409090909090909,0.7277882797731569
4.573728824808686,0.9147457649617372,1.0,0.9997647243353462,0.0,0.21054475389735505,0.9356166783461808,0.8231985940246046,1.0,1.0,0.7055268459315056,1.0,0.0,10.488407234479578,384,"= Laurence Olivier = Laurence Kerr Olivier , Baron Olivier , <unk> ( / <unk> <unk> <unk> / ; 22 May 1907 – 11 July 1989 ) was an English actor who , along with his contemporaries Ralph Richardson and John Gielgud , domin",0.6633802038750588,0.7579632502105896,1.8509947857183737,False,True,68280.0,0.2944731540684944,train,0.044200351493848856,11418.0,0.21054475389735505,8.791455267609148,0.06438332165381921,0.9147457649617372,1.0,0.9997647243353462,0.0,0.21054475389735505,0.9356166783461808,0.8231985940246046,1.0,1.0,0.7055268459315056,1.0,0.0,0.713145007123882,4487-1000000000,1.0,0.6592086920362796,0.7055268459315056,0.720616570327553
4.617280481064062,0.9234560962128124,1.0,0.9950284732893429,0.0,0.3404426559356137,0.9299234796616995,0.7695822022114811,1.0,1.0,0.7765700483091788,1.0,0.0,11.410713650388052,385,"= Freakum Dress = "" Freakum Dress "" is a song by American singer and songwriter Beyoncé from her second solo studio album B 'Day ( 2006 ) . It was written by Beyoncé , Rich Harrison , and Makeba Riddick . "" Freakum Dress",0.6805576967475591,0.7745233265649125,2.792486966767996,True,True,15103.0,0.22342995169082125,train,0.05760444944712971,2485.0,0.3404426559356137,8.202517863378807,0.07007652033830047,0.9234560962128124,1.0,0.9950284732893429,0.0,0.3404426559356137,0.9299234796616995,0.7695822022114811,1.0,1.0,0.7765700483091788,1.0,0.0,0.7366676310187187,1869-2952,1.0,0.7034444794932628,0.7765700483091788,0.6917505030181087
4.6218191402931605,0.9243638280586322,1.0,0.9983597914591998,0.0,0.23457989315201555,0.9113216715257532,0.7948505670999255,1.0,1.0,0.7238280301190188,1.0,0.0,10.224260476291228,386,= Derfflinger @-@ class battlecruiser = The Derfflinger class was a class of three battlecruisers ( German : <unk> ) of the Imperial German Navy . The ships were ordered for the 1912 – 13 Naval Building Program of the Ge,0.6637698217359684,0.7631529640571683,1.9566740567076826,False,True,24158.0,0.27617196988098125,train,0.05128735822501863,4118.0,0.23457989315201555,8.341184022279748,0.08867832847424684,0.9243638280586322,1.0,0.9983597914591998,0.0,0.23457989315201555,0.9113216715257532,0.7948505670999255,1.0,1.0,0.7238280301190188,1.0,0.0,0.7167566976960331,2952-4487,1.0,0.6670233221360204,0.7238280301190188,0.7268091306459447
4.7044332734293635,0.9408866546858727,1.0,1.0,0.0,0.19098776484631452,0.6930426993132278,0.7859262612544641,1.0,1.0,0.5253731343283582,0.9840065801616283,0.0,10.096757089900379,387,= O 'Brien @-@ class destroyer = The O 'Brien class of destroyers was a class of six ships designed by and built for the United States Navy shortly before the United States entered World War I. The O 'Brien class was the,0.6103095631485762,0.7290557451349056,1.5034657387130816,False,False,19881.0,0.4746268656716418,train,0.05351843468638399,3351.0,0.19098776484631452,7.872052641293027,0.3069573006867722,0.9408866546858727,1.0,1.0,0.0,0.19098776484631452,0.6930426993132278,0.7859262612544641,1.0,1.0,0.5253731343283582,0.9840065801616283,0.0,0.6815842729505455,2952-4487,1.0,0.6345407227272585,0.5253731343283582,0.732915547597732
4.6257723824531976,0.9251544764906395,1.0,1.0,0.0,0.34397810218978103,0.8418647166361974,0.8094940662086196,1.0,1.0,0.708675799086758,0.9332528670144449,0.0,9.29090417491836,388,"= Who Am I ( Casting Crowns song ) = "" Who Am I "" is a song recorded by Christian rock band Casting Crowns . Written by Mark Hall and produced by Mark A. Miller and Steven Curtis Chapman , it was released on February 22 ",0.6620787953009775,0.7696275488767564,2.568148400470407,False,True,6404.0,0.29132420091324196,train,0.0476264834478451,1096.0,0.34397810218978103,7.466022936115559,0.15813528336380256,0.9251544764906395,1.0,1.0,0.0,0.34397810218978103,0.8418647166361974,0.8094940662086196,1.0,1.0,0.708675799086758,0.9332528670144449,0.0,0.7200404177331172,0-1327,0.9968066382143687,0.6793279511676151,0.708675799086758,0.7554744525547445
4.482983563821198,0.8965967127642396,1.0,0.9998543547917274,0.0,0.37037037037037035,0.9430463576158941,0.8472299322748973,1.0,1.0,0.8041032428855063,0.9819875750889184,0.0,10.620435430119667,389,"= We 'll Always Have Paris ( Star Trek : The Next Generation ) = "" We 'll Always Have Paris "" is the 24th episode of the first season of the American science fiction television series Star Trek : The Next Generation , fi",0.6926597650206023,0.7818348792435557,2.909592815078277,True,True,9007.0,0.19589675711449372,train,0.03819251693127568,1512.0,0.37037037037037035,7.855900600711347,0.05695364238410594,0.8965967127642396,1.0,0.9998543547917274,0.0,0.37037037037037035,0.9430463576158941,0.8472299322748973,1.0,1.0,0.8041032428855063,0.9819875750889184,0.0,0.7418518878672926,1327-1869,1.0,0.7090154302984685,0.8041032428855063,0.7037037037037037
4.504779922862455,0.900955984572491,1.0,1.0,0.0,0.2535988483685221,0.9279884781565051,0.7960584673531567,1.0,1.0,0.7386609071274298,1.0,0.0,11.757491318154104,390,"= Burn = A burn is a type of injury to skin , or other tissues , caused by heat , cold , electricity , chemicals , friction , or radiation . Most burns are due to heat from hot liquids , solids , or fire . Among women in",0.6672307099710544,0.7529689572761706,2.116249421106385,False,True,25929.0,0.2613390928725702,train,0.05098538316171083,4168.0,0.2535988483685221,8.344869997323947,0.07201152184349491,0.900955984572491,1.0,1.0,0.0,0.2535988483685221,0.9279884781565051,0.7960584673531567,1.0,1.0,0.7386609071274298,1.0,0.0,0.7188396142889013,2952-4487,1.0,0.6728195192365811,0.7386609071274298,0.6542706333973128
4.522668349427917,0.9045336698855835,1.0,1.0,0.0,0.44885679903730447,0.9662243667068757,0.8572798772300019,1.0,1.0,0.8686746987951808,0.9695833780892036,0.0,10.210661569952393,391,"= Tropical Storm Brenda ( 1960 ) = Tropical Storm Brenda was the second named storm of the 1960 Atlantic hurricane season . It developed in the northeastern Gulf of Mexico on July 28 , and after moving ashore over the Fl",0.712432502424986,0.8005292481703397,3.4816327319111715,True,True,5213.0,0.13132530120481922,train,0.03568003069249952,831.0,0.44885679903730447,7.756667024713629,0.033775633293124274,0.9045336698855835,1.0,1.0,0.0,0.44885679903730447,0.9662243667068757,0.8572798772300019,1.0,1.0,0.8686746987951808,0.9695833780892036,0.0,0.7601139948078875,0-1327,0.9870581705849737,0.7346670416855708,0.8686746987951808,0.7292418772563177
4.638723955490991,0.9277447910981982,1.0,0.9992961051149695,0.0,0.32055378061767836,0.9184434968017058,0.8508498092265002,1.0,1.0,0.757059136920618,0.9772268198963285,0.0,9.482290601590083,392,"= Stanley Price Weir = Brigadier General Stanley Price Weir , DSO , <unk> , JP ( 23 April 1866 – 14 November 1944 ) was a public servant and Australian Army officer . During World War I , he commanded the 10th Battalion ",0.6819446413508599,0.778862446629126,2.5060300131100735,True,True,11532.0,0.242940863079382,train,0.03728754769337496,1878.0,0.32055378061767836,7.817814559170628,0.08155650319829422,0.9277447910981982,1.0,0.9992961051149695,0.0,0.32055378061767836,0.9184434968017058,0.8508498092265002,1.0,1.0,0.757059136920618,0.9772268198963285,0.0,0.7328030157644468,1869-2952,1.0,0.6908466580107251,0.757059136920618,0.7433439829605963
4.527224545256318,0.9054449090512635,1.0,1.0,0.0,0.35051546391752575,0.9461215131830341,0.8223708658491267,1.0,1.0,0.8162719633307869,1.0,0.0,11.124060217782636,393,"= Chapter 1 ( House of Cards ) = "" Chapter 1 "" ( sometimes "" Episode 101 "" ) is the pilot episode of the American political thriller drama television series House of Cards and is the first episode of the first season . I",0.692408806564385,0.7795774577545842,2.9439608815870835,True,True,16146.0,0.1837280366692131,train,0.04440728353771832,2619.0,0.35051546391752575,8.398947220998444,0.05387848681696594,0.9054449090512635,1.0,1.0,0.0,0.35051546391752575,0.9461215131830341,0.8223708658491267,1.0,1.0,0.8162719633307869,1.0,0.0,0.7425431580071764,1869-2952,1.0,0.7089004449829697,0.8162719633307869,0.6842306223749522
4.6148008820448965,0.9229601764089793,1.0,0.9999594238182187,0.0,0.2329635499207607,0.901884798308966,0.8130397364750571,1.0,1.0,0.7109897851356112,1.0,0.0,10.544925160985157,394,"= Alice in Chains = Alice in Chains is an American rock band formed in Seattle , Washington , in 1987 by guitarist and songwriter Jerry Cantrell and original lead vocalist Layne Staley . The initial lineup was rounded ou",0.6627659773941643,0.7627728782505785,1.9937123531915477,False,True,33697.0,0.2890102148643888,train,0.04674006588123572,5679.0,0.2329635499207607,8.558044182747391,0.09811520169103405,0.9229601764089793,1.0,0.9999594238182187,0.0,0.2329635499207607,0.901884798308966,0.8130397364750571,1.0,1.0,0.7109897851356112,1.0,0.0,0.7157053003734576,4487-1000000000,1.0,0.6660935376669189,0.7109897851356112,0.7335798556083818
4.585225664114761,0.9170451328229522,1.0,0.9989008573312816,0.0,0.19627951347483902,0.9012168933428776,0.8330290860411342,1.0,1.0,0.6710400763358778,1.0,0.0,10.397199527067087,395,= 2007 Hawaii Bowl = The 2007 <unk> Hawaii Bowl was a post @-@ season college football bowl game between the Boise State University Broncos from the Western Athletic Conference ( WAC ) and the East Carolina University Pi,0.6550156454133,0.7517861085658588,1.5765619513966003,False,False,24651.0,0.3289599236641222,train,0.04174272848971644,4193.0,0.19627951347483902,8.032228751161536,0.09878310665712242,0.9170451328229522,1.0,0.9989008573312816,0.0,0.19627951347483902,0.9012168933428776,0.8330290860411342,1.0,1.0,0.6710400763358778,1.0,0.0,0.7068853677463114,2952-4487,1.0,0.6525125622418655,0.6710400763358778,0.72144049606487
4.568367742792947,0.9136735485585895,1.0,1.0,0.0,0.38109452736318405,0.9431704885343968,0.8014519669086612,1.0,1.0,0.8157370517928287,0.9359842631940092,0.0,8.618528479800542,396,"= The Boat Race 1999 = The <unk> Boat Race took place on 3 April 1999 . Held annually , the Boat Race is a side @-@ by @-@ side rowing race between crews from the Universities of Oxford and Cambridge along the River Tham",0.6886363376786445,0.7889365847770347,2.853587843210392,True,True,5923.0,0.18426294820717126,train,0.04963700827283471,1005.0,0.38109452736318405,7.4878741055520734,0.05682951146560322,0.9136735485585895,1.0,1.0,0.0,0.38109452736318405,0.9431704885343968,0.8014519669086612,1.0,1.0,0.8157370517928287,0.9359842631940092,0.0,0.738506950435884,0-1327,0.9937535353055608,0.6985231728572403,0.8157370517928287,0.7601990049751244
4.531808373416123,0.9063616746832246,1.0,0.9998338387404977,0.0,0.21406065380070893,0.8916469661150512,0.7419750813232677,1.0,1.0,0.6633838881229073,0.9799184923034167,0.0,12.101214185063904,397,= Hoysala literature = Hoysala literature is the large body of literature in the Kannada and Sanskrit languages produced by the Hoysala Empire ( <unk> – <unk> ) in what is now southern India . The empire was established ,0.6428838685146034,0.7359097040332853,1.6780959450709947,False,False,32586.0,0.3366161118770927,train,0.06450622966918308,5078.0,0.21406065380070893,7.839347938427333,0.10835303388494877,0.9063616746832246,1.0,0.9998338387404977,0.0,0.21406065380070893,0.8916469661150512,0.7419750813232677,1.0,1.0,0.6633838881229073,0.9799184923034167,0.0,0.7004567492958365,4487-1000000000,1.0,0.6487231611739497,0.6633838881229073,0.6545884206380465
4.61017815323126,0.922035630646252,1.0,1.0,0.0,0.3772609819121447,0.9235751295336787,0.771335901074397,1.0,1.0,0.7800776196636481,0.8977076203632511,0.0,10.357979846112118,398,"= 1939 Pacific hurricane season = The 1939 Pacific hurricane season ran through the summer and fall of 1939 . Before the satellite age started in the 1960s , data on east Pacific hurricanes are extremely unreliable . Mos",0.6761708821448792,0.7722061311849499,2.7093604666260394,True,True,4933.0,0.21992238033635192,train,0.05716602473140077,774.0,0.3772609819121447,7.181660962906009,0.07642487046632129,0.922035630646252,1.0,1.0,0.0,0.3772609819121447,0.9235751295336787,0.771335901074397,1.0,1.0,0.7800776196636481,0.8977076203632511,0.0,0.7286238776038567,0-1327,0.9845560441566107,0.6830540893707773,0.7800776196636481,0.727390180878553
4.636531761303847,0.9273063522607694,1.0,0.9998241603657464,0.0,0.30866141732283464,0.9369747899159664,0.7919736499956661,1.0,1.0,0.7655552638487793,1.0,0.0,10.895558822963396,399,"= G.I. Joe : Retaliation = G.I. Joe : Retaliation is a 2013 American military science fiction action film directed by Jon M. Chu , based on Hasbro 's G.I. Joe toy , comic and media franchises . Written by Rhett Reese and",0.6795933637504767,0.7697799083458698,2.642145548078258,True,True,23074.0,0.23444473615122075,train,0.05200658750108347,3810.0,0.30866141732283464,8.560012362396398,0.06302521008403361,0.9273063522607694,1.0,0.9998241603657464,0.0,0.30866141732283464,0.9369747899159664,0.7919736499956661,1.0,1.0,0.7655552638487793,1.0,0.0,0.7333280874051402,2952-4487,1.0,0.6938293980332788,0.7655552638487793,0.6855643044619423
4.5058586111753005,0.9011717222350601,1.0,1.0,0.0,0.373943661971831,0.9055007052186178,0.8280364621828036,1.0,1.0,0.7744890768146582,0.9735936761349058,0.0,11.105196999833824,400,"= Burns ' Heir = "" Burns ' Heir "" is the eighteenth episode of The Simpsons ' fifth season . It originally aired on the Fox network in the United States on April 14 , 1994 . In the episode , Mr. Burns has a near @-@ deat",0.6830982951403359,0.776032312481579,2.912553476212028,True,True,8118.0,0.22551092318534183,train,0.04299088445429909,1420.0,0.373943661971831,7.788749409079246,0.09449929478138219,0.9011717222350601,1.0,1.0,0.0,0.373943661971831,0.9055007052186178,0.8280364621828036,1.0,1.0,0.7744890768146582,0.9735936761349058,0.0,0.7365497540870828,1327-1869,1.0,0.7051592115702255,0.7744890768146582,0.7
4.529659948483079,0.9059319896966158,1.0,0.9998715024575155,0.0,0.25267697798929206,0.9458494495685807,0.8085637480798771,1.0,1.0,0.7681094749367842,1.0,0.0,11.622516062797198,401,"= Cougar = The cougar ( Puma concolor ) , also commonly known as the mountain lion , puma , panther , or <unk> , is a large <unk> of the subfamily Felinae native to the Americas . Its range , from the Canadian Yukon to t",0.6746402586196373,0.7591503367997026,2.2122740509353447,False,True,41664.0,0.23189052506321584,train,0.047859062980030724,6724.0,0.25267697798929206,8.755344743077845,0.05415055043141925,0.9059319896966158,1.0,0.9998715024575155,0.0,0.25267697798929206,0.9458494495685807,0.8085637480798771,1.0,1.0,0.7681094749367842,1.0,0.0,0.7232333814551607,4487-1000000000,1.0,0.6747859352249034,0.7681094749367842,0.6637418203450327
4.552992586039597,0.9105985172079194,1.0,1.0,0.508,0.46418338108882523,0.9394812680115274,0.8508064516129032,1.0,1.0,0.8160919540229885,0.831511383540182,0.0,11.754336427895279,402,"= New York State Route 164 = New York State Route 164 ( NY 164 ) is a short state highway located entirely in the town of Patterson in northeastern Putnam County , New York , in the United States . It is a short , two @-",0.7344488025493067,0.7852850799147926,3.0877901234042286,True,True,1984.0,0.1839080459770115,train,0.037298387096774195,349.0,0.46418338108882523,6.652091068321456,0.060518731988472574,0.9105985172079194,1.0,1.0,0.508,0.46418338108882523,0.9394812680115274,0.8508064516129032,1.0,1.0,0.8160919540229885,0.831511383540182,0.0,0.760207589674535,0-1327,0.9565296732530278,0.7040274859945193,0.8160919540229885,0.7220630372492837
4.429955999757858,0.8859911999515717,1.0,0.999625468164794,0.0,0.34064594759293115,0.9505796217205613,0.853299787110509,1.0,1.0,0.7993902439024391,0.9666898906025693,0.0,11.618467270792227,403,"= Sorraia = The Sorraia is a rare breed of horse indigenous to the portion of the Iberian peninsula , in the Sorraia River basin , in Portugal . The Sorraia is known for its primitive features , including a convex profil",0.6880422054740974,0.766326405065606,2.6343919505025535,True,True,10334.0,0.20060975609756093,train,0.03667505322237275,1641.0,0.34064594759293115,7.733519124820554,0.04942037827943868,0.8859911999515717,1.0,0.999625468164794,0.0,0.34064594759293115,0.9505796217205613,0.853299787110509,1.0,1.0,0.7993902439024391,0.9666898906025693,0.0,0.7340606718481623,1327-1869,1.0,0.6938642954729562,0.7993902439024391,0.6496039000609385
4.630527165372408,0.9261054330744816,1.0,0.9992542054525868,0.0,0.23731974142217802,0.9206665008704302,0.7863195880468719,1.0,1.0,0.7095611090389158,1.0,0.0,11.041959975277383,404,"= Haifa = Haifa ( Hebrew : <unk> Hefa , Hebrew pronunciation : [ <unk> ] , <unk> Hebrew pronunciation : [ <unk> <unk> <unk> ] <unk> ; Arabic : <unk> <unk> ) , the third @-@ largest city in the State of Israel , has a pop",0.6624814947940165,0.7553324318503857,2.0540961055418188,False,True,49326.0,0.2904388909610842,train,0.053420102988282044,8044.0,0.23731974142217802,8.6553950094177,0.07933349912956977,0.9261054330744816,1.0,0.9992542054525868,0.0,0.23731974142217802,0.9206665008704302,0.7863195880468719,1.0,1.0,0.7095611090389158,1.0,0.0,0.7166051809222186,4487-1000000000,1.0,0.6676325258166538,0.7095611090389158,0.6895822973644953
4.622984665173713,0.9245969330347427,1.0,1.0,0.0,0.34759358288770054,0.9230769230769231,0.8763141620284477,1.0,1.0,0.7571428571428571,0.8395113919138114,0.30000000000000004,10.785044970355704,405,"= New York State Route 185 = New York State Route 185 ( NY 185 ) is an east – west state highway in Essex County , New York , in the United States . It serves as a connector between NY 9N and NY 22 in Crown Point and the",0.7068853498820996,0.7693311337265062,2.334470180722898,True,True,3234.0,0.24285714285714288,train,0.030921459492888066,561.0,0.34759358288770054,6.716091135310491,0.07692307692307687,0.9245969330347427,1.0,1.0,0.0,0.34759358288770054,0.9230769230769231,0.8763141620284477,1.0,1.0,0.7571428571428571,0.8395113919138114,0.30000000000000004,0.7422206211719821,0-1327,0.9732260037413811,0.667886554286369,0.7571428571428571,0.7130124777183601
4.657492644285476,0.9314985288570952,1.0,0.9976067966973794,0.0,0.17071197411003236,0.8551311103917125,0.8373009076896729,1.0,1.0,0.6122349894804985,1.0,0.0,10.164753483611962,406,= Fernando Torres = Fernando José Torres Sanz ( Spanish pronunciation : [ <unk> <unk> ] ; born 20 March 1984 ) is a Spanish professional footballer who plays as a striker for La Liga club Atlético Madrid . Torres started,0.6417217107205435,0.74490317686087,1.3875018901021738,False,False,35034.0,0.3877650105195015,train,0.04067477307758178,6180.0,0.17071197411003236,8.12773619036155,0.14486888960828748,0.9314985288570952,1.0,0.9976067966973794,0.0,0.17071197411003236,0.8551311103917125,0.8373009076896729,1.0,1.0,0.6122349894804985,1.0,0.0,0.6976975279707479,4487-1000000000,1.0,0.641526757512882,0.6122349894804985,0.7393203883495145
4.648443091499181,0.9296886182998362,1.0,1.0,0.0,0.41470888661899896,0.9580348004094166,0.8018418545570022,1.0,1.0,0.83640081799591,0.9535468990418129,0.0,11.249163894545136,407,= Mark Stockwell = Mark William Stockwell ( born 5 July 1963 ) is an Australian former competition swimmer and three @-@ time Olympic medallist . Stockwell is a Queensland native who specialised in freestyle sprint event,0.6994319125013659,0.7796083574671084,3.1635549827250338,True,True,6298.0,0.16359918200408996,train,0.049539536360749446,979.0,0.41470888661899896,7.628375192334503,0.041965199590583424,0.9296886182998362,1.0,1.0,0.0,0.41470888661899896,0.9580348004094166,0.8018418545570022,1.0,1.0,0.83640081799591,0.9535468990418129,0.0,0.7507657134548931,0-1327,0.9928303540900301,0.7174468031426495,0.83640081799591,0.6567926455566905
4.555928253881022,0.9111856507762044,1.0,1.0,0.0,0.25722039154874976,0.9270893930579794,0.8350463775382302,1.0,1.0,0.7405971306708027,1.0,0.0,11.04261894918256,408,"= Dota 2 = Dota 2 is a free @-@ to @-@ play multiplayer online battle arena ( MOBA ) video game developed and published by Valve Corporation . The game is the stand @-@ alone sequel to Defense of the Ancients ( DotA ) , ",0.6727875594686945,0.7626300289962076,2.1833857032495896,False,True,31912.0,0.2594028693291973,train,0.04123840561544247,5159.0,0.25722039154874976,8.488384960862572,0.07291060694202056,0.9111856507762044,1.0,1.0,0.0,0.25722039154874976,0.9270893930579794,0.8350463775382302,1.0,1.0,0.7405971306708027,1.0,0.0,0.7225570023541111,4487-1000000000,1.0,0.675583599064243,0.7405971306708027,0.6962589649156813
4.388617161334067,0.8777234322668134,1.0,1.0,0.0,0.3407270486752927,0.9389265885256015,0.8365283336844322,1.0,1.0,0.7940813810110974,0.9670038073644251,0.0,9.9881435398659,409,"= Don 't Take It <unk> , Babe , It Just Ain 't Your Story = don 't take it personally , <unk> , it just ain 't your story is a 2011 indie video game by Christine Love . <unk> as a spiritual sequel to Love 's Digital : A ",0.6836545147304189,0.7813381670847632,2.635874826728415,True,True,9494.0,0.20591861898890262,train,0.04086791657889193,1623.0,0.3407270486752927,7.736030458915401,0.06107341147439849,0.8777234322668134,1.0,1.0,0.0,0.3407270486752927,0.9389265885256015,0.8365283336844322,1.0,1.0,0.7940813810110974,0.9670038073644251,0.0,0.7312015634825327,1327-1869,1.0,0.6925334957511957,0.7940813810110974,0.7430683918669131
4.514458528048901,0.9028917056097802,1.0,0.9998785375926151,0.0,0.37390350877192985,0.955543358946213,0.7968679279442382,1.0,1.0,0.8387273724629731,1.0,0.0,10.052141617971445,410,"= The Dreamscape = "" The Dreamscape "" is the ninth episode of the first season of the American science fiction drama television series Fringe . It centers on a Fringe investigation of a Massive Dynamic employee who , aft",0.6958639858968221,0.7896922835777312,3.0595729201434128,True,True,11047.0,0.16127262753702687,train,0.05078301801394044,1824.0,0.37390350877192985,8.182787399327836,0.044456641053786994,0.9028917056097802,1.0,0.9998785375926151,0.0,0.37390350877192985,0.955543358946213,0.7968679279442382,1.0,1.0,0.8387273724629731,1.0,0.0,0.7469808752416585,1327-1869,1.0,0.7169663148138117,0.8387273724629731,0.7138157894736842
4.5897424614227695,0.9179484922845539,1.0,1.0,0.0,0.33643122676579923,0.9423255813953488,0.7851991219818125,1.0,1.0,0.7861459786145979,1.0,0.0,9.510917358685248,411,"= True Blue ( Madonna song ) = "" True Blue "" is a song by American singer Madonna . It is the title track from her third studio album True Blue ( 1986 ) , and was released as the album 's third single on September 29 , 1",0.6840708361863767,0.783838197235163,2.706534167959998,True,True,12756.0,0.2138540213854021,train,0.05370021950454688,2152.0,0.33643122676579923,8.04483636664353,0.05767441860465117,0.9179484922845539,1.0,1.0,0.0,0.33643122676579923,0.9423255813953488,0.7851991219818125,1.0,1.0,0.7861459786145979,1.0,0.0,0.7379532174832918,1869-2952,1.0,0.7030844154330957,0.7861459786145979,0.7365241635687733
4.460583874361855,0.892116774872371,1.0,1.0,0.0,0.3562700964630225,0.9143593045717965,0.8207669108143042,1.0,1.0,0.7728442728442728,0.9759274409222968,0.0,11.528623653487816,412,"= Invisible rail = The invisible rail , Wallace 's rail , or drummer rail ( Habroptila <unk> ) is a large flightless rail that is endemic to the island of Halmahera in North <unk> , Indonesia , where it inhabits impenetr",0.6805053667507026,0.7669706736817221,2.7815501081463787,True,True,9284.0,0.22715572715572718,train,0.04480827229642396,1555.0,0.3562700964630225,7.807419527378374,0.08564069542820352,0.892116774872371,1.0,1.0,0.0,0.3562700964630225,0.9143593045717965,0.8207669108143042,1.0,1.0,0.7728442728442728,0.9759274409222968,0.0,0.7330044216300996,1327-1869,1.0,0.6995515951613795,0.7728442728442728,0.6630225080385852
4.579973120939309,0.9159946241878618,1.0,1.0,0.0,0.22113365990202938,0.906439570695287,0.8214857975236708,1.0,1.0,0.6921731015980404,1.0,0.0,9.982904276240989,413,"= Project Chanology = Project Chanology ( also called Operation Chanology ) was a protest movement against the practices of the Church of Scientology by members of Anonymous , a <unk> Internet @-@ based group that define",0.6596814984067654,0.7577185664717156,1.9198118200996275,False,True,54920.0,0.30782689840195965,train,0.0446285506190823,8574.0,0.22113365990202938,8.681680667475847,0.09356042930471298,0.9159946241878618,1.0,1.0,0.0,0.22113365990202938,0.906439570695287,0.8214857975236708,1.0,1.0,0.6921731015980404,1.0,0.0,0.7121229381376928,4487-1000000000,1.0,0.6613448840443538,0.6921731015980404,0.7259155586657337
4.64520188341951,0.929040376683902,1.0,1.0,0.0,0.29489124936772887,0.9423076923076923,0.8219172552976791,1.0,1.0,0.775866430559069,1.0,0.0,10.530283407683845,414,"= Transportation in Omaha = Transportation in Omaha , Nebraska , includes most major modes , such as pedestrian , bicycle , automobile , bus , train and airplane . While early transportation consisted of ferries , stagec",0.6833451972840604,0.7758573467312624,2.4809228752031816,True,True,24775.0,0.224133569440931,train,0.04452068617558022,3954.0,0.29489124936772887,8.413009475603243,0.05769230769230771,0.929040376683902,1.0,1.0,0.0,0.29489124936772887,0.9423076923076923,0.8219172552976791,1.0,1.0,0.775866430559069,1.0,0.0,0.73385663686526,2952-4487,1.0,0.6906511307745622,0.775866430559069,0.7159838138593829
4.643182073180404,0.9286364146360808,1.0,0.9998706004140787,0.0,0.36164229471316084,0.9493243243243243,0.7856071964017991,1.0,1.0,0.803038829487901,0.9901629325734604,0.0,9.83962697289016,415,"= Clocks ( song ) = "" Clocks "" is a song by British alternative rock band Coldplay . It was written and composed , as a collaboration between all the members of the band , for their second album , A Rush of Blood to the ",0.6899184157916591,0.7900943390034113,2.864678360606232,True,True,10672.0,0.19696117051209905,train,0.053598200899550225,1778.0,0.36164229471316084,7.9213034605876835,0.05067567567567566,0.9286364146360808,1.0,0.9998706004140787,0.0,0.36164229471316084,0.9493243243243243,0.7856071964017991,1.0,1.0,0.803038829487901,0.9901629325734604,0.0,0.7436705451523837,1327-1869,1.0,0.7097865793978472,0.803038829487901,0.7452193475815523
4.6153428411267585,0.9230685682253517,1.0,1.0,0.0,0.3648363252375924,0.9328752642706131,0.7903637804985466,1.0,1.0,0.8119387216059165,0.9968217057343584,0.0,10.616713540987675,416,= Khoo <unk> @-@ <unk> = Khoo <unk> @-@ <unk> ( Chinese : <unk> ; pinyin : <unk> <unk> ; <unk> <unk> h @-@ <unk> @-@ <unk> : <unk> <unk> @-@ <unk> ; born 2 March 1956 ) is a Malaysian author and speaker on contemporary a,0.6902164939701307,0.787010366635664,2.909414144297536,True,True,11353.0,0.1880612783940835,train,0.05240905487536334,1894.0,0.3648363252375924,7.974573645874867,0.06712473572938693,0.9230685682253517,1.0,1.0,0.0,0.3648363252375924,0.9328752642706131,0.7903637804985466,1.0,1.0,0.8119387216059165,0.9968217057343584,0.0,0.7442281408929258,1869-2952,1.0,0.7125285781894506,0.8119387216059165,0.7206969376979937
4.619606476211463,0.9239212952422926,1.0,0.9998452491488703,0.0,0.36934503713706957,0.9344151453684922,0.7792823290453622,1.0,1.0,0.7905405405405406,0.9828992997226303,0.0,9.972778038045977,417,"= The Wave ( Miike Snow song ) = "" The Wave "" is a song performed by Swedish indie pop band Miike Snow . It was released as the second single from the band 's second studio album Happy to You ( 2012 ) on 14 May 2012 , th",0.6858038391508401,0.7815660177272004,2.9042318268644367,True,True,8862.0,0.20945945945945943,train,0.05517941773865945,1481.0,0.36934503713706957,7.863194397781043,0.06558485463150776,0.9239212952422926,1.0,0.9998452491488703,0.0,0.36934503713706957,0.9344151453684922,0.7792823290453622,1.0,1.0,0.7905405405405406,0.9828992997226303,0.0,0.7410911598749025,1327-1869,1.0,0.7086066641523762,0.7905405405405406,0.7103308575286968
4.673848074056179,0.9347696148112359,1.0,1.0,0.0,0.32962447844228093,0.902370990237099,0.8265895953757225,1.0,1.0,0.7479108635097493,0.8779230765495579,0.0,11.859761894858687,418,"= Washington State Route 516 = State Route 516 ( SR 516 ) is a 16 @.@ 49 @-@ mile @-@ long ( 26 @.@ 54 km ) state highway in the U.S. state of Washington , serving communities in southern King County . The highway travel",0.6702017614968019,0.7543061902030539,2.3150794897607256,False,False,4152.0,0.25208913649025066,train,0.04335260115606936,719.0,0.32962447844228093,7.023384612396463,0.09762900976290101,0.9347696148112359,1.0,1.0,0.0,0.32962447844228093,0.902370990237099,0.8265895953757225,1.0,1.0,0.7479108635097493,0.8779230765495579,0.0,0.7189492850757249,0-1327,0.9819607559922474,0.6613615312858221,0.7479108635097493,0.6842837273991655
4.563813552830141,0.9127627105660283,1.0,1.0,0.0,0.3471698113207547,0.943289224952741,0.8313174239947696,1.0,1.0,0.7941454202077431,0.9262913106382401,0.0,9.923442914042315,419,"= Stefan Wever = Stefan Matthew Wever ( born 22 April 1958 ) is a former professional baseball pitcher . He made his Major League Baseball debut , incidentally his only game , with the New York Yankees in 1982 , and had ",0.6844858434300971,0.7785241561649248,2.572643036338659,True,True,6118.0,0.20585457979225685,train,0.042170644001307614,1060.0,0.3471698113207547,7.410330485105921,0.056710775047258966,0.9127627105660283,1.0,1.0,0.0,0.3471698113207547,0.943289224952741,0.8313174239947696,1.0,1.0,0.7941454202077431,0.9262913106382401,0.0,0.7314601830731162,0-1327,0.9956302263540264,0.6840953720263068,0.7941454202077431,0.7377358490566037
4.513099395105655,0.902619879021131,1.0,0.9998249452954048,0.0,0.2283673469387755,0.8924050632911392,0.8369201978345141,1.0,1.0,0.6844253929373342,1.0,0.0,11.000794916489586,420,"= Djedkare Isesi = Djedkare Isesi ( known in Greek as Tancherês ) was an Ancient Egyptian pharaoh , the eighth and penultimate ruler of the Fifth Dynasty in the late 25th century to mid 24th century BCE , during the Old ",0.6581574448582528,0.7490818419810313,1.8636799062238731,False,True,29924.0,0.3155746070626658,train,0.040769950541371475,4900.0,0.2283673469387755,8.160886095171563,0.10759493670886078,0.902619879021131,1.0,0.9998249452954048,0.0,0.2283673469387755,0.8924050632911392,0.8369201978345141,1.0,1.0,0.6844253929373342,1.0,0.0,0.7106127745421151,4487-1000000000,1.0,0.6623982240057514,0.6844253929373342,0.6840816326530612
4.660691161060158,0.9321382322120316,1.0,1.0,0.0,0.2927400468384075,0.852112676056338,0.8308321964529332,1.0,1.0,0.6611957796014069,0.8758419430369652,0.0,10.590135007029879,421,"= Route 261 ( Delaware – Pennsylvania ) = Delaware Route 261 ( DE 261 ) and Pennsylvania Route 261 ( PA 261 ) , also known as Foulk Road , is a 6 @.@ 88 @-@ mile ( 11 @.@ 07 km ) state highway running through Delaware an",0.6498011448439909,0.7470653024322043,2.051152091421464,False,False,5131.0,0.33880422039859315,train,0.04229195088676671,854.0,0.2927400468384075,7.006735544295721,0.147887323943662,0.9321382322120316,1.0,1.0,0.0,0.2927400468384075,0.852112676056338,0.8308321964529332,1.0,1.0,0.6611957796014069,0.8758419430369652,0.0,0.7031343194713416,0-1327,0.9880195785283747,0.643712657204514,0.6611957796014069,0.7271662763466042
4.563987753647379,0.9127975507294759,1.0,1.0,0.0,0.3327495621716287,0.9347063978965819,0.8429948316804023,1.0,1.0,0.783180026281209,1.0,0.0,10.901055693750468,422,"= Comair Flight 5191 = Comair Flight 5191 , marketed as Delta Connection Flight 5191 , was a scheduled United States ( US ) domestic passenger flight from Lexington , Kentucky , to Atlanta , Georgia , operated on behalf ",0.6878961608820061,0.7772446789406765,2.7035297744556175,True,True,14318.0,0.21681997371879103,train,0.03925129207989943,2284.0,0.3327495621716287,8.124818427442936,0.06529360210341806,0.9127975507294759,1.0,1.0,0.0,0.3327495621716287,0.9347063978965819,0.8429948316804023,1.0,1.0,0.783180026281209,1.0,0.0,0.7384683086407685,1869-2952,1.0,0.7024215448632914,0.783180026281209,0.7005253940455342
4.560851311176667,0.9121702622353334,1.0,0.9970501474926253,0.0,0.364461738002594,0.9336801040312094,0.7832258064516129,1.0,1.0,0.7688311688311689,0.877866217672476,0.0,10.293645652618263,423,"= Berg ( station ) = Berg is a station on the Sognsvann Line ( line 6 ) of the Oslo Metro in Norway . Located between Ullevål stadion and Tåsen stations , it is the first station after the Ring Line leaves the Sognsvann ",0.6727802558759273,0.7681333504627319,2.559589179413393,False,True,4650.0,0.23116883116883113,train,0.05419354838709677,771.0,0.364461738002594,7.022929741379808,0.06631989596879062,0.9121702622353334,1.0,0.9970501474926253,0.0,0.364461738002594,0.9336801040312094,0.7832258064516129,1.0,1.0,0.7688311688311689,0.877866217672476,0.0,0.7225373248926513,0-1327,0.9844193029123315,0.6718506513650931,0.7688311688311689,0.7328145265888456
4.5939341303160495,0.9187868260632099,1.0,1.0,0.0,0.38145695364238413,0.9549071618037135,0.7899989152836533,1.0,1.0,0.8011928429423459,0.9684841449069043,0.0,10.731780058750003,424,"= Adams River ( British Columbia ) = The Adams River is a tributary to the Thompson and Fraser Rivers in British Columbia , Canada . Beginning in the <unk> Mountains to the north , the Upper Adams River flows mainly sout",0.6899477416881157,0.7817923587718705,2.9554800925370963,True,True,9219.0,0.19880715705765406,train,0.05250027117908667,1510.0,0.38145695364238413,7.747873159255234,0.04509283819628651,0.9187868260632099,1.0,1.0,0.0,0.38145695364238413,0.9549071618037135,0.7899989152836533,1.0,1.0,0.8011928429423459,0.9684841449069043,0.0,0.7428003503983771,1327-1869,1.0,0.7088854498365107,0.8011928429423459,0.7026490066225165
4.528292341644554,0.9056584683289108,1.0,1.0,0.0,0.3579989577905159,0.9582681272822118,0.8468838975007908,1.0,1.0,0.8023983315954119,0.9907019262949635,0.0,10.687471959012687,425,"= Independence Day ( India ) = Independence Day , observed annually on 15 August is a national holiday in India commemorating the nation 's independence from the British Empire on 15 August 1947 . India attained independ",0.6943355941849423,0.7754193508740209,2.837362056757227,True,True,12644.0,0.19760166840458815,train,0.03827902562480228,1919.0,0.3579989577905159,7.925615410359708,0.04173187271778822,0.9056584683289108,1.0,1.0,0.0,0.3579989577905159,0.9582681272822118,0.8468838975007908,1.0,1.0,0.8023983315954119,0.9907019262949635,0.0,0.7431592215132429,1869-2952,1.0,0.7087548317779914,0.8023983315954119,0.6659718603439291
4.547422100806828,0.9094844201613655,1.0,1.0,0.0,0.3229768786127168,0.8813314037626628,0.7677964113990853,1.0,1.0,0.737527114967462,0.9548211628211012,0.0,10.374698880534016,426,"= The One I Love ( manga ) = The One I Love ( Japanese : <unk> , Hepburn : <unk> no <unk> ) is a romantic , slice @-@ of @-@ life <unk> ( targeted towards girls ) manga by Clamp , an all @-@ female , manga artist team co",0.6636970707806543,0.7632745429075052,2.467081270410591,False,False,8527.0,0.26247288503253796,train,0.05805089715022869,1384.0,0.3229768786127168,7.6385693025688095,0.11866859623733717,0.9094844201613655,1.0,1.0,0.0,0.3229768786127168,0.8813314037626628,0.7677964113990853,1.0,1.0,0.737527114967462,0.9548211628211012,0.0,0.7204146928272616,1327-1869,1.0,0.6796568567720853,0.737527114967462,0.7030346820809249
4.6398918074977225,0.9279783614995445,1.0,0.9998071731585036,0.0,0.3259005145797599,0.9149484536082474,0.817901666900126,1.0,1.0,0.7493562231759656,0.9432472721478102,0.0,10.786735641768926,427,"= Hurricane Abby ( 1960 ) = Hurricane Abby was the only tropical cyclone in the Caribbean Sea during the 1960 Atlantic hurricane season . The second tropical cyclone and first named storm season , Abby developed on July ",0.6750362169026156,0.7710993502324304,2.4592381709514095,False,True,7139.0,0.2506437768240344,train,0.045524583274968486,1166.0,0.3259005145797599,7.545978177182482,0.08505154639175261,0.9279783614995445,1.0,0.9998071731585036,0.0,0.3259005145797599,0.9149484536082474,0.817901666900126,1.0,1.0,0.7493562231759656,0.9432472721478102,0.0,0.7268534957011749,0-1327,0.9989874998232242,0.68071369453248,0.7493562231759656,0.7264150943396226
4.676912057862014,0.9353824115724028,1.0,1.0,0.0,0.17153996101364521,0.8379915502112447,0.8111836533996231,1.0,1.0,0.6086108854589765,1.0,0.0,10.431320027482924,428,"= 2010 Alabama Crimson Tide football team = The 2010 Alabama Crimson Tide football team ( variously "" Alabama "" , "" <unk> "" , "" <unk> "" or "" The Tide "" ) represented the University of Alabama in the 2010 NCAA Division I ",0.6374787476830188,0.7360262130979801,1.4081765952730416,False,False,36607.0,0.39138911454102354,train,0.04720408665009424,6156.0,0.17153996101364521,8.209029470171254,0.16200844978875528,0.9353824115724028,1.0,1.0,0.0,0.17153996101364521,0.8379915502112447,0.8111836533996231,1.0,1.0,0.6086108854589765,1.0,0.0,0.6961811535983905,4487-1000000000,1.0,0.6409755670526066,0.6086108854589765,0.6955815464587395
4.575997360013193,0.9151994720026385,1.0,1.0,0.0,0.3701002734731085,0.9708029197080292,0.8006791672818544,1.0,1.0,0.8508891928864569,1.0,0.0,10.914943661187792,429,"= James Robert Baker = James Robert Baker ( October 18 , 1946 – November 5 , 1997 ) was an American author of sharply satirical , predominantly gay @-@ themed <unk> fiction . A native Californian , his work is set almost",0.7002997737977575,0.7904938359085149,3.097183456867521,True,True,13546.0,0.14911080711354308,train,0.049830208179536394,2194.0,0.3701002734731085,8.368498158087858,0.029197080291970767,0.9151994720026385,1.0,1.0,0.0,0.3701002734731085,0.9708029197080292,0.8006791672818544,1.0,1.0,0.8508891928864569,1.0,0.0,0.7501026964521519,1869-2952,1.0,0.7175764165943531,0.8508891928864569,0.7051048313582498
4.628358310909372,0.9256716621818745,1.0,1.0,0.0,0.34600760456273766,0.9444021325209444,0.8315148439482365,1.0,1.0,0.8051750380517504,0.9722746335299519,0.0,10.813561494388546,430,"= Ernie Cooksey = Ernest George Cooksey ( 11 June 1980 – 3 July 2008 ) was an English footballer , who was described as a utility player . He could play as a left @-@ sided defender and midfielder as well as in a central",0.6910350509699009,0.7838660876710228,2.691315335398498,True,True,7882.0,0.1948249619482496,train,0.04212128901294088,1315.0,0.34600760456273766,7.778197068239615,0.055597867479055596,0.9256716621818745,1.0,1.0,0.0,0.34600760456273766,0.9444021325209444,0.8315148439482365,1.0,1.0,0.8051750380517504,0.9722746335299519,0.0,0.7402584795160004,0-1327,1.0,0.6996997992811727,0.8051750380517504,0.7254752851711027
4.46821373323259,0.893642746646518,1.0,0.9998829039812647,0.0,0.3464163822525597,0.9379271070615034,0.8708500547245531,1.0,1.0,0.7877063175867957,0.9762894070138102,0.0,10.794692194193544,431,"= Simon de Montfort 's Parliament = Simon de Montfort 's Parliament was an English parliament held from 20 January 1265 until mid @-@ March the same year , instigated by Simon de Montfort , a <unk> rebel leader . Simon d",0.6891636797903982,0.7758948214137376,2.7056211552737675,True,True,10964.0,0.21229368241320434,train,0.032287486318861726,1758.0,0.3464163822525597,7.810315256110481,0.062072892938496604,0.893642746646518,1.0,0.9998829039812647,0.0,0.3464163822525597,0.9379271070615034,0.8708500547245531,1.0,1.0,0.7877063175867957,0.9762894070138102,0.0,0.7364282142582987,1327-1869,1.0,0.6988905544457419,0.7877063175867957,0.6985210466439136
4.686642638276317,0.9373285276552634,1.0,1.0,0.0,0.39750183688464363,0.9323031640912436,0.7924101533048504,1.0,1.0,0.8051470588235294,0.9964757356117314,0.0,10.058970472622635,432,= USS O 'Brien ( DD @-@ 51 ) = USS O 'Brien ( Destroyer No. 51 / DD @-@ 51 ) was the lead ship of O 'Brien @-@ class destroyers built for the United States Navy prior to the American entry into World War I. The ship was ,0.6942260660097933,0.7909127799907134,3.168807482533118,True,True,7958.0,0.19485294117647056,train,0.051897461673787386,1361.0,0.39750183688464363,7.971805884893851,0.06769683590875641,0.9373285276552634,1.0,1.0,0.0,0.39750183688464363,0.9323031640912436,0.7924101533048504,1.0,1.0,0.8051470588235294,0.9964757356117314,0.0,0.7506871600065832,1327-1869,1.0,0.7238379731273853,0.8051470588235294,0.7215282880235121
4.739603318097507,0.9479206636195014,1.0,1.0,0.0,0.3413400758533502,0.919620253164557,0.7307456588355465,1.0,1.0,0.7760910815939279,0.9662037822340804,0.0,10.922999221770555,433,"= Christine Hakim = <unk> Christine <unk> Hakim ( born 25 December 1956 ) , also known by the popular name Christine Hakim , is an Indonesian actress , film producer , and activist . Born to a devout Muslim family of a m",0.6756640901359515,0.7718526617589369,2.638432578540599,True,True,9790.0,0.22390891840607208,train,0.06731358529111338,1582.0,0.3413400758533502,7.7296302578726435,0.08037974683544302,0.9479206636195014,1.0,1.0,0.0,0.3413400758533502,0.919620253164557,0.7307456588355465,1.0,1.0,0.7760910815939279,0.9662037822340804,0.0,0.7337265153819881,1327-1869,1.0,0.6937492222128516,0.7760910815939279,0.6915297092288243
4.5484732259447735,0.9096946451889547,1.0,1.0,0.0,0.3796971396522715,0.9674340258281864,0.8408016638305917,1.0,1.0,0.8344556677890012,0.9936940128848538,0.0,10.09464773772912,434,"= A Month in the Country ( film ) = A Month in the Country is a 1987 British film directed by Pat O 'Connor . The film is an adaptation of the novel of the same name by J. L. Carr , and stars Colin Firth , Kenneth Branag",0.70177296458506,0.7930632500817972,3.0184221950557313,True,True,10578.0,0.16554433221099885,train,0.03979958404235205,1783.0,0.3796971396522715,7.9495521030788305,0.032565974171813616,0.9096946451889547,1.0,1.0,0.0,0.3796971396522715,0.9674340258281864,0.8408016638305917,1.0,1.0,0.8344556677890012,0.9936940128848538,0.0,0.750212944897206,1327-1869,1.0,0.7184542605828843,0.8344556677890012,0.7257431295569265
4.515176940994812,0.9030353881989625,1.0,0.9996735937329997,0.0,0.35035389282103135,0.9559716599190283,0.7759818975270729,1.0,1.0,0.8052604957005564,0.9956099910351125,0.0,12.47399911122935,435,"= Hydnellum peckii = Hydnellum peckii is an inedible ( though not toxic ) fungus , and a member of the genus Hydnellum of the family Bankeraceae . It is a hydnoid species , producing spores on the surface of vertical spi",0.6865756113589804,0.7702751353620544,2.7905266887253104,True,True,12374.0,0.19473950429944364,train,0.05600452561823178,1978.0,0.35035389282103135,7.9648799282809,0.04402834008097167,0.9030353881989625,1.0,0.9996735937329997,0.0,0.35035389282103135,0.9559716599190283,0.7759818975270729,1.0,1.0,0.8052604957005564,0.9956099910351125,0.0,0.7393148276213105,1869-2952,1.0,0.7061483847746912,0.8052604957005564,0.647118301314459
4.72266539653758,0.944533079307516,1.0,1.0,0.0,0.23333333333333334,0.9044633901705116,0.805420318078546,1.0,1.0,0.6949110052644774,1.0,0.0,11.10788298673838,436,"= Gregory Helms = Gregory Shane Helms ( born July 12 , 1974 ) is an American professional wrestler who is currently signed to Total Nonstop Action Wrestling ( TNA ) under his birth name . In TNA , he is the manager for f",0.6623606558911966,0.7566917525361306,1.9036817786667284,False,True,24648.0,0.30508899473552265,train,0.04864492048036352,3990.0,0.23333333333333334,8.158636194285979,0.09553660982948842,0.944533079307516,1.0,1.0,0.0,0.23333333333333334,0.9044633901705116,0.805420318078546,1.0,1.0,0.6949110052644774,1.0,0.0,0.7173083216913407,2952-4487,1.0,0.6669874941790037,0.6949110052644774,0.7025062656641604
4.564101761147572,0.9128203522295143,1.0,1.0,0.0,0.1823314513450681,0.8388168826852775,0.8591795170206575,1.0,1.0,0.5976744186046512,0.9283396756359706,0.0,10.644866366067347,437,= New York State Route 38 = New York State Route 38 ( NY 38 ) is a north – south state highway in the Finger Lakes region of New York in the United States . Its southern terminus is at an intersection with NY 96 in the t,0.6339588457117694,0.7352877315107319,1.3541241631993302,False,False,17185.0,0.4023255813953488,train,0.03520512074483561,3011.0,0.1823314513450681,7.426717405087765,0.16118311731472246,0.9128203522295143,1.0,1.0,0.0,0.1823314513450681,0.8388168826852775,0.8591795170206575,1.0,1.0,0.5976744186046512,0.9283396756359706,0.0,0.6862154880461631,2952-4487,1.0,0.6207755257683412,0.5976744186046512,0.7353038857522418
4.452671182729625,0.890534236545925,1.0,1.0,0.0,0.2313571961222968,0.9143976128310332,0.8930067676442153,1.0,1.0,0.7037106097333582,1.0,0.0,10.94016585437522,438,"= Westminster Assembly = The Westminster Assembly of <unk> was a council of theologians ( or "" divines "" ) and members of the English Parliament appointed to <unk> the Church of England which met from 1643 to 1653 . Seve",0.6677673067139628,0.7575851948367917,1.898655253953447,False,True,34133.0,0.2962893902666418,train,0.026748308088946182,5364.0,0.2313571961222968,8.20659692361506,0.08560238716896684,0.890534236545925,1.0,1.0,0.0,0.2313571961222968,0.9143976128310332,0.8930067676442153,1.0,1.0,0.7037106097333582,1.0,0.0,0.7146341019707239,4487-1000000000,1.0,0.6651563500159361,0.7037106097333582,0.7112229679343773
4.535771260450534,0.9071542520901067,1.0,1.0,0.0,0.38331318016928656,0.9236363636363636,0.8334700574241181,1.0,1.0,0.7929782082324455,0.9005524495604972,0.0,10.851835139401208,439,"= The Goat Puzzle = The Goat Puzzle , also known as The <unk> Goat Puzzle , The <unk> Goat , The <unk> Goat , The Goat of Lochmarne , or simply The Goat , is a puzzle featured in Revolution Software 's 1996 classic point",0.6835599473133114,0.7698467823192328,2.7615489868022016,True,True,4876.0,0.20702179176755453,train,0.04163248564397047,827.0,0.38331318016928656,7.2044195964839775,0.07636363636363641,0.9071542520901067,1.0,1.0,0.0,0.38331318016928656,0.9236363636363636,0.8334700574241181,1.0,1.0,0.7929782082324455,0.9005524495604972,0.0,0.7315602835566152,0-1327,0.9868882598627648,0.6867465492107535,0.7929782082324455,0.6964933494558646
4.559908568230475,0.911981713646095,1.0,1.0,0.0,0.3793103448275862,0.9563008130081301,0.8154046148846279,1.0,1.0,0.8213197969543147,0.9402863755692702,0.0,11.186342784123376,440,"= Sinclair Sovereign = The Sinclair Sovereign was a high @-@ end calculator introduced by Clive Sinclair 's company Sinclair <unk> in 1976 . It was an attempt to escape from the unprofitable low end of the market , and o",0.6921369717206596,0.7759373760694059,2.8532827948308888,True,True,6154.0,0.17868020304568533,train,0.04614884627884303,986.0,0.3793103448275862,7.5222910045541616,0.04369918699186992,0.911981713646095,1.0,1.0,0.0,0.3793103448275862,0.9563008130081301,0.8154046148846279,1.0,1.0,0.8213197969543147,0.9402863755692702,0.0,0.7404007057471049,0-1327,0.9930812904278009,0.7000995329727666,0.8213197969543147,0.6805273833671399
4.564520921913187,0.9129041843826373,1.0,1.0,0.0,0.2370076133730553,0.9105664127194435,0.8527110576133938,1.0,1.0,0.7125827814569536,0.9879631429539575,0.0,11.68657305275409,441,= Survivor Series ( 1992 ) = Survivor Series ( 1992 ) was the sixth annual Survivor Series pay @-@ per @-@ view professional wrestling event produced by the World Wrestling Federation ( WWF ) . It took place on November ,0.6663181018720138,0.7526333682605287,1.8732382928964808,False,False,18277.0,0.28741721854304636,train,0.03682223559665153,3021.0,0.2370076133730553,7.90370514363166,0.0894335872805565,0.9129041843826373,1.0,1.0,0.0,0.2370076133730553,0.9105664127194435,0.8527110576133938,1.0,1.0,0.7125827814569536,0.9879631429539575,0.0,0.7156476879343264,2952-4487,1.0,0.6640665330489164,0.7125827814569536,0.6782522343594836
4.604577895037814,0.9209155790075627,1.0,1.0,0.0,0.42528735632183906,0.9449423815620999,0.7845961177207263,1.0,1.0,0.8375959079283888,0.9254463047271746,0.0,11.23060505189448,442,"= Ouw Peh Tjoa = Ouw Peh Tjoa ( Chinese : <unk> ; <unk> for Black and White <unk> ) , also known by the Malay @-@ language title <unk> Siloeman Oeler Poeti en Item ( meaning Two <unk> , One White and One Black ) , is a 1",0.6943850161939666,0.778917693194402,3.1486448988418814,True,True,4791.0,0.16240409207161122,train,0.05385097056981841,783.0,0.42528735632183906,7.403570437817397,0.055057618437900135,0.9209155790075627,1.0,1.0,0.0,0.42528735632183906,0.9449423815620999,0.7845961177207263,1.0,1.0,0.8375959079283888,0.9254463047271746,0.0,0.7459222477302798,0-1327,0.9849631143100452,0.7106445391273933,0.8375959079283888,0.6768837803320562
4.660162754569159,0.9320325509138317,1.0,1.0,0.0,0.3542282672974571,0.9567791592658378,0.8247108947048083,1.0,1.0,0.8195266272189349,1.0,0.0,9.922308790567653,443,= HMS Comet ( <unk> ) = HMS Comet was a C @-@ class destroyer built for the Royal Navy in the early 1930s . She saw service in the Home and Mediterranean Fleets and the ship spent six months during the Spanish Civil War ,0.6972587232210765,0.792089897798267,2.8514145814697702,True,True,9858.0,0.18047337278106512,train,0.04382227632379793,1691.0,0.3542282672974571,8.049652850192624,0.043220840734162214,0.9320325509138317,1.0,1.0,0.0,0.3542282672974571,0.9567791592658378,0.8247108947048083,1.0,1.0,0.8195266272189349,1.0,0.0,0.7477382723019732,1327-1869,1.0,0.7124262029753509,0.8195266272189349,0.7374334713187463
4.560870832374513,0.9121741664749026,1.0,0.9999720841940707,0.0,0.24128026261797292,0.9547133670816801,0.8312581146372092,1.0,1.0,0.7662106703146375,1.0,0.0,11.788281107085856,444,"= History of artificial intelligence = The history of artificial intelligence ( AI ) began in antiquity , with myths , stories and rumors of artificial beings endowed with intelligence or consciousness by master craftsme",0.677089820526188,0.7551436327337975,2.137312867129147,True,True,46983.0,0.23378932968536248,train,0.0421854713406977,7311.0,0.24128026261797292,8.858216763934916,0.04528663291831991,0.9121741664749026,1.0,0.9999720841940707,0.0,0.24128026261797292,0.9547133670816801,0.8312581146372092,1.0,1.0,0.7662106703146375,1.0,0.0,0.7236980903986355,4487-1000000000,1.0,0.6721691108538109,0.7662106703146375,0.6432772534536999
4.502006362446647,0.9004012724893293,1.0,1.0,0.0,0.43,0.9515050167224081,0.8407851690294439,1.0,1.0,0.8280467445742905,0.8992064542854054,0.0,9.573101857794404,445,= Cyclone Graham = Cyclone Graham of the 2002 – 03 Australian region cyclone season was a weak tropical storm that affected Australia during late February and early March 2003 . Graham originated from an area of convecti,0.6957670805730697,0.7907057333460142,3.0932702027417944,True,True,3668.0,0.1719532554257095,train,0.03980370774263904,600.0,0.43,7.193651634283243,0.04849498327759194,0.9004012724893293,1.0,1.0,0.0,0.43,0.9515050167224081,0.8407851690294439,1.0,1.0,0.8280467445742905,0.8992064542854054,0.0,0.7423128657416107,0-1327,0.9755914648149587,0.7034580464421567,0.8280467445742905,0.77
4.549151551171216,0.9098303102342433,1.0,0.9984805730410246,0.0,0.31843862352336927,0.9424164524421594,0.7933190719104821,1.0,1.0,0.7672147995889003,0.9520400474217752,0.0,11.8785457232903,446,"= Languedoc @-@ Roussillon wine = Languedoc @-@ Roussillon wine , including the <unk> de pays labeled Vin de Pays d 'Oc , is produced in southern France . While "" Languedoc "" can refer to a specific historic region of Fr",0.6757094016981593,0.7606003115133653,2.4253305779209064,True,False,12154.0,0.23278520041109974,train,0.05167023202237946,1947.0,0.31843862352336927,7.616320379374201,0.057583547557840564,0.9098303102342433,1.0,0.9984805730410246,0.0,0.31843862352336927,0.9424164524421594,0.7933190719104821,1.0,1.0,0.7672147995889003,0.9520400474217752,0.0,0.726256679874845,1869-2952,1.0,0.6807480076737087,0.7672147995889003,0.6605033384694402
4.5746669034832115,0.9149333806966423,1.0,1.0,0.0,0.4007682458386684,0.9332477535301669,0.7919174548581256,1.0,1.0,0.808974358974359,0.9290060865467448,0.0,10.627841471637803,447,"= Silver Bullet ( roller coaster ) = Silver Bullet is a western @-@ themed steel inverted roller coaster designed by Bolliger & Mabillard located at Knott 's Berry Farm , an amusement park in Buena Park , California . Th",0.6873202419211903,0.7754463710646047,2.97852911743028,True,True,4652.0,0.191025641025641,train,0.052020636285468616,781.0,0.4007682458386684,7.432048692373958,0.06675224646983313,0.9149333806966423,1.0,1.0,0.0,0.4007682458386684,0.9332477535301669,0.7919174548581256,1.0,1.0,0.808974358974359,0.9290060865467448,0.0,0.7392303476988141,0-1327,0.984873059582613,0.7020587569457604,0.808974358974359,0.6927016645326505
4.684296334848026,0.9368592669696053,1.0,1.0,0.0,0.3533980582524272,0.9552819183408944,0.7662590628719835,1.0,1.0,0.8244818652849741,0.9909890786014564,0.0,10.84502476111666,448,"= Blackburn Firecrest = The Blackburn B @-@ 48 Firecrest , given the <unk> designation <unk> , was a single @-@ engine naval strike fighter built by Blackburn Aircraft for service with the British Fleet Air Arm during Wo",0.6914710198149532,0.7840380318921409,2.8017089290169332,True,True,9241.0,0.17551813471502586,train,0.05843523428200411,1545.0,0.3533980582524272,7.927912628811651,0.044718081659105624,0.9368592669696053,1.0,1.0,0.0,0.3533980582524272,0.9552819183408944,0.7662590628719835,1.0,1.0,0.8244818652849741,0.9909890786014564,0.0,0.7448320009230054,1327-1869,1.0,0.7085127846749736,0.8244818652849741,0.7003236245954693
4.578494637568726,0.9156989275137452,1.0,1.0,0.0,0.2358296999230572,0.9288096459722934,0.8069925234452655,1.0,1.0,0.7313069129152238,1.0,0.0,11.12768756575986,449,"= Magadheera = Magadheera ( English : Great Warrior ) is a 2009 Indian Telugu @-@ language romantic @-@ action film , written by K. V. <unk> Prasad and directed by S. S. Rajamouli . Based on the theme of reincarnation , ",0.6671458962902196,0.7609391869558636,2.0719729676618592,False,True,46278.0,0.26869308708477624,train,0.04825186913868361,7798.0,0.2358296999230572,8.785886461026198,0.07119035402770657,0.9156989275137452,1.0,1.0,0.0,0.2358296999230572,0.9288096459722934,0.8069925234452655,1.0,1.0,0.7313069129152238,1.0,0.0,0.7180727332829432,4487-1000000000,1.0,0.6679937916222358,0.7313069129152238,0.7073608617594255
4.608217091801946,0.9216434183603892,1.0,0.9997615641392466,0.0,0.4293537787513691,0.9308452250274424,0.8102266736953083,1.0,1.0,0.8278508771929824,0.962862328412939,0.0,10.091439910576096,450,"= Hurricane Flossy ( 1956 ) = Hurricane Flossy originated from a tropical disturbance in the eastern Pacific Ocean and moved across Central America into the Gulf of Mexico as a tropical depression on September 21 , 1956 ",0.6977957340625723,0.7910573575047936,3.3072686329714966,True,True,5691.0,0.17214912280701755,train,0.047443331576172906,913.0,0.4293537787513691,7.702898627303512,0.06915477497255762,0.9216434183603892,1.0,0.9997615641392466,0.0,0.4293537787513691,0.9308452250274424,0.8102266736953083,1.0,1.0,0.8278508771929824,0.962862328412939,0.0,0.7512419365296952,0-1327,0.9903722069001812,0.7236749950559246,0.8278508771929824,0.7207009857612268
4.5890577403228106,0.9178115480645621,1.0,0.9915860606863655,0.0,0.2729866835764109,0.8911802030456852,0.8751089464239938,1.0,1.0,0.6933079606723755,1.0,0.0,10.881712041032,451,"= Battle of Binh <unk> = The Battle of Binh <unk> ( Vietnamese : <unk> Bình Giã ) , which was part of a larger communist campaign , was conducted by the Viet Cong from December 28 , 1964 , to January 1 , 1965 , during th",0.6686222420882852,0.7643191399602279,2.2048964478826796,False,True,19505.0,0.30669203932762445,train,0.031222763394001537,3154.0,0.2729866835764109,8.076937742882661,0.10881979695431476,0.9178115480645621,1.0,0.9915860606863655,0.0,0.2729866835764109,0.8911802030456852,0.8751089464239938,1.0,1.0,0.6933079606723755,1.0,0.0,0.720951757274666,2952-4487,1.0,0.6787225495314357,0.6933079606723755,0.7279644895370958
4.527044677891616,0.9054089355783231,1.0,0.996131730266597,0.0,0.19942780208683944,0.8961279461279461,0.8738057969449992,1.0,1.0,0.6645345901363406,1.0,0.0,10.853975933794537,452,"= June 1941 uprising in eastern Herzegovina = In June 1941 , Serbs in eastern Herzegovina rebelled against the authorities of the Independent State of Croatia ( Croatian : <unk> <unk> <unk> , NDH ) , an Axis puppet state",0.6567303733777519,0.7500996037871732,1.6241717783164675,False,True,37054.0,0.33546540986365936,train,0.031548550763750204,5942.0,0.19942780208683944,8.144159246207975,0.1038720538720539,0.9054089355783231,1.0,0.996131730266597,0.0,0.19942780208683944,0.8961279461279461,0.8738057969449992,1.0,1.0,0.6645345901363406,1.0,0.0,0.7064321375116507,4487-1000000000,1.0,0.6530730192775352,0.6645345901363406,0.7155839784584315
4.506266626789633,0.9012533253579266,1.0,0.9992558139534884,0.0,0.33468067906224735,0.9498381877022654,0.813277428371768,1.0,1.0,0.8071168621107966,1.0,0.0,11.190458328175696,453,"= Crush ( video game ) = Crush is a platformer @-@ puzzle video game developed by <unk> Entertainment 's Zoë Mode studio and published by Sega in 2007 for the PlayStation Portable . Its protagonist is Danny , a young man",0.6885490419393555,0.7783322841351843,2.75336208327954,True,True,14310.0,0.19288313788920342,train,0.046680642907058,2474.0,0.33468067906224735,8.22683308458162,0.05016181229773464,0.9012533253579266,1.0,0.9992558139534884,0.0,0.33468067906224735,0.9498381877022654,0.813277428371768,1.0,1.0,0.8071168621107966,1.0,0.0,0.738587020607359,1869-2952,1.0,0.7029636800692414,0.8071168621107966,0.6952303961196443
4.6269535470025245,0.9253907094005049,1.0,1.0,0.0,0.3366863905325444,0.9182464454976303,0.793189448441247,1.0,1.0,0.7767910005920663,0.9867487857507743,0.0,9.784730276356449,454,"= Odyssey Number Five = Odyssey Number Five is the fourth studio album by the Australian rock band Powderfinger , produced by Nick <unk> and released on 4 September 2000 by Universal Music . It won the 2001 ARIA Music Aw",0.680891869718595,0.7863023277102573,2.6577990962943936,True,True,10425.0,0.2232089994079337,train,0.05170263788968825,1690.0,0.3366863905325444,7.893990286006194,0.08175355450236965,0.9253907094005049,1.0,1.0,0.0,0.3366863905325444,0.9182464454976303,0.793189448441247,1.0,1.0,0.7767910005920663,0.9867487857507743,0.0,0.7353793018634575,1327-1869,1.0,0.6985484450025584,0.7767910005920663,0.763905325443787
4.503524996995068,0.9007049993990137,1.0,0.9999170537491705,0.0,0.2769443347808922,0.9425355450236966,0.7967551251414916,1.0,1.0,0.7528134254689043,1.0,0.0,11.478478438630058,455,"= Amanita muscaria = Amanita muscaria , commonly known as the fly agaric or fly <unk> , is a mushroom and psychoactive <unk> fungus , one of many in the genus Amanita . Native throughout the temperate and boreal regions ",0.6730142239876621,0.7609525520955882,2.3364194513913743,False,True,31804.0,0.24718657453109572,train,0.05081121871462709,5066.0,0.2769443347808922,8.436422623484464,0.05746445497630337,0.9007049993990137,1.0,0.9999170537491705,0.0,0.2769443347808922,0.9425355450236966,0.7967551251414916,1.0,1.0,0.7528134254689043,1.0,0.0,0.7243771618078958,4487-1000000000,1.0,0.681424664599171,0.7528134254689043,0.6727200947493092
4.4717143688210435,0.8943428737642087,1.0,1.0,0.0,0.3403552251135894,0.9632079371641175,0.819326877497122,1.0,1.0,0.8165289256198347,1.0,0.0,10.96363159982845,456,"= Burning of women in England = In England , burning was a legal punishment inflicted on women found guilty of high treason , petty treason and heresy . Over a period of several centuries , female convicts were publicly ",0.6917061751882472,0.778512314755748,2.753830328748912,True,True,14767.0,0.1834710743801653,train,0.04516828062571951,2421.0,0.3403552251135894,8.091047604248928,0.036792062835882544,0.8943428737642087,1.0,1.0,0.0,0.3403552251135894,0.9632079371641175,0.819326877497122,1.0,1.0,0.8165289256198347,1.0,0.0,0.7403737633374777,1869-2952,1.0,0.7052756879471361,0.8165289256198347,0.6860801321767864
4.600444713125251,0.9200889426250501,1.0,1.0,0.0,0.28175388967468173,0.9150863288989527,0.8447237875066224,1.0,1.0,0.7085455574419921,0.9964201847231021,0.0,10.167431655932877,457,"= Strand , London = Strand ( or the Strand ) is a major thoroughfare in the City of Westminster , Central London . It runs just over 3 ⁄ 4 mile ( 1 @,@ 200 m ) from Trafalgar Square eastwards to Temple Bar , where the ro",0.6714181960365692,0.7669806223157609,2.2459621023687912,False,True,20763.0,0.2914544425580079,train,0.03881905312334441,3535.0,0.28175388967468173,7.971361477784817,0.0849136711010473,0.9200889426250501,1.0,1.0,0.0,0.28175388967468173,0.9150863288989527,0.8447237875066224,1.0,1.0,0.7085455574419921,0.9964201847231021,0.0,0.7242893103292173,2952-4487,1.0,0.6816881737640546,0.7085455574419921,0.7258840169731259
4.5474470067910815,0.9094894013582163,1.0,1.0,0.0,0.4037433155080214,0.9535714285714286,0.7907280918471152,1.0,1.0,0.840321141837645,0.9760225633182761,0.0,12.01682824449948,458,"= President Evil = "" President Evil "" is the fifth episode of the third season of the American mystery television series Veronica Mars , and the forty @-@ ninth episode overall . Written by Jonathan Moskin and David Mule",0.6970171196253409,0.7812745067224648,3.1525006857980684,True,True,6881.0,0.15967885816235505,train,0.05231797703822119,1122.0,0.4037433155080214,7.808180506546209,0.046428571428571375,0.9094894013582163,1.0,1.0,0.0,0.4037433155080214,0.9535714285714286,0.7907280918471152,1.0,1.0,0.840321141837645,0.9760225633182761,0.0,0.748949588459339,0-1327,0.9976325017160548,0.7194162639362439,0.840321141837645,0.6622103386809269
4.528669954444709,0.9057339908889418,1.0,1.0,0.0,0.2649155722326454,0.9395418700713482,0.8403938333981086,1.0,1.0,0.75,1.0,0.0,9.939602012976032,459,"= Dave Sisler = David Michael Sisler ( October 16 , 1931 – January 9 , 2011 ) was a professional baseball pitcher who played in Major League Baseball ( MLB ) from 1956 through 1962 . Early in his career , Sisler was a st",0.676080129243984,0.7730372601657463,2.122218133889912,True,True,15438.0,0.25,train,0.03990154165047286,2665.0,0.2649155722326454,8.010922559230334,0.06045812992865185,0.9057339908889418,1.0,1.0,0.0,0.2649155722326454,0.9395418700713482,0.8403938333981086,1.0,1.0,0.75,1.0,0.0,0.7246921915547067,1869-2952,1.0,0.6785749888355147,0.75,0.7425891181988743
4.593619234610992,0.9187238469221984,1.0,0.9999085212459407,0.0,0.22019417475728156,0.9096736596736597,0.7958255020278959,1.0,1.0,0.705768110312682,1.0,0.0,10.657504723997416,460,"= Cole Hamels = <unk> Michael "" Cole "" Hamels ( born December 27 , 1983 ) is an American professional baseball pitcher for the Texas Rangers of Major League Baseball ( MLB ) . He played in MLB for the Philadelphia Philli",0.6593726215979265,0.7595285718093463,1.84790643623238,False,True,30327.0,0.29423188968731795,train,0.05104362449302602,5150.0,0.22019417475728156,8.392167677774918,0.09032634032634035,0.9187238469221984,1.0,0.9999085212459407,0.0,0.22019417475728156,0.9096736596736597,0.7958255020278959,1.0,1.0,0.705768110312682,1.0,0.0,0.7124849151453571,4487-1000000000,1.0,0.661291001261999,0.705768110312682,0.7291262135922331
4.476616972730895,0.8953233945461789,1.0,1.0,0.0,0.34129137276180144,0.948940793047257,0.8273793535679111,1.0,1.0,0.7931596091205212,0.9799659053643652,0.0,11.729603810841853,461,"= Kyra ( Charmed ) = Kyra , also known by her title the Seer , is a fictional character from the American television supernatural drama Charmed , which aired on the WB Television Network ( the WB ) from 1998 to 2006 . Ch",0.6865321561297263,0.7729104814233623,2.6756312728125264,True,True,11169.0,0.2068403908794788,train,0.043155161608022206,1843.0,0.34129137276180144,7.839727242914922,0.05105920695274302,0.8953233945461789,1.0,1.0,0.0,0.34129137276180144,0.948940793047257,0.8273793535679111,1.0,1.0,0.7931596091205212,0.9799659053643652,0.0,0.7356050624746683,1327-1869,1.0,0.6981168507688759,0.7931596091205212,0.6820401519262073
4.461681014489407,0.8923362028978813,1.0,0.9964180484141199,0.0,0.25720384204909286,0.9359316604378003,0.8425419240953221,1.0,1.0,0.7451294368828396,1.0,0.0,11.455716059891337,462,= Réunion ibis = The Réunion ibis or Réunion sacred ibis ( <unk> solitarius ) is an extinct species of ibis that was endemic to the volcanic island of Réunion in the Indian Ocean . The first subfossil remains were found ,0.6728749521752726,0.759513538891517,2.0893549822985693,False,True,22660.0,0.2548705631171604,train,0.03936451897616946,3748.0,0.25720384204909286,8.123342814994853,0.0640683395621997,0.8923362028978813,1.0,0.9964180484141199,0.0,0.25720384204909286,0.9359316604378003,0.8425419240953221,1.0,1.0,0.7451294368828396,1.0,0.0,0.7208073603393674,2952-4487,1.0,0.6747046406819569,0.7451294368828396,0.6816969050160085
4.476566667672477,0.8953133335344955,1.0,0.9929814808380529,0.0,0.23261900867004745,0.9333987890688922,0.8790642132117462,1.0,1.0,0.7210405759162304,1.0,0.0,10.766756282458697,463,"= December 1964 South Vietnamese coup = The December 1964 South Vietnamese coup took place before dawn on December 19 , 1964 , when the ruling military junta of South Vietnam led by General Nguyễn Khánh dissolved the Hig",0.6706974622207059,0.7592692023347549,1.9666723357120135,False,True,36846.0,0.2789594240837696,train,0.030233946697063453,6113.0,0.23261900867004745,8.454478191425835,0.06660121093110782,0.8953133335344955,1.0,0.9929814808380529,0.0,0.23261900867004745,0.9333987890688922,0.8790642132117462,1.0,1.0,0.7210405759162304,1.0,0.0,0.7166359917560382,4487-1000000000,1.0,0.666472748045531,0.7210405759162304,0.7071814166530345
4.5197511131206465,0.9039502226241293,1.0,0.9995596007046389,0.0,0.31801007556675065,0.9331651954602774,0.8558836491846629,1.0,1.0,0.7611846250787649,0.9536810805662932,0.0,11.011098271811948,464,"= 1998 National League Wild Card tie @-@ breaker game = The 1998 National League wild @-@ card tie @-@ breaker game was a one @-@ game extension to Major League Baseball 's ( MLB ) 1998 regular season , played between th",0.6799169122841322,0.765030799451212,2.4262415399797383,True,True,9076.0,0.23881537492123506,train,0.03602908770383429,1588.0,0.31801007556675065,7.6294486445303455,0.06683480453972257,0.9039502226241293,1.0,0.9995596007046389,0.0,0.31801007556675065,0.9331651954602774,0.8558836491846629,1.0,1.0,0.7611846250787649,0.9536810805662932,0.0,0.7273780654663083,1327-1869,1.0,0.6816118217664152,0.7611846250787649,0.6845088161209067
4.590578008536319,0.9181156017072638,1.0,0.9997597020305179,0.0,0.343236074270557,0.924057355284121,0.8098126672613738,1.0,1.0,0.7606157112526539,0.9657229200109048,0.0,10.848327899552094,465,"= Corpus Christi Bay = Corpus Christi Bay is a scenic semi @-@ tropical bay on the Texas coast found in San <unk> and Nueces counties , next to the major city of Corpus Christi . It is separated from the Gulf of Mexico b",0.6792277806716175,0.7723998662671557,2.6517675511811367,True,True,11210.0,0.23938428874734607,train,0.04754683318465656,1885.0,0.343236074270557,7.725783360087238,0.07594264471587897,0.9181156017072638,1.0,0.9997597020305179,0.0,0.343236074270557,0.924057355284121,0.8098126672613738,1.0,1.0,0.7606157112526539,0.9657229200109048,0.0,0.7323058831905688,1869-2952,1.0,0.6933926901656497,0.7606157112526539,0.7050397877984085
4.554631716326897,0.9109263432653794,1.0,0.9999646867716646,0.0,0.1437216338880484,0.7734992433159577,0.8569516569409498,1.0,1.0,0.5420309347679892,0.9929664975661804,0.0,9.566437490084535,466,= 1990 Pacific hurricane season = The 1990 Pacific hurricane season is the fifth most active season on record and is the third most active season in terms of ACE <unk> . The 1990 season officially started on May 15 in th,0.6208252623879419,0.7382282024466781,1.1416861394104343,False,False,37358.0,0.45796906523201075,train,0.035762085764762565,5949.0,0.1437216338880484,7.943731980529443,0.22650075668404235,0.9109263432653794,1.0,0.9999646867716646,0.0,0.1437216338880484,0.7734992433159577,0.8569516569409498,1.0,1.0,0.5420309347679892,0.9929664975661804,0.0,0.680567371840839,4487-1000000000,1.0,0.6244557187839768,0.5420309347679892,0.7866868381240545
4.469530807616909,0.8939061615233819,1.0,1.0,0.0,0.17393303899926416,0.894296228150874,0.8612839259494725,1.0,1.0,0.6471345782356729,1.0,0.0,10.310718145974775,467,"= Track and field = Track and field is a sport which includes athletic contests established on the skills of running , jumping , and throwing . The name is derived from the sport 's typical venue : a stadium with an oval",0.6494586026866701,0.7451262151806824,1.4909865900793786,False,False,66063.0,0.3528654217643271,train,0.03467901851263188,10872.0,0.17393303899926416,8.57218731218562,0.10570377184912605,0.8939061615233819,1.0,1.0,0.0,0.17393303899926416,0.894296228150874,0.8612839259494725,1.0,1.0,0.6471345782356729,1.0,0.0,0.6993504078400463,4487-1000000000,1.0,0.6431584636698392,0.6471345782356729,0.7199227373068433
4.53970083885718,0.907940167771436,1.0,0.9998895881638512,0.0,0.2899637868598034,0.9415113871635611,0.836399446842392,1.0,1.0,0.7697283311772316,1.0,0.0,11.232017155407783,468,"= Isabella Beeton = Isabella Mary Beeton ( née Mayson ; 14 March 1836 – 6 February 1865 ) , also known as Mrs Beeton , was an English journalist , editor and writer . Her name is particularly associated with her first bo",0.6812637072328867,0.7673059141847165,2.4119992710569846,True,True,23863.0,0.2302716688227684,train,0.040900138289402005,3866.0,0.2899637868598034,8.318277593136756,0.058488612836438914,0.907940167771436,1.0,0.9998895881638512,0.0,0.2899637868598034,0.9415113871635611,0.836399446842392,1.0,1.0,0.7697283311772316,1.0,0.0,0.7303008361601507,2952-4487,1.0,0.6876413647950261,0.7697283311772316,0.6818416968442835
4.518965126878678,0.9037930253757356,1.0,1.0,0.0,0.34282371294851793,0.970335675253708,0.7983929875821768,1.0,1.0,0.8138899726882559,1.0,0.0,11.218166948013122,469,= Martin Keamy = First Sergeant Martin Christopher Keamy is a fictional character played by Kevin Durand in the fourth season and sixth season of the American ABC television series Lost . Keamy is introduced in the fifth,0.6911635066994766,0.7809062506594492,2.803870910120883,True,True,15059.0,0.1861100273117441,train,0.050401753104455806,2564.0,0.34282371294851793,8.178754281626786,0.029664324746291992,0.9037930253757356,1.0,1.0,0.0,0.34282371294851793,0.970335675253708,0.7983929875821768,1.0,1.0,0.8138899726882559,1.0,0.0,0.7413746979313355,1869-2952,1.0,0.7063932772027972,0.8138899726882559,0.6973478939157566
4.513624290258022,0.9027248580516044,1.0,1.0,0.0,0.3823743627093955,0.9416484318016046,0.815952409857958,1.0,1.0,0.8236151603498543,0.9809955203111065,0.0,10.83482713523097,470,"= Kaboom ( Parks and Recreation ) = "" Kaboom "" is the sixth episode of the second season of Parks and Recreation , and the twelfth overall episode of the series . It originally aired on NBC in the United States on Octobe",0.6936934884820671,0.7805954886632837,3.0008602951978496,True,True,8237.0,0.17638483965014573,train,0.0460118975355105,1373.0,0.3823743627093955,7.847964162488852,0.058351568198395376,0.9027248580516044,1.0,1.0,0.0,0.3823743627093955,0.9416484318016046,0.815952409857958,1.0,1.0,0.8236151603498543,0.9809955203111065,0.0,0.7444965991249762,1327-1869,1.0,0.7130907703176136,0.8236151603498543,0.6788055353241078
4.615115841495484,0.9230231682990968,1.0,1.0,0.0,0.3028112449799197,0.9168006430868167,0.8544359392646506,1.0,1.0,0.7484933708316593,0.987863688884331,0.0,10.10389619978064,471,= Middle Colonies = The Middle Colonies comprised the middle region of the Thirteen Colonies of the British Empire in North America . Much of the area was part of the New Netherland until the British exerted their contro,0.6796329927366433,0.772105594417662,2.3930898680121624,True,True,15938.0,0.25150662916834066,train,0.03639101518383737,2490.0,0.3028112449799197,7.902909511074648,0.08319935691318325,0.9230231682990968,1.0,1.0,0.0,0.3028112449799197,0.9168006430868167,0.8544359392646506,1.0,1.0,0.7484933708316593,0.987863688884331,0.0,0.7303505697434984,1869-2952,1.0,0.6878440183378118,0.7484933708316593,0.7176706827309237
4.547279696435352,0.9094559392870704,1.0,0.9998739919354839,0.0,0.342668863261944,0.925783397471138,0.8562670942186174,1.0,1.0,0.7703296703296704,0.9750103421843959,0.0,10.099717354742943,472,"= Bath Assembly Rooms = The Bath Assembly Rooms , designed by John Wood , the Younger in 1769 , are a set of elegant assembly rooms located in the heart of the World Heritage City of Bath in England which are now open to",0.6852575442622139,0.7771623361432021,2.672845484999728,True,True,10603.0,0.22967032967032963,train,0.035933226445345655,1821.0,0.342668863261944,7.800082737475167,0.07421660252886197,0.9094559392870704,1.0,0.9998739919354839,0.0,0.342668863261944,0.925783397471138,0.8562670942186174,1.0,1.0,0.7703296703296704,0.9750103421843959,0.0,0.735151916511473,1327-1869,1.0,0.6969957596173214,0.7703296703296704,0.7177375068643602
4.5168358989078055,0.9033671797815611,1.0,1.0,0.0,0.39861111111111114,0.9540389972144847,0.845770015876616,1.0,1.0,0.8372739916550765,0.8995567833939248,0.0,11.259545163539858,473,"= Flash Gordon Strange Adventure Magazine = Flash Gordon Strange Adventure Magazine was a pulp magazine which was launched in December 1936 . It was published by Harold Hersey , and was an attempt to cash in on the growi",0.694886624474542,0.7687952873447417,2.868586631489516,True,True,4409.0,0.16272600834492346,train,0.038557496030845996,720.0,0.39861111111111114,7.196454267151398,0.04596100278551529,0.9033671797815611,1.0,1.0,0.0,0.39861111111111114,0.9540389972144847,0.845770015876616,1.0,1.0,0.8372739916550765,0.8995567833939248,0.0,0.7390117298768201,0-1327,0.9820096892500969,0.694047838564669,0.8372739916550765,0.6527777777777778
4.54803763479541,0.909607526959082,1.0,0.9997765363128491,0.0,0.4027926960257787,0.961248654467169,0.8365012615643398,1.0,1.0,0.8301075268817204,0.9590778433968895,0.0,10.174397446989804,474,"= Tropical Storm Olaf ( 1997 ) = Tropical Storm Olaf was an erratic and long @-@ lived tropical cyclone that brought heavy rainfall to regions of Mexico , which would be devastated by Hurricane Pauline a week later . The",0.6996322218468481,0.7887697748456745,3.090476401923382,True,True,5945.0,0.1698924731182796,train,0.04087468460891505,931.0,0.4027926960257787,7.672622747175116,0.038751345532830994,0.909607526959082,1.0,0.9997765363128491,0.0,0.4027926960257787,0.961248654467169,0.8365012615643398,1.0,1.0,0.8301075268817204,0.9590778433968895,0.0,0.7481091241106079,0-1327,0.9910597859175704,0.714522196910971,0.8301075268817204,0.7207303974221267
4.526884188224554,0.9053768376449108,1.0,1.0,0.0,0.32489451476793246,0.9142736486486487,0.820784956193461,1.0,1.0,0.7593921485859012,1.0,0.0,10.78998627397745,475,"= Road to the North Pole = "" Road to the North Pole "" is the seventh episode of the ninth season of the animated comedy series Family Guy . Directed by Greg Colton and co @-@ written by Chris Sheridan and Danny Smith , t",0.6788305867772065,0.7685802680953718,2.645238243706108,True,True,14039.0,0.2406078514140988,train,0.044803760951634734,2370.0,0.32489451476793246,8.141837191666854,0.08572635135135132,0.9053768376449108,1.0,1.0,0.0,0.32489451476793246,0.9142736486486487,0.820784956193461,1.0,1.0,0.7593921485859012,1.0,0.0,0.7322435925377977,1869-2952,1.0,0.6973454249608819,0.7593921485859012,0.6814345991561181
4.618585221058555,0.923717044211711,1.0,1.0,0.0,0.32248394004282654,0.9425632233176168,0.8127902822436585,1.0,1.0,0.787917737789203,0.9956919985082997,0.0,10.91655611855011,476,"= Ed Barrow = Edward Grant Barrow ( May 10 , 1868 – December 15 , 1953 ) was an American manager and front office executive in Major League Baseball . He served as the field manager of the Detroit Tigers and Boston Red S",0.6859593007906547,0.7732654805592818,2.5687574299845815,True,True,13995.0,0.21208226221079696,train,0.046802429439085386,2335.0,0.32248394004282654,7.965535988066398,0.05743677668238323,0.923717044211711,1.0,1.0,0.0,0.32248394004282654,0.9425632233176168,0.8127902822436585,1.0,1.0,0.787917737789203,0.9956919985082997,0.0,0.7373368309302178,1869-2952,1.0,0.6982124001028904,0.787917737789203,0.6822269807280514
4.520040375234464,0.9040080750468927,1.0,0.9962376237623762,0.0,0.4001874414245548,0.9605633802816902,0.836045810729355,1.0,1.0,0.8208255159474672,0.9345976219438474,0.0,9.436799652624007,477,"= Spanish Hill = Spanish Hill is a hill located in the borough of South Waverly , Pennsylvania . The hill is controversial among historians and archaeologists ; opinions regarding the origin of structures found on the si",0.6951961543268307,0.7919189311613031,2.9921138486974534,True,True,6636.0,0.17917448405253278,train,0.040988547317661245,1067.0,0.4001874414245548,7.4767809755507795,0.03943661971830981,0.9040080750468927,1.0,0.9962376237623762,0.0,0.4001874414245548,0.9605633802816902,0.836045810729355,1.0,1.0,0.8208255159474672,0.9345976219438474,0.0,0.7424574268528903,0-1327,0.9958620682851451,0.7049249792685458,0.8208255159474672,0.7582005623242737
4.558680165989642,0.9117360331979285,1.0,1.0,0.0,0.40208078335373315,0.9356617647058824,0.7893255603578249,1.0,1.0,0.8230251071647275,1.0,0.0,11.202324007498826,478,"= S.R. 819 = "" S.R. 819 "" is the ninth episode of the sixth season of the science fiction television series The X @-@ Files . It premiered on the Fox network on January 17 , 1999 in the United States . The episode was wr",0.6947690592785218,0.7895594831447973,3.2648566327454165,True,True,9949.0,0.17697489283527246,train,0.05266860991054377,1634.0,0.40208078335373315,8.119902188593624,0.06433823529411764,0.9117360331979285,1.0,1.0,0.0,0.40208078335373315,0.9356617647058824,0.7893255603578249,1.0,1.0,0.8230251071647275,1.0,0.0,0.7498180918867257,1327-1869,1.0,0.7254292417817961,0.8230251071647275,0.7068543451652387
4.525207498955043,0.9050414997910086,1.0,1.0,0.0,0.313179347826087,0.9680272108843537,0.8194084068500259,1.0,1.0,0.7885791978246091,0.943538130783513,0.0,12.88276251681139,479,"= Paranthodon = Paranthodon ( <unk> @-@ <unk> @-@ <unk> @-@ don ) is a genus of extinct <unk> dinosaur that lived in South Africa during the Early Cretaceous , approximately 145 @.@ 5 – 136 @.@ 4 million years ago . Disc",0.682208155831661,0.7609756597338315,2.363973251582606,True,False,9635.0,0.21142080217539094,train,0.045147898287493514,1472.0,0.313179347826087,7.548305046268104,0.03197278911564627,0.9050414997910086,1.0,1.0,0.0,0.313179347826087,0.9680272108843537,0.8194084068500259,1.0,1.0,0.7885791978246091,0.943538130783513,0.0,0.7280764755634531,1327-1869,1.0,0.6782176074341265,0.7885791978246091,0.6508152173913043
4.571632955672874,0.9143265911345748,1.0,1.0,0.0,0.22694414019715226,0.9138724523339908,0.8571535524444112,1.0,1.0,0.7142857142857143,1.0,0.0,9.324002179323985,480,= History of Bradford City <unk> = Bradford City Association Football Club — also known informally as Bradford City — are an English football club founded in Bradford in 1903 to introduce the sport to the West Riding of ,0.6674355270083222,0.7688417866604976,1.886321961374458,False,True,26714.0,0.2857142857142857,train,0.03571161188889721,4565.0,0.22694414019715226,8.311833739067954,0.08612754766600916,0.9143265911345748,1.0,1.0,0.0,0.22694414019715226,0.9138724523339908,0.8571535524444112,1.0,1.0,0.7142857142857143,1.0,0.0,0.7164586866566954,4487-1000000000,1.0,0.6649653783776357,0.7142857142857143,0.7649507119386637
4.5207897340566925,0.9041579468113385,1.0,0.9999205150623957,0.0,0.30458515283842796,0.9286234522942461,0.821021528070916,1.0,1.0,0.7611940298507462,1.0,0.0,10.695596218439828,481,"= Aerith Gainsborough = Aerith Gainsborough ( Japanese : <unk> ・ <unk> , Hepburn : <unk> <unk> ) — <unk> Aeris Gainsborough in the English releases of Final Fantasy VII and Final Fantasy Tactics — is a player character i",0.6783555795269974,0.7713719700995046,2.45625152508656,True,True,16583.0,0.23880597014925375,train,0.044744617982271,2748.0,0.30458515283842796,8.064252318922183,0.07137654770575386,0.9041579468113385,1.0,0.9999205150623957,0.0,0.30458515283842796,0.9286234522942461,0.821021528070916,1.0,1.0,0.7611940298507462,1.0,0.0,0.7299514885119051,1869-2952,1.0,0.6911220324655595,0.7611940298507462,0.7063318777292577
4.64659731559722,0.929319463119444,1.0,1.0,0.0,0.4211994421199442,0.9426573426573427,0.7667717244484467,1.0,1.0,0.8254189944134078,0.931822031638065,0.0,12.443693654636064,482,"= Forbidden Fruit ( J. Cole song ) = "" Forbidden Fruit "" is a song by American hip hop recording artist J. Cole . The song was sent to radio stations in August 2013 , as the third official single from Cole 's second stud",0.6916786010605163,0.7771667619042137,3.1398633590482077,True,True,4442.0,0.17458100558659218,train,0.058307068887888336,717.0,0.4211994421199442,7.45457625310452,0.05734265734265731,0.929319463119444,1.0,1.0,0.0,0.4211994421199442,0.9426573426573427,0.7667717244484467,1.0,1.0,0.8254189944134078,0.931822031638065,0.0,0.7454793576482346,0-1327,0.981862685256909,0.7109950472636196,0.8254189944134078,0.6764295676429568
4.527531133456077,0.9055062266912154,1.0,0.9998440667394355,0.0,0.28291420118343197,0.8593634344929681,0.8432070212892131,1.0,1.0,0.6810950795412505,0.9911527218794536,0.0,10.030639315115009,483,"= Old Pine Church = Old Pine Church ( also historically known as Mill Church , Nicholas Church , and Pine Church ) is a mid @-@ 19th century church near Purgitsville , West Virginia . It is among the earliest extant log ",0.6601252562532266,0.7597723174343275,2.2432894444904794,False,False,16863.0,0.3189049204587495,train,0.03919824467769673,2704.0,0.28291420118343197,7.929221775035629,0.14063656550703185,0.9055062266912154,1.0,0.9998440667394355,0.0,0.28291420118343197,0.8593634344929681,0.8432070212892131,1.0,1.0,0.6810950795412505,0.9911527218794536,0.0,0.7162270295989214,1869-2952,1.0,0.6766302455651821,0.6810950795412505,0.720784023668639
4.616196495261438,0.9232392990522875,1.0,1.0,0.0,0.26096997690531176,0.8283236994219653,0.8196737518536826,1.0,1.0,0.6539572501444252,0.9152899226941938,0.0,9.421011872013286,484,"= God of War video game collections = God of War is an action @-@ adventure video game series loosely based on Greek mythology . <unk> in 2005 , the series has become a flagship title for the PlayStation brand and the ch",0.6443452133241179,0.7555227835880794,1.9109055198973468,False,False,10115.0,0.3460427498555748,train,0.045081562036579335,1732.0,0.26096997690531176,7.322319381553551,0.17167630057803474,0.9232392990522875,1.0,1.0,0.0,0.26096997690531176,0.8283236994219653,0.8196737518536826,1.0,1.0,0.6539572501444252,0.9152899226941938,0.0,0.699967325117618,1327-1869,1.0,0.6440486374586853,0.6539572501444252,0.7725173210161663
4.521995436881193,0.9043990873762386,1.0,0.9997483453708131,0.0,0.20169286577992745,0.889937106918239,0.8767635825083795,1.0,1.0,0.6573950900955375,1.0,0.0,10.355087214833453,485,"= Territorial era of Minnesota = The territorial era of Minnesota covers the history of the land that is now the modern US state of Minnesota from the Louisiana Purchase in 1803 , to its achieving statehood in 1858 . The",0.6558398062720971,0.7518789549434027,1.7097165517814583,False,True,51316.0,0.34260490990446246,train,0.030809104372905138,8270.0,0.20169286577992745,8.476832064288166,0.11006289308176098,0.9043990873762386,1.0,0.9997483453708131,0.0,0.20169286577992745,0.889937106918239,0.8767635825083795,1.0,1.0,0.6573950900955375,1.0,0.0,0.7062202615242538,4487-1000000000,1.0,0.6535333472071088,0.6573950900955375,0.7287787182587666
4.639192326909911,0.9278384653819822,1.0,0.9992869366799771,0.0,0.30194082087177854,0.9576567971983445,0.7681249353604302,1.0,1.0,0.7724379376193508,1.0,0.0,11.512046781842171,486,"= Mitsuyo Maeda = Mitsuyo Maeda ( <unk> <unk> , Maeda Mitsuyo , born December 18 , 1878 in <unk> village , Hirosaki , <unk> , Japan – November 28 , 1941 ) , a Brazilian naturalized as <unk> Maeda ( Portuguese pronunciati",0.6795133870809872,0.767688412994821,2.480255377803403,True,True,19338.0,0.22756206238064924,train,0.05796876615989244,3143.0,0.30194082087177854,8.214375819216118,0.04234320280165549,0.9278384653819822,1.0,0.9992869366799771,0.0,0.30194082087177854,0.9576567971983445,0.7681249353604302,1.0,1.0,0.7724379376193508,1.0,0.0,0.7330594628865656,2952-4487,1.0,0.6920149366612275,0.7724379376193508,0.672923958001909
4.432493153417182,0.8864986306834364,1.0,1.0,0.0,0.2990455991516437,0.9636604774535809,0.7882426460741865,1.0,1.0,0.8032352161230443,1.0,0.0,11.433318899934699,487,"= Kitsune = Kitsune ( <unk> , <unk> , <unk> : [ kitsu <unk> ne ] ) is the Japanese word for fox . Foxes are a common subject of Japanese folklore ; in English , kitsune refers to them in this context . Stories depict the",0.6818013402370209,0.7700842915299069,2.507893164199014,True,True,22403.0,0.19676478387695573,train,0.05293933848145338,3772.0,0.2990455991516437,8.386323595176135,0.036339522546419145,0.8864986306834364,1.0,1.0,0.0,0.2990455991516437,0.9636604774535809,0.7882426460741865,1.0,1.0,0.8032352161230443,1.0,0.0,0.7306218153275041,2952-4487,1.0,0.690072307451663,0.8032352161230443,0.679745493107105
4.622984792986122,0.9245969585972243,1.0,1.0,0.0,0.3670745272525028,0.9319955406911928,0.8431225370613624,1.0,1.0,0.7739420935412027,0.9011818642764374,0.0,10.519831918680719,488,"= New York State Route 448 = New York State Route 448 ( NY 448 ) is a 3 @.@ 90 @-@ mile ( 6 @.@ 28 km ) long state highway in western Westchester County , New York , in the United States . The route begins in the village",0.6830469159823465,0.7729992580512008,2.646407254382419,True,True,5329.0,0.2260579064587973,train,0.03921936573465941,899.0,0.3670745272525028,7.209454914211499,0.06800445930880716,0.9245969585972243,1.0,1.0,0.0,0.3670745272525028,0.9319955406911928,0.8431225370613624,1.0,1.0,0.7739420935412027,0.9011818642764374,0.0,0.730981734773843,0-1327,0.9898279957722321,0.6825549652691565,0.7739420935412027,0.7241379310344828
4.453133762078318,0.8906267524156636,1.0,0.9997679275934092,0.0,0.38305084745762713,0.9546998867497168,0.8703206161561885,1.0,1.0,0.8133484162895928,0.9224269007111662,0.0,10.10194817937333,489,"= Hurricane Tanya ( 1995 ) = Hurricane Tanya was the final storm of the very active 1995 Atlantic hurricane season . The twenty @-@ first tropical cyclone , nineteenth named storm , and eleventh hurricane of the season ,",0.6932479707999986,0.7845113321349262,2.8266912482809974,True,True,5583.0,0.18665158371040724,train,0.03241984596095289,885.0,0.38305084745762713,7.379415205689329,0.04530011325028316,0.8906267524156636,1.0,0.9997679275934092,0.0,0.38305084745762713,0.9546998867497168,0.8703206161561885,1.0,1.0,0.8133484162895928,0.9224269007111662,0.0,0.7372275800856648,0-1327,0.9892752524320754,0.6949832270850307,0.8133484162895928,0.7468926553672316
4.597763518871399,0.9195527037742798,1.0,1.0,0.0,0.35682492581602376,0.8930163447251115,0.7770210619245806,1.0,1.0,0.7446176688938382,0.9746849764670197,0.0,9.955188275787622,490,"= Sweet Love ( Chris Brown song ) = "" Sweet Love "" is a song by American recording artist Chris Brown , taken from his fifth studio album , Fortune ( 2012 ) . It was written by Brown , Cory Marks , Greg Curtis , Jamal "" ",0.6728740803036327,0.7737939318051553,2.7823351553746973,False,True,7929.0,0.2553823311061618,train,0.05574473451885484,1348.0,0.35682492581602376,7.7974798117361575,0.10698365527488851,0.9195527037742798,1.0,1.0,0.0,0.35682492581602376,0.8930163447251115,0.7770210619245806,1.0,1.0,0.7446176688938382,0.9746849764670197,0.0,0.7313541050537817,1327-1869,1.0,0.6985545280976517,0.7446176688938382,0.7181008902077152
4.505880769800135,0.901176153960027,1.0,0.9989734113540705,0.0,0.2521427458313854,0.9448168355416992,0.8323075734555662,1.0,1.0,0.7621571072319202,1.0,0.0,11.58930849083487,491,"= Kakapo = The kakapo ( Māori : kākāpō or night parrot ) , <unk> <unk> ( Gray , 1845 ) , also called owl parrot , is a species of large , flightless , nocturnal , ground @-@ dwelling parrot of the super @-@ family <unk> ",0.6755641771569411,0.7607875820853123,2.183813244030921,True,True,38833.0,0.2378428927680798,train,0.041923106636108466,6417.0,0.2521427458313854,8.661019522216575,0.05518316445830085,0.901176153960027,1.0,0.9989734113540705,0.0,0.2521427458313854,0.9448168355416992,0.8323075734555662,1.0,1.0,0.7621571072319202,1.0,0.0,0.7229037479122327,4487-1000000000,1.0,0.6744875604139626,0.7621571072319202,0.6764843384759234
4.601578943987789,0.9203157887975578,1.0,0.9996147919876733,0.0,0.3013698630136986,0.9417142857142857,0.818857851082086,1.0,1.0,0.7755568246716162,0.9638493639791172,0.0,9.483910330784575,492,"= Live & Kicking = Live & Kicking is a BBC Saturday morning children 's magazine programme , running from 1993 to 2001 . The fourth in a succession of Saturday morning shows , it was the replacement for Going Live ! , an",0.6797236230872851,0.7813680371812691,2.323801206305817,True,True,10489.0,0.22444317532838376,train,0.0452855372294785,1752.0,0.3013698630136986,7.710794911832938,0.058285714285714274,0.9203157887975578,1.0,0.9996147919876733,0.0,0.3013698630136986,0.9417142857142857,0.818857851082086,1.0,1.0,0.7755568246716162,0.9638493639791172,0.0,0.7284869928203457,1327-1869,1.0,0.6805483031583768,0.7755568246716162,0.7671232876712328
4.547171679177619,0.9094343358355237,1.0,0.997487086416306,0.0,0.28594612138915937,0.9012666450146152,0.8374880661928503,1.0,1.0,0.7181818181818181,1.0,0.0,11.059552672613929,493,"= Henry Hoʻolulu Pitman = Timothy Henry Hoʻolulu Pitman ( March 18 , 1845 – February 27 , 1863 ) was an American Union Army soldier of Native Hawaiian descent . Considered one of the "" Hawaiʻi Sons of the Civil War "" , h",0.6700012747510128,0.763488397205528,2.292458799900911,False,True,18854.0,0.28181818181818186,train,0.04062798345178742,3081.0,0.28594612138915937,8.017100524965615,0.09873335498538482,0.9094343358355237,1.0,0.997487086416306,0.0,0.28594612138915937,0.9012666450146152,0.8374880661928503,1.0,1.0,0.7181818181818181,1.0,0.0,0.7233142547442039,2952-4487,1.0,0.6831436577193917,0.7181818181818181,0.703343070431678
4.5560223840482195,0.9112044768096439,1.0,1.0,0.0,0.3905249679897567,0.9319640564826701,0.7641589180050719,1.0,1.0,0.7846153846153846,0.8826758000129735,0.0,10.092956142970916,494,"= Church of Christ Pantocrator , Nesebar = The Church of Christ Pantocrator ( Bulgarian : <unk> „ <unk> <unk> “ , <unk> „ <unk> <unk> “ or <unk> „ <unk> <unk> “ , <unk> „ <unk> <unk> “ , Byzantine Greek : <unk> <unk> <un",0.6759176591119919,0.7741510066114599,2.7576555083631953,True,True,4732.0,0.2153846153846154,train,0.05896027049873204,781.0,0.3905249679897567,7.061406400103788,0.06803594351732989,0.9112044768096439,1.0,1.0,0.0,0.3905249679897567,0.9319640564826701,0.7641589180050719,1.0,1.0,0.7846153846153846,0.8826758000129735,0.0,0.727671925640342,0-1327,0.984873059582613,0.6821361548208535,0.7846153846153846,0.7387964148527529
4.509659510902641,0.9019319021805282,1.0,1.0,0.0,0.3320754716981132,0.9287641662169455,0.814918372869126,1.0,1.0,0.7605177993527508,0.9829440227943793,0.0,11.315727448711309,495,"= Kir 'Shara = "" Kir 'Shara "" is the ninth episode of the fourth season of the American science fiction television series Star Trek : Enterprise . It was writer Michael Sussman 's third episode of the season , while it w",0.6788488030978359,0.7724884255489695,2.6112928001782754,True,True,11087.0,0.23948220064724923,train,0.0462704067827185,1855.0,0.3320754716981132,7.8635521823550345,0.07123583378305454,0.9019319021805282,1.0,1.0,0.0,0.3320754716981132,0.9287641662169455,0.814918372869126,1.0,1.0,0.7605177993527508,0.9829440227943793,0.0,0.7312476454034492,1327-1869,1.0,0.6943786963248477,0.7605177993527508,0.7072776280323451
4.594607643092592,0.9189215286185185,1.0,1.0,0.0,0.3947119924457035,0.9432355723746452,0.8005233184546714,1.0,1.0,0.8251417769376181,0.9486895725706568,0.0,10.276267189289632,496,"= <unk> Warren = <unk> <unk> Junior Warren ( born 28 June 1959 ) is an artist and poet of Pitcairn Island , a remote British Overseas Territory in the South Pacific . She works in both English and Pitkern , the island 's",0.692757997956017,0.7855113051422636,2.995673211214614,True,True,6497.0,0.17485822306238186,train,0.04986917038633215,1059.0,0.3947119924457035,7.589516580565254,0.05676442762535483,0.9189215286185185,1.0,1.0,0.0,0.3947119924457035,0.9432355723746452,0.8005233184546714,1.0,1.0,0.8251417769376181,0.9486895725706568,0.0,0.7437447442255036,0-1327,0.9955969812722412,0.7077227633668419,0.8251417769376181,0.7157695939565628
4.642480818885418,0.9284961637770837,1.0,0.9999254176610979,0.0,0.2733981885273398,0.8741188318227593,0.8247405699225827,1.0,1.0,0.6865771812080537,0.997390130103289,0.0,8.87767498797527,497,"= 2nd Battalion 9th Marines = 2nd Battalion , 9th Marines ( 2 / 9 ) was an infantry battalion of the United States Marine Corps . Formed during World War I , the unit played an instrumental role in the defeat of the Japa",0.6623636720475137,0.7728456901035029,2.1814772386022963,False,True,18213.0,0.31342281879194633,train,0.04381485751935431,2981.0,0.2733981885273398,7.979121040826312,0.1258811681772407,0.9284961637770837,1.0,0.9999254176610979,0.0,0.2733981885273398,0.8741188318227593,0.8247405699225827,1.0,1.0,0.6865771812080537,0.997390130103289,0.0,0.7192836103483417,2952-4487,1.0,0.677338884831828,0.6865771812080537,0.7832941965783294
4.3617023808383575,0.8723404761676715,1.0,1.0,0.0,0.17227624033906758,0.8755300573709155,0.8637719588995691,1.0,1.0,0.6344139650872818,0.9583844687519494,0.0,12.231560220124338,498,"= Directed acyclic graph = In mathematics and computer science , a directed acyclic graph ( DAG / <unk> / ) , is a finite directed graph with no directed cycles . That is , it consists of <unk> many vertices and edges , ",0.640343312489005,0.7263255425496166,1.3208549846075235,False,False,24136.0,0.36558603491271824,train,0.03405701027510772,4011.0,0.17227624033906758,7.667075750015595,0.1244699426290845,0.8723404761676715,1.0,1.0,0.0,0.17227624033906758,0.8755300573709155,0.8637719588995691,1.0,1.0,0.6344139650872818,0.9583844687519494,0.0,0.6884604045016832,2952-4487,1.0,0.6268953795235958,0.6344139650872818,0.6591872351034654
4.490265895333327,0.8980531790666655,1.0,1.0,0.0,0.389010989010989,0.9721203228173148,0.8044315992292871,1.0,1.0,0.8629032258064516,0.9947285200992068,0.0,9.554395567328035,499,"= August ( Fringe ) = "" August "" is the eighth episode of the American science fiction drama television series Fringe 's second season . The episode was co @-@ written by J. H. Wyman and Jeff Pinkner , and directed by De",0.702160520382858,0.7982981000653422,3.095682603209839,True,True,8304.0,0.13709677419354838,train,0.04889210019267823,1365.0,0.389010989010989,7.957828160793654,0.027879677182685247,0.8980531790666655,1.0,1.0,0.0,0.389010989010989,0.9721203228173148,0.8044315992292871,1.0,1.0,0.8629032258064516,0.9947285200992068,0.0,0.7511096946750211,1327-1869,1.0,0.7214897246150594,0.8629032258064516,0.7377289377289378
4.550585406484881,0.9101170812969762,1.0,0.9990738761843698,0.0,0.3160270880361174,0.9290093578573734,0.8128305111906415,1.0,1.0,0.7693548387096775,1.0,0.0,10.263090968014438,500,"= Ghost in the Shell ( 1995 film ) = Ghost in the Shell , known in Japan as Mobile Armored Riot Police : Ghost In The Shell ( 攻殻機動隊 <unk> IN THE <unk> , Kōkaku <unk> <unk> In <unk> <unk> ) , is a 1995 science fiction ani",0.6803568410237497,0.7727277255994317,2.580379961758387,True,True,18721.0,0.23064516129032253,train,0.046792372202339616,3101.0,0.3160270880361174,8.16505945042118,0.07099064214262663,0.9101170812969762,1.0,0.9990738761843698,0.0,0.3160270880361174,0.9290093578573734,0.8128305111906415,1.0,1.0,0.7693548387096775,1.0,0.0,0.732740675290223,2952-4487,1.0,0.6953771096541409,0.7693548387096775,0.7004192196065785
4.555998186807632,0.9111996373615264,1.0,1.0,0.0,0.3451086956521739,0.9251700680272109,0.7568021498152503,1.0,1.0,0.7824609109449354,0.9717438430057725,0.0,10.367650858222758,501,"= Yo @-@ Yo ( Nicola Roberts song ) = "" Yo @-@ Yo "" is a song by British recording artist Nicola Roberts , released as the third and final single from Roberts ' debut solo album Cinderella 's Eyes on 6 January 2012 . Ori",0.6768239601519587,0.7740406122807345,2.6828580013420242,True,True,8931.0,0.21753908905506458,train,0.060799462546187434,1472.0,0.3451086956521739,7.77395074404618,0.07482993197278909,0.9111996373615264,1.0,1.0,0.0,0.3451086956521739,0.9251700680272109,0.7568021498152503,1.0,1.0,0.7824609109449354,0.9717438430057725,0.0,0.731977791721257,1327-1869,1.0,0.6952020305251151,0.7824609109449354,0.7038043478260869
4.618337449670673,0.9236674899341345,1.0,0.9998579192270806,0.0,0.21707354999222517,0.9247161300357754,0.8403879605713984,1.0,1.0,0.7045101088646968,1.0,0.0,10.634807776552675,502,"= Robbie Fowler = Robert Bernard "" Robbie "" Fowler ( born 9 April 1975 ) is an English former professional footballer and manager who played as a striker from 1993 to 2012 . Fowler was known for being a natural scorer wi",0.6654702872976117,0.7582475453217056,1.8476422496149383,False,True,37942.0,0.2954898911353032,train,0.03990300985715039,6431.0,0.21707354999222517,8.511595492316381,0.07528386996422465,0.9236674899341345,1.0,0.9998579192270806,0.0,0.21707354999222517,0.9247161300357754,0.8403879605713984,1.0,1.0,0.7045101088646968,1.0,0.0,0.7153832689095802,4487-1000000000,1.0,0.6619600219528463,0.7045101088646968,0.7152853366505987
4.488579767791573,0.8977159535583146,1.0,1.0,0.0,0.31152772237734344,0.9337325349301397,0.7972188470365871,1.0,1.0,0.7809257781324821,1.0,0.0,11.590612028702449,503,"= Ode on Indolence = The "" Ode on Indolence "" is one of five odes composed by English poet John Keats in the spring of 1819 . The others were "" Ode on a Grecian Urn "" , "" Ode on Melancholy "" , "" Ode to a Nightingale "" an",0.6791223030076133,0.7663052029897638,2.500485153783919,True,True,14814.0,0.2190742218675179,train,0.050695288240853245,2507.0,0.31152772237734344,8.026525327191145,0.06626746506986025,0.8977159535583146,1.0,1.0,0.0,0.31152772237734344,0.9337325349301397,0.7972188470365871,1.0,1.0,0.7809257781324821,1.0,0.0,0.7309530619026622,1869-2952,1.0,0.6933584615456669,0.7809257781324821,0.6653370562425209
4.579593023848568,0.9159186047697135,1.0,0.9997815162770374,0.0,0.27106771386117595,0.936504565725207,0.7996141394983813,1.0,1.0,0.759235668789809,1.0,0.0,10.863364846756696,504,"= Erving Goffman = Erving Goffman ( 11 June 1922 – 19 November 1982 ) was a Canadian @-@ American sociologist and writer , considered "" the most influential American sociologist of the twentieth century "" . In 2007 he wa",0.6744855565995057,0.7595412281770038,2.2924721681855873,False,True,30581.0,0.24076433121019103,train,0.050096465125404666,4711.0,0.27106771386117595,8.457193723040174,0.06349543427479298,0.9159186047697135,1.0,0.9997815162770374,0.0,0.27106771386117595,0.936504565725207,0.7996141394983813,1.0,1.0,0.759235668789809,1.0,0.0,0.7257950290411767,4487-1000000000,1.0,0.6806644429858824,0.759235668789809,0.6593080025472299
4.608148354790324,0.9216296709580648,1.0,0.9989624403403196,0.0,0.2919472913616398,0.8822150600644594,0.8075990299110751,1.0,1.0,0.7041593438781488,1.0,0.0,9.904966411176556,505,"= Cater 2 U = "" Cater 2 U "" is a song by American recording group Destiny 's Child , taken from their fourth studio album Destiny Fulfilled ( 2004 ) . Columbia Records released it as the album 's fourth and final single ",0.6651093783239852,0.7685368652772967,2.414078470706094,False,True,19792.0,0.2958406561218512,train,0.048100242522231204,3415.0,0.2919472913616398,8.268884631355377,0.11778493993554062,0.9216296709580648,1.0,0.9989624403403196,0.0,0.2919472913616398,0.8822150600644594,0.8075990299110751,1.0,1.0,0.7041593438781488,1.0,0.0,0.7225607686224985,2952-4487,1.0,0.6842672071516592,0.7041593438781488,0.738506588579795
4.451400689098864,0.8902801378197728,1.0,0.9999636588290874,0.0,0.2676559985696406,0.9377571096404936,0.8668362300409778,1.0,1.0,0.7503576537911302,1.0,0.0,10.935070085526611,506,"= Marshall Applewhite = Marshall Herff Applewhite , Jr . ( May 17 , 1931 – March 26 , 1997 ) , also known as "" Bo "" and "" Do "" , among other names , was an American cult leader who founded what became known as the Heaven",0.6773437742020116,0.7632456286537727,2.2998383882987268,True,True,35385.0,0.24964234620886983,train,0.033290942489755546,5593.0,0.2676559985696406,8.592515768707267,0.062242890359506364,0.8902801378197728,1.0,0.9999636588290874,0.0,0.2676559985696406,0.9377571096404936,0.8668362300409778,1.0,1.0,0.7503576537911302,1.0,0.0,0.7240474691207476,4487-1000000000,1.0,0.678937734202784,0.7503576537911302,0.689254425174325
4.658758622552199,0.9317517245104397,1.0,0.9995118379301928,0.0,0.2637061403508772,0.9209659714599341,0.7939521800281294,1.0,1.0,0.7356006582556226,0.9310710933409725,0.0,10.657013455161067,507,"= Arbeideren ( Hamar ) = Arbeideren ( "" The <unk> "" ) was a Norwegian newspaper , published in Hamar , Hedmark county . It was started in 1909 as the press organ of the Labour Party in Hedemarken and its adjoining region",0.6644053095209799,0.7539700713935554,1.9642333153377534,False,False,11376.0,0.2643993417443774,train,0.05151195499296765,1824.0,0.2637061403508772,7.44856874672778,0.07903402854006591,0.9317517245104397,1.0,0.9995118379301928,0.0,0.2637061403508772,0.9209659714599341,0.7939521800281294,1.0,1.0,0.7356006582556226,0.9310710933409725,0.0,0.7143841563398418,1327-1869,1.0,0.6558863865928833,0.7356006582556226,0.6847587719298246
4.430511031180715,0.886102206236143,1.0,1.0,0.0,0.28706012745912995,0.9265317438314389,0.8724947855264351,1.0,1.0,0.7572062084257206,1.0,0.0,9.855077491339486,508,"= Journey ( 2012 video game ) = Journey is an indie video game developed by Thatgamecompany and published by Sony Computer Entertainment for the PlayStation 3 . It was released on March 13 , 2012 , via the PlayStation Ne",0.6792405034700595,0.7723622385065296,2.3664654929501134,True,True,22054.0,0.24279379157427938,train,0.03187630361839122,3609.0,0.28706012745912995,8.243797262603243,0.07346825616856112,0.886102206236143,1.0,1.0,0.0,0.28706012745912995,0.9265317438314389,0.8724947855264351,1.0,1.0,0.7572062084257206,1.0,0.0,0.7265621333703108,2952-4487,1.0,0.6850460985499378,0.7572062084257206,0.7262399556663895
4.6648853701948,0.93297707403896,1.0,0.9993612519461855,0.0,0.22410988613771915,0.8949557042126198,0.7937599153886832,1.0,1.0,0.6963123644251626,1.0,0.0,10.202222461502313,509,"= Gold Beach = Gold , commonly known as Gold Beach , was the code name for one of the five areas of the Allied invasion of German @-@ occupied France in the Normandy landings on 6 June 1944 , during the Second World War ",0.6582205642747982,0.7582514596536296,1.9120746963880533,False,True,34038.0,0.30368763557483736,train,0.05156002115282919,5533.0,0.22410988613771915,8.53186233477024,0.10504429578738017,0.93297707403896,1.0,0.9993612519461855,0.0,0.22410988613771915,0.8949557042126198,0.7937599153886832,1.0,1.0,0.6963123644251626,1.0,0.0,0.7132841619206389,4487-1000000000,1.0,0.6626695524947492,0.6963123644251626,0.7232965841315742
4.510382007319148,0.9020764014638296,1.0,0.9957289846631722,0.0,0.32323232323232326,0.9319227230910764,0.8466076696165192,1.0,1.0,0.7536764705882353,0.8880132115971212,0.0,10.546801342288894,510,"= Tautiška giesmė = Tautiška giesmė ( The National Hymn ) is the national anthem of Lithuania , also known by its opening words "" Lietuva , <unk> mūsų "" ( official translation of the lyrics : "" Lithuania , Our Homeland """,0.6725550395622828,0.7638970961206173,2.2962765875642734,False,True,6780.0,0.24632352941176472,train,0.038348082595870206,1089.0,0.32323232323232326,7.10410569277697,0.06807727690892362,0.9020764014638296,1.0,0.9957289846631722,0.0,0.32323232323232326,0.9319227230910764,0.8466076696165192,1.0,1.0,0.7536764705882353,0.8880132115971212,0.0,0.71750383836008,0-1327,0.9965809448543957,0.6615633028874011,0.7536764705882353,0.7235996326905417
4.470422245273592,0.8940844490547184,1.0,1.0,0.0,0.3184689706428837,0.9278542208999628,0.861270220935356,1.0,1.0,0.7535315985130111,1.0,0.0,10.74034603275942,511,"= Crosby Garrett Helmet = The Crosby Garrett Helmet is a copper alloy Roman cavalry helmet dating from the late 2nd or early 3rd century AD . It was found by an unnamed metal <unk> near Crosby Garrett in Cumbria , Englan",0.6817621366938608,0.7714336351689794,2.574631300774886,True,True,15887.0,0.2464684014869889,train,0.03468244476616101,2691.0,0.3184689706428837,8.084402369177617,0.07214577910003717,0.8940844490547184,1.0,1.0,0.0,0.3184689706428837,0.9278542208999628,0.861270220935356,1.0,1.0,0.7535315985130111,1.0,0.0,0.7318026298635986,1869-2952,1.0,0.6955185575925202,0.7535315985130111,0.7023411371237458
4.492284142685593,0.8984568285371186,1.0,0.9999424923802404,0.0,0.26031258006661545,0.9095103819533453,0.8478860898138006,1.0,1.0,0.7052793439261917,1.0,0.0,12.745018444570196,512,"= Liu Kang = Liu Kang ( Chinese : <unk> ; pinyin : <unk> ) is a fictional character from the Mortal Kombat fighting game series from Midway Games , introduced as one of the original seven player characters in the 1992 fi",0.6666315073613364,0.7496186965614977,2.10689764607047,False,False,22825.0,0.29472065607380826,train,0.03802847754654984,3903.0,0.26031258006661545,8.09372196123331,0.09048961804665467,0.8984568285371186,1.0,0.9999424923802404,0.0,0.26031258006661545,0.9095103819533453,0.8478860898138006,1.0,1.0,0.7052793439261917,1.0,0.0,0.7180663489267864,2952-4487,1.0,0.6741113194800471,0.7052793439261917,0.6512938765052524
4.5077037722972815,0.9015407544594563,1.0,0.9997516761857462,0.0,0.3672055427251732,0.9513888888888888,0.7565281353438764,1.0,1.0,0.793063583815029,0.8942977225443203,0.0,11.541257175841496,513,"= Inocybe praetervisa = Inocybe praetervisa is a small , yellow and brown mushroom in the <unk> family , distinguished from other members of the genus by its unusual spores and bulb . The unusual spores led to the specie",0.6758071767084092,0.7650577415163345,2.627128644518188,True,True,5438.0,0.20693641618497105,train,0.060867966164030896,866.0,0.3672055427251732,7.154381780354562,0.04861111111111116,0.9015407544594563,1.0,0.9997516761857462,0.0,0.3672055427251732,0.9513888888888888,0.7565281353438764,1.0,1.0,0.793063583815029,0.8942977225443203,0.0,0.7258125698172595,0-1327,0.9885109649721983,0.6782821012260031,0.793063583815029,0.6882217090069284
4.46201787350981,0.892403574701962,1.0,0.9999706236597045,0.0,0.24863611565739224,0.9549795361527967,0.8589874047441377,1.0,1.0,0.7510571545491748,1.0,0.0,10.892233787217464,514,"= Hannah Primrose , Countess of Rosebery = Hannah Primrose , Countess of Rosebery ( 27 July 1851 – 19 November 1890 ) was a British <unk> , the daughter of Baron Mayer de Rothschild and the wife of Archibald , Earl of Ro",0.6766694253808172,0.7621630199449991,2.1513392128701208,True,True,44223.0,0.24894284545082523,train,0.03525314881396558,7332.0,0.24863611565739224,8.652561222580212,0.04502046384720326,0.892403574701962,1.0,0.9999706236597045,0.0,0.24863611565739224,0.9549795361527967,0.8589874047441377,1.0,1.0,0.7510571545491748,1.0,0.0,0.722161221612938,4487-1000000000,1.0,0.6732396397208171,0.7510571545491748,0.6917621385706492
4.56882739939708,0.9137654798794159,1.0,1.0,0.0,0.36776491540516476,0.9259589652096343,0.8534531162268388,1.0,1.0,0.7825311942959001,0.963184111492031,0.0,11.111904642796018,515,"= Hurricane Uleki = Hurricane Uleki , also referred as Typhoon Uleki , was a long @-@ lived tropical cyclone in August – September 1988 that had minimal effects on land . <unk> from a disturbance in the Intertropical Con",0.6886510529080968,0.7786976722294899,2.8338025862597243,True,True,7124.0,0.21746880570409988,train,0.036636720943290284,1123.0,0.36776491540516476,7.705472891936248,0.07404103479036572,0.9137654798794159,1.0,1.0,0.0,0.36776491540516476,0.9259589652096343,0.8534531162268388,1.0,1.0,0.7825311942959001,0.963184111492031,0.0,0.7388266754316313,0-1327,0.997663882587393,0.7021505944401146,0.7825311942959001,0.7105966162065895
4.500424312528259,0.9000848625056518,1.0,0.9972419499413915,0.0,0.24284825870646767,0.9349719975108899,0.8520768948719292,1.0,1.0,0.7452566096423017,1.0,0.0,11.079187991880643,516,= 2016 Spanish Grand Prix = The 2016 Spanish Grand Prix ( formally known as the Formula 1 Gran <unk> de <unk> Pirelli 2016 ) was a Formula One motor race held on 15 May 2016 at the Circuit de Barcelona @-@ <unk> in <unk>,0.673151527662133,0.7581534264838596,1.983042770372964,False,True,19091.0,0.25474339035769833,train,0.03698077628201771,3216.0,0.24284825870646767,8.165768949448722,0.06502800248911011,0.9000848625056518,1.0,0.9972419499413915,0.0,0.24284825870646767,0.9349719975108899,0.8520768948719292,1.0,1.0,0.7452566096423017,1.0,0.0,0.7201028017078644,2952-4487,1.0,0.6707634655305491,0.7452566096423017,0.6787935323383084
4.580537110315035,0.916107422063007,1.0,1.0,0.0,0.3097052003974826,0.9343718926085516,0.7878420414403965,1.0,1.0,0.769715043074884,1.0,0.0,10.409278240301543,517,"= Loverboy ( Mariah Carey song ) = "" Loverboy "" is a song by American singer and songwriter Mariah Carey . It was released on July 16 , 2001 by Virgin Records America as the lead single from Glitter ( 2001 ) . Written an",0.67843429719457,0.7737302546760965,2.5853231600433997,True,True,18967.0,0.23028495692511597,train,0.05303948963990088,3019.0,0.3097052003974826,8.34769050285671,0.06562810739144842,0.916107422063007,1.0,1.0,0.0,0.3097052003974826,0.9343718926085516,0.7878420414403965,1.0,1.0,0.769715043074884,1.0,0.0,0.7319629162675095,2952-4487,1.0,0.6934077582331255,0.769715043074884,0.7091752235839682
4.6270906056913015,0.9254181211382603,1.0,0.9955476402493322,0.0,0.2843963096670678,0.923323966278603,0.7088240973160842,1.0,1.0,0.7327447833065811,0.9531529005823391,0.0,11.947708994010526,518,"= Allah = Allah ( / <unk> , <unk> , <unk> / ; Arabic : الله , translit . Allāh , pronounced [ <unk> <unk> ] ) is the Arabic word referring to God in Abrahamic religions . The word is thought to be derived by contraction ",0.6585649368713239,0.7544539427371943,2.1685853397926307,False,False,15537.0,0.2672552166934189,train,0.07279397567097895,2493.0,0.2843963096670678,7.625223204658713,0.07667603372139697,0.9254181211382603,1.0,0.9955476402493322,0.0,0.2843963096670678,0.923323966278603,0.7088240973160842,1.0,1.0,0.7327447833065811,0.9531529005823391,0.0,0.7155977171352023,1869-2952,1.0,0.6671861611299529,0.7327447833065811,0.6770958684316085
4.5329283974011485,0.9065856794802297,1.0,0.999904177845918,0.0,0.32932891466445735,0.9262023217247097,0.7923574037651026,1.0,1.0,0.7617074181516784,1.0,0.0,9.462296476035467,519,"= Moment of Surrender = "" Moment of Surrender "" is a song by rock band U2 and the third track on their 2009 album No Line on the Horizon . During the initial recording sessions for the album in 2007 in Fez , Morocco , th",0.6780231518085534,0.7782710531554696,2.6433891245469123,True,True,14236.0,0.23829258184832158,train,0.05191064905872436,2414.0,0.32932891466445735,8.026592888875781,0.07379767827529027,0.9065856794802297,1.0,0.999904177845918,0.0,0.32932891466445735,0.9262023217247097,0.7923574037651026,1.0,1.0,0.7617074181516784,1.0,0.0,0.7327582179834061,1869-2952,1.0,0.6987113376578173,0.7617074181516784,0.731980115990058
4.548432113814011,0.9096864227628021,1.0,1.0,0.0,0.3574193548387097,0.9681446405510116,0.7769157578862622,1.0,1.0,0.8347676419965576,1.0,0.0,11.575686141115247,520,"= Gaboon viper = <unk> gabonica , most commonly known as the Gaboon viper , is a viper species found in the rainforests and <unk> of sub @-@ Saharan Africa . Like all vipers , it is venomous . It is not only the largest ",0.6936085827177867,0.7827392950009905,2.995871022409918,True,True,13663.0,0.16523235800344238,train,0.05577106052843446,2325.0,0.3574193548387097,8.381949611435692,0.03185535944898843,0.9096864227628021,1.0,1.0,0.0,0.3574193548387097,0.9681446405510116,0.7769157578862622,1.0,1.0,0.8347676419965576,1.0,0.0,0.7449831726714445,1869-2952,1.0,0.7118464250453997,0.8347676419965576,0.6855913978494623
4.507438345464941,0.9014876690929882,1.0,1.0,0.0,0.38440111420612816,0.9392080312325711,0.8060255134352664,1.0,1.0,0.8060200668896321,1.0,0.0,11.159526635858347,521,"= The Sixth Extinction = "" The Sixth Extinction "" is the first episode of the seventh season of the science fiction television series The X @-@ Files . It was first shown on the Fox network on November 7 , 1999 , in the ",0.6917294300942322,0.7826856711889011,3.0962738047187037,True,True,11053.0,0.19397993311036787,train,0.04849362164118339,1795.0,0.38440111420612816,8.054799245608802,0.06079196876742887,0.9014876690929882,1.0,1.0,0.0,0.38440111420612816,0.9392080312325711,0.8060255134352664,1.0,1.0,0.8060200668896321,1.0,0.0,0.7453144200770012,1327-1869,1.0,0.7187574885900326,0.8060200668896321,0.6919220055710307
4.671926277077355,0.934385255415471,1.0,0.9990869962175558,0.0,0.3144004589787722,0.9167145318782309,0.7379310344827585,1.0,1.0,0.7393800229621125,0.9545495943058163,0.0,10.008881323867286,522,"= Snow ( visual novel ) = Snow ( <unk> , <unk> ) is a Japanese adult visual novel developed by Studio <unk> for Windows <unk> on January 31 , 2003 . It was later ported without the erotic content to the <unk> , PlayStati",0.6660842738166245,0.7627569950018354,2.4008866445419956,False,False,10730.0,0.26061997703788753,train,0.06551724137931035,1743.0,0.3144004589787722,7.6363967544465305,0.08328546812176907,0.934385255415471,1.0,0.9990869962175558,0.0,0.3144004589787722,0.9167145318782309,0.7379310344827585,1.0,1.0,0.7393800229621125,0.9545495943058163,0.0,0.7233528796067487,1327-1869,1.0,0.6789139531245215,0.7393800229621125,0.6930579460699943
4.687592273426252,0.9375184546852504,1.0,1.0,0.0,0.3393103448275862,0.9142461964038727,0.7686029764762362,1.0,1.0,0.7776243093922652,0.8958164929400364,0.0,11.186432198328951,523,"= Miss Meyers = Miss Meyers ( 1949 – March 1963 ) was an American Quarter Horse racehorse and broodmare , the 1953 World Champion Quarter Running Horse . She won $ 28 @,@ 725 ( equivalent to about $ 254 @,@ 000 as of 201",0.6721676294851958,0.75507667358786,2.4316784249737817,False,False,4166.0,0.22237569060773477,train,0.05784925588094095,725.0,0.3393103448275862,7.166531943520291,0.08575380359612728,0.9375184546852504,1.0,1.0,0.0,0.3393103448275862,0.9142461964038727,0.7686029764762362,1.0,1.0,0.7776243093922652,0.8958164929400364,0.0,0.723780362484101,0-1327,0.9822533419587496,0.6706718906839562,0.7776243093922652,0.6565517241379311
4.4529299154625175,0.8905859830925035,1.0,1.0,0.0,0.32514332514332517,0.955327868852459,0.8290235975695917,1.0,1.0,0.8156493240475216,1.0,0.0,10.023050035572068,524,"= Far Away Places ( Mad Men ) = "" Far Away Places "" is the sixth episode of the fifth season of the American television drama series Mad Men and the <unk> episode of the series overall . It was written by series creator ",0.6898392750938425,0.7834960426603275,2.653212528943056,True,True,14154.0,0.18435067595247845,train,0.042744100607602094,2442.0,0.32514332514332517,8.160132236371464,0.04467213114754098,0.8905859830925035,1.0,1.0,0.0,0.32514332514332517,0.955327868852459,0.8290235975695917,1.0,1.0,0.8156493240475216,1.0,0.0,0.7373949792162631,1869-2952,1.0,0.6999833208939629,0.8156493240475216,0.7252252252252253
4.487315295552661,0.8974630591105323,1.0,0.9997016706443914,0.0,0.3566101694915254,0.9484046164290564,0.8403447102846128,1.0,1.0,0.7971506105834464,0.97014268017293,0.0,10.728846384306411,525,"= Awakening ( Star Trek : Enterprise ) = "" Awakening "" is the eighth episode of the fourth season of the American science fiction television series Star Trek : Enterprise , and originally aired on November 26 , 2004 on U",0.689288128843227,0.7823843368449644,2.7677019648594503,True,True,8819.0,0.20284938941655362,train,0.03991382242884681,1475.0,0.3566101694915254,7.76114144138344,0.05159538357094362,0.8974630591105323,1.0,0.9997016706443914,0.0,0.3566101694915254,0.9484046164290564,0.8403447102846128,1.0,1.0,0.7971506105834464,0.97014268017293,0.0,0.7377094554597695,1327-1869,1.0,0.7005429401459986,0.7971506105834464,0.7261016949152542
4.489689344100952,0.8979378688201904,1.0,1.0,0.0,0.303970223325062,0.9438237119801366,0.8135652873447634,1.0,1.0,0.7747440273037542,1.0,0.0,12.027395389005083,526,"= Mole cricket = Mole crickets are members of the insect family <unk> , in the order <unk> ( grasshoppers , locusts and crickets ) . Mole crickets are cylindrical @-@ bodied insects about 3 – 5 centimetres ( 1 @.@ 2 – 2 ",0.6802514619352075,0.7622114419364305,2.5106800064933044,True,True,19889.0,0.22525597269624575,train,0.04660867816380914,3224.0,0.303970223325062,8.259624837688177,0.05617628801986341,0.8979378688201904,1.0,1.0,0.0,0.303970223325062,0.9438237119801366,0.8135652873447634,1.0,1.0,0.7747440273037542,1.0,0.0,0.7306475092931002,2952-4487,1.0,0.6913163104778156,0.7747440273037542,0.6476426799007444
4.6712518515847785,0.9342503703169557,1.0,1.0,0.0,0.23582629674306393,0.8520531400966184,0.8363950065969755,1.0,1.0,0.6342788171394086,0.8968885791704223,0.0,11.087336889692287,527,= Maryland Route 194 = Maryland Route 194 ( MD 194 ) is a state highway in the U.S. state of Maryland . The state highway runs 23 @.@ 87 miles ( 38 @.@ 42 km ) from MD 26 in Ceresville north to the Pennsylvania state lin,0.6429181774868553,0.7356996933943407,1.692079297735272,False,False,9853.0,0.3657211828605914,train,0.04090124835075611,1658.0,0.23582629674306393,7.1751086333633785,0.14794685990338163,0.9342503703169557,1.0,1.0,0.0,0.23582629674306393,0.8520531400966184,0.8363950065969755,1.0,1.0,0.6342788171394086,0.8968885791704223,0.0,0.6957089991546076,1327-1869,1.0,0.6310332185556753,0.6342788171394086,0.6911942098914354
4.481741502549275,0.8963483005098549,1.0,0.9997677119628339,0.0,0.4297423887587822,0.9765258215962441,0.8561878952122854,1.0,1.0,0.8663540445486518,0.9380520630453607,0.0,11.54675838304864,528,"= Le souper de Beaucaire = Le souper de Beaucaire was a political pamphlet written by Napoleon Bonaparte in 1793 . With the French Revolution into its fourth year , civil war had spread across France between various riva",0.7076881339592537,0.7841202709257631,3.2249658748257364,True,True,5535.0,0.13364595545134816,train,0.03595302619692864,854.0,0.4297423887587822,7.504416504362886,0.023474178403755874,0.8963483005098549,1.0,0.9997677119628339,0.0,0.4297423887587822,0.9765258215962441,0.8561878952122854,1.0,1.0,0.8663540445486518,0.9380520630453607,0.0,0.7521092990279362,0-1327,0.9880195785283747,0.7180032624650038,0.8663540445486518,0.6697892271662763
4.527991845871663,0.9055983691743326,1.0,0.9998155151738769,0.0,0.1902654867256637,0.8948366701791359,0.8496371755512141,1.0,1.0,0.652091455062691,1.0,0.0,11.415070731439622,529,"= Jin – Song Wars = The Jin – Song Wars were a series of conflicts between the Jurchen Jin dynasty ( 1115 – 1234 ) and Han Chinese Song dynasty ( 960 – 1279 ) . In 1115 , the Jurchens rebelled against their overlords , t",0.6518293320238324,0.7437064059463265,1.5820712166585087,False,False,57328.0,0.34790854493730905,train,0.03759070611219648,9492.0,0.1902654867256637,8.315071975926116,0.10516332982086407,0.9055983691743326,1.0,0.9998155151738769,0.0,0.1902654867256637,0.8948366701791359,0.8496371755512141,1.0,1.0,0.652091455062691,1.0,0.0,0.7033590129445474,4487-1000000000,1.0,0.6492458781536897,0.652091455062691,0.6957437842393595
4.660659371168788,0.9321318742337577,1.0,1.0,0.0,0.3889541715628672,0.9269729093050648,0.8003666734569159,1.0,1.0,0.808235294117647,0.9287415697107382,0.0,10.112424192385882,530,= T30 Howitzer Motor Carriage = The T30 Howitzer Motor Carriage ( HMC ) was a United States Army self @-@ propelled gun used in World War II . Its design was based on requirements for an assault gun issued by the Armored,0.6879719149673609,0.7830173994780827,2.8899032627426964,True,True,4909.0,0.19176470588235295,train,0.04990833163577103,851.0,0.3889541715628672,7.429932557685905,0.07302709069493518,0.9321318742337577,1.0,1.0,0.0,0.3889541715628672,0.9269729093050648,0.8003666734569159,1.0,1.0,0.808235294117647,0.9287415697107382,0.0,0.7396573638523282,0-1327,0.9878956543001853,0.6992526172445654,0.808235294117647,0.7332549941245593
4.649227598850643,0.9298455197701285,1.0,1.0,0.0,0.2836960672012218,0.9189912113106611,0.8030974873080137,1.0,1.0,0.7517188693659282,1.0,0.0,9.212061805085659,531,"= Memory Almost Full = Memory Almost Full is the fourteenth solo studio album by Paul McCartney , <unk> his Wings @-@ era discography , his orchestral works and his output as the <unk> . It was released in the United Kin",0.6747821240577276,0.7776176445447837,2.313366851463296,False,True,15561.0,0.24828113063407176,train,0.0492256281729966,2619.0,0.2836960672012218,8.154384635238726,0.08100878868933892,0.9298455197701285,1.0,1.0,0.0,0.2836960672012218,0.9189912113106611,0.8030974873080137,1.0,1.0,0.7517188693659282,1.0,0.0,0.7281876347517274,1869-2952,1.0,0.6850178341761691,0.7517188693659282,0.7541046200840015
4.5940258518841075,0.9188051703768215,1.0,0.999874205924901,0.0,0.29507743362831856,0.9136690647482014,0.7991153704386288,1.0,1.0,0.7607192254495159,1.0,0.0,9.727282327282046,532,"= Imagine ( John Lennon song ) = "" Imagine "" is a song written and performed by the English musician John Lennon . The best @-@ selling single of his solo career , its lyrics encourage the listener to imagine a world at ",0.6750524465738542,0.7745750325450697,2.489543296197143,False,True,21704.0,0.23928077455048413,train,0.050221157390342795,3616.0,0.29507743362831856,8.436915238096411,0.08633093525179858,0.9188051703768215,1.0,0.999874205924901,0.0,0.29507743362831856,0.9136690647482014,0.7991153704386288,1.0,1.0,0.7607192254495159,1.0,0.0,0.728619660999264,2952-4487,1.0,0.6880791889067116,0.7607192254495159,0.7298119469026548
4.57504346417599,0.915008692835198,1.0,1.0,0.0,0.43655589123867067,0.95,0.8126582278481013,1.0,1.0,0.8472012102874432,0.9127842617002647,0.0,8.98139802279828,533,"= Big Boy ( song ) = "" Big Boy "" <unk> "" I 'm A Big Boy Now "" was the first single ever recorded by the Jackson 5 , which was released by Steeltown Records in January 1968 . The group played instruments on many of their ",0.6985522239444752,0.7928454268418239,3.1878507750015284,True,True,3950.0,0.15279878971255678,train,0.04683544303797468,662.0,0.43655589123867067,7.302274093602118,0.050000000000000044,0.915008692835198,1.0,1.0,0.0,0.43655589123867067,0.95,0.8126582278481013,1.0,1.0,0.8472012102874432,0.9127842617002647,0.0,0.747357225185393,0-1327,0.9790529407790494,0.7110136508274304,0.8472012102874432,0.7522658610271903
4.5052085502707255,0.9010417100541451,1.0,1.0,0.0,0.28486730660643705,0.9550847457627119,0.8059813579537924,1.0,1.0,0.7709686529229032,1.0,0.0,12.052014943668212,534,"= Chagas disease = Chagas disease , also known as American <unk> , is a tropical parasitic disease caused by the <unk> Trypanosoma cruzi . It is spread mostly by insects known as Triatominae or kissing bugs . The symptom",0.6784933029772307,0.7595320821305899,2.3458065634608136,True,True,22637.0,0.22903134707709683,train,0.04850466051155188,3542.0,0.28486730660643705,8.234734239621607,0.04491525423728815,0.9010417100541451,1.0,1.0,0.0,0.28486730660643705,0.9550847457627119,0.8059813579537924,1.0,1.0,0.7709686529229032,1.0,0.0,0.7281922800529596,2952-4487,1.0,0.6853129666780889,0.7709686529229032,0.6448334274421231
4.54084490324746,0.9081689806494919,1.0,0.9993130295397298,0.0,0.3598130841121495,0.9230769230769231,0.7830036505645641,1.0,1.0,0.7932467532467532,1.0,0.0,11.783351721102038,535,"= Diamond stingray = The diamond stingray ( Dasyatis dipterura ) is a species of stingray in the family <unk> . It is found in the coastal waters of the eastern Pacific Ocean from southern California to northern Chile , ",0.6841635243165018,0.7734739022647701,2.911170503921968,True,True,11779.0,0.2067532467532468,train,0.054249087358858986,1926.0,0.3598130841121495,8.090785556354561,0.07692307692307687,0.9081689806494919,1.0,0.9993130295397298,0.0,0.3598130841121495,0.9230769230769231,0.7830036505645641,1.0,1.0,0.7932467532467532,1.0,0.0,0.7394433594228152,1869-2952,1.0,0.709674950739445,0.7932467532467532,0.6671858774662512
4.551048065834569,0.9102096131669137,1.0,1.0,0.0,0.2811430871402697,0.962754177571975,0.8208041673449454,1.0,1.0,0.7803945249597424,1.0,0.0,11.10114193721683,536,"= George Calvert , 1st Baron Baltimore = George Calvert , 1st Baron Baltimore ( <unk> – 15 April 1632 ) was an English politician and <unk> . He achieved domestic political success as a Member of Parliament and later Sec",0.6825942783338539,0.7708280931372654,2.382033972328219,True,True,30715.0,0.21960547504025762,train,0.044798958163763634,4969.0,0.2811430871402697,8.47267488081526,0.03724582242802499,0.9102096131669137,1.0,1.0,0.0,0.2811430871402697,0.962754177571975,0.8208041673449454,1.0,1.0,0.7803945249597424,1.0,0.0,0.7306904289193309,4487-1000000000,1.0,0.6856309862447328,0.7803945249597424,0.6973234051116924
4.529571030615663,0.9059142061231326,1.0,0.9999725342635063,0.0,0.2640960809102402,0.9489124936772888,0.8509383823285168,1.0,1.0,0.770767480085978,1.0,0.0,10.576645011518902,537,"= <unk> and development of the Everglades = The history of draining and development of the Everglades dates back to the 19th century . During the Second Seminole War beginning in 1836 , the United States military 's miss",0.68079996542198,0.7661603475845445,2.363233025531931,True,True,48168.0,0.22923251991402205,train,0.03726540441787079,7910.0,0.2640960809102402,8.948383548088833,0.051087506322711196,0.9059142061231326,1.0,0.9999725342635063,0.0,0.2640960809102402,0.9489124936772888,0.8509383823285168,1.0,1.0,0.770767480085978,1.0,0.0,0.7271966996040508,4487-1000000000,1.0,0.6796223700295855,0.770767480085978,0.6884955752212389
4.647188882254274,0.9294377764508548,1.0,1.0,0.0,0.25023625023625024,0.9489506522972206,0.8339567998069265,1.0,1.0,0.7638941398865785,1.0,0.0,11.268760298723837,538,"= DuMont Television Network = The DuMont Television Network ( also known as the DuMont Network , simply DuMont / Du Mont , or ( incorrectly ) <unk> / <unk> / ) was one of the world 's pioneer commercial television networ",0.6791473327187555,0.7632133768185901,2.1536409442143762,True,True,33148.0,0.2361058601134215,train,0.04151080004826837,5291.0,0.25023625023625024,8.606430691720744,0.05104934770277936,0.9294377764508548,1.0,1.0,0.0,0.25023625023625024,0.9489506522972206,0.8339567998069265,1.0,1.0,0.7638941398865785,1.0,0.0,0.7270319893295776,4487-1000000000,1.0,0.6760750572238513,0.7638941398865785,0.6783216783216783
4.480063124494735,0.896012624898947,1.0,1.0,0.0,0.26811180832857956,0.9581510367129542,0.8646668121862234,1.0,1.0,0.7837580829212628,1.0,0.0,10.938119707767365,539,"= Bodyline = Bodyline , also known as fast leg theory bowling , was a cricketing tactic devised by the English cricket team for their 1932 – 33 Ashes tour of Australia , specifically to combat the extraordinary batting s",0.6842681418290149,0.7683436702429879,2.305135695980384,True,True,32069.0,0.2162419170787372,train,0.033833296953444135,5259.0,0.26811180832857956,8.597665691603433,0.04184896328704579,0.896012624898947,1.0,1.0,0.0,0.26811180832857956,0.9581510367129542,0.8646668121862234,1.0,1.0,0.7837580829212628,1.0,0.0,0.7286019539530832,4487-1000000000,1.0,0.6813289290586865,0.7837580829212628,0.6902452937820879
4.539246098096031,0.9078492196192063,1.0,0.9998057498057498,0.0,0.29496614659994114,0.9366715758468336,0.8340789729624587,1.0,1.0,0.7479387514723204,1.0,0.0,10.35102018109886,540,"= Waterfall Gully , South Australia = Waterfall Gully is an eastern suburb of the South Australian capital city of Adelaide . It is located in the foothills of the Mount Lofty Ranges around 5 km ( 3 @.@ 1 mi ) east @-@ s",0.6781377874292327,0.7744072653577143,2.3877080012307115,True,True,20564.0,0.25206124852767964,train,0.04148025675938533,3397.0,0.29496614659994114,8.094854371437851,0.06332842415316642,0.9078492196192063,1.0,0.9998057498057498,0.0,0.29496614659994114,0.9366715758468336,0.8340789729624587,1.0,1.0,0.7479387514723204,1.0,0.0,0.7289845453791988,2952-4487,1.0,0.6882338093395847,0.7479387514723204,0.7335884604062408
4.44911316101283,0.8898226322025661,1.0,1.0,0.0,0.3012531328320802,0.9473156046161565,0.8186141304347826,1.0,1.0,0.775827482447342,0.9505843780004865,0.0,11.016827011992223,541,"= Mariana ( poem ) = "" Mariana "" is a poem by Alfred , Lord Tennyson , published in 1830 . The poem follows a common theme in much of Tennyson 's work — that of <unk> isolation . The subject of Mariana is a woman who con",0.6761274213946448,0.76459811388035,2.290932175151047,True,True,11776.0,0.224172517552658,train,0.045346467391304345,1995.0,0.3012531328320802,7.604675024003892,0.05268439538384351,0.8898226322025661,1.0,1.0,0.0,0.3012531328320802,0.9473156046161565,0.8186141304347826,1.0,1.0,0.775827482447342,0.9505843780004865,0.0,0.7228700494080289,1869-2952,1.0,0.6743944024121562,0.775827482447342,0.6917293233082706
4.515971573761085,0.903194314752217,1.0,0.9997253124570801,0.0,0.2973054798667878,0.9136625265071191,0.8308728974846973,1.0,1.0,0.7489400363416111,1.0,0.0,9.678497349940054,542,"= Mothers of the Disappeared = "" Mothers of the Disappeared "" is a song by rock band U2 . It is the eleventh and final track on their 1987 album The Joshua Tree . The song was inspired by lead singer Bono 's experiences ",0.6753535698545787,0.7778105671357398,2.437679626694996,False,True,19441.0,0.2510599636583889,train,0.04228177562882568,3303.0,0.2973054798667878,8.199242165960866,0.0863374734928809,0.903194314752217,1.0,0.9997253124570801,0.0,0.2973054798667878,0.9136625265071191,0.8308728974846973,1.0,1.0,0.7489400363416111,1.0,0.0,0.7272630249843627,2952-4487,1.0,0.6879578824588783,0.7489400363416111,0.7562821677263094
4.541491580630084,0.9082983161260169,1.0,1.0,0.0,0.35446527012127893,0.9464679911699779,0.8233471988671563,1.0,1.0,0.7959183673469388,0.9928625476313131,0.0,11.493083981955476,543,= Katherine Pulaski = Commander Katherine Pulaski is a fictional medical doctor in the American science fiction television series Star Trek : The Next Generation . She is the chief medical officer aboard the Federation s,0.6899553767286225,0.7749094115872683,2.8154823291154765,True,True,11299.0,0.20408163265306123,train,0.044163200283210906,1814.0,0.35446527012127893,7.942900381050505,0.05353200883002207,0.9082983161260169,1.0,1.0,0.0,0.35446527012127893,0.9464679911699779,0.8233471988671563,1.0,1.0,0.7959183673469388,0.9928625476313131,0.0,0.7410617600081059,1327-1869,1.0,0.7073628344422009,0.7959183673469388,0.6719955898566703
4.417638530829832,0.8835277061659663,1.0,1.0,0.0,0.23012615899072808,0.9104454918655922,0.8156983267476462,1.0,1.0,0.7207357859531772,1.0,0.0,12.175688984563156,544,"= Noisy miner = The noisy miner ( Manorina melanocephala ) is a bird in the honeyeater family , <unk> , and is endemic to eastern and south @-@ eastern Australia . This miner is a grey bird , with a black head , orange @",0.6608932862764351,0.7437840981714073,1.97573431248901,False,False,40998.0,0.2792642140468228,train,0.046075418313088444,6579.0,0.23012615899072808,8.585439921971728,0.0895545081344078,0.8835277061659663,1.0,1.0,0.0,0.23012615899072808,0.9104454918655922,0.8156983267476462,1.0,1.0,0.7207357859531772,1.0,0.0,0.7112559513749106,4487-1000000000,1.0,0.6631595154351373,0.7207357859531772,0.6364189086487309
4.605121706367817,0.9210243412735635,1.0,1.0,0.0,0.38269030239833157,0.9498432601880877,0.7535745807590468,1.0,1.0,0.8162839248434238,0.9456080648924132,0.0,10.754380971283483,545,= Principe Amedeo @-@ class ironclad = The Principe Amedeo class was a pair of ironclad warships built for the Italian Regia Marina ( Royal Navy ) in the 1870s and 1880s . They were the culmination of a major naval const,0.6862028611050419,0.7805322322667398,2.89500029043183,True,True,5665.0,0.18371607515657618,train,0.0616063548102383,959.0,0.38269030239833157,7.564864519139306,0.050156739811912265,0.9210243412735635,1.0,1.0,0.0,0.38269030239833157,0.9498432601880877,0.7535745807590468,1.0,1.0,0.8162839248434238,0.9456080648924132,0.0,0.7394690170130621,0-1327,0.9921033921161755,0.7018091003292173,0.8162839248434238,0.7101147028154328
4.454736790594391,0.8909473581188783,1.0,0.9997212446426704,0.0,0.2068177824635389,0.9168570926349094,0.8056606304493629,1.0,1.0,0.6843585237258348,1.0,0.0,13.470237517108265,546,"= Cell nucleus = In cell biology , the nucleus ( <unk> nuclei ; from Latin nucleus or <unk> , meaning <unk> ) is a membrane @-@ enclosed organelle found in eukaryotic cells . <unk> usually have a single nucleus , but a f",0.6540565118122595,0.7347068041532904,1.6759430256217318,False,False,37275.0,0.31564147627416517,train,0.04858484238765929,5691.0,0.2068177824635389,8.103476430597516,0.08314290736509056,0.8909473581188783,1.0,0.9997212446426704,0.0,0.2068177824635389,0.9168570926349094,0.8056606304493629,1.0,1.0,0.6843585237258348,1.0,0.0,0.7058124979844573,4487-1000000000,1.0,0.6546106946081134,0.6843585237258348,0.621507643647865
4.631603503495413,0.9263207006990826,1.0,1.0,0.0,0.30572109654350416,0.8263723150357996,0.7835944341733969,1.0,1.0,0.6779964221824687,0.9730084343594742,0.0,10.575858435187868,547,"= Until the Whole World Hears = Until the Whole World Hears is the fourth studio album by American Christian rock band Casting Crowns . Released on November 27 , 2009 , the album was produced by Mark . A Miller and featu",0.653245983956793,0.7560995350179417,2.379753643987653,False,False,10277.0,0.3220035778175313,train,0.05410139145665077,1678.0,0.30572109654350416,7.784067474875793,0.17362768496420045,0.9263207006990826,1.0,1.0,0.0,0.30572109654350416,0.8263723150357996,0.7835944341733969,1.0,1.0,0.6779964221824687,0.9730084343594742,0.0,0.715357197217776,1327-1869,1.0,0.6773609813346325,0.6779964221824687,0.7032181168057211
4.524432406072998,0.9048864812145997,1.0,0.9996434513905396,0.0,0.343482905982906,0.9598930481283422,0.8036529680365296,1.0,1.0,0.8150721539283805,0.9891125636967076,0.0,12.021697510774455,548,= Ceres ( dwarf planet ) = Ceres ( / <unk> / ; minor @-@ planet designation : 1 Ceres ) is the largest object in the asteroid belt that lies between the orbits of Mars and Jupiter . Its diameter is approximately <unk> ki,0.6900560888163282,0.7746327365106989,2.7179460617819786,True,True,11388.0,0.1849278460716195,train,0.04908675799086758,1872.0,0.343482905982906,7.912900509573661,0.0401069518716578,0.9048864812145997,1.0,0.9996434513905396,0.0,0.343482905982906,0.9598930481283422,0.8036529680365296,1.0,1.0,0.8150721539283805,0.9891125636967076,0.0,0.7397911453452664,1869-2952,1.0,0.7030444400925365,0.8150721539283805,0.6682692307692307
4.5710348478254845,0.914206969565097,1.0,1.0,0.0,0.2972357723577236,0.9599739668076798,0.7983905124947056,1.0,1.0,0.8009108653220559,1.0,0.0,11.944826261246474,549,= 10 @.@ 6 ° compared to 7 ° for Mercury and 17 ° for Pluto ) and moderately eccentric ( e = 0 @.@ 08 compared to 0 @.@ 09 for Mars ) . The diagram illustrates the orbits of Ceres ( blue ) and several planets ( white and,0.6847950353208039,0.7671105694109099,2.480763130850216,True,True,18888.0,0.1990891346779441,train,0.05040237187632359,3075.0,0.2972357723577236,8.346112283768505,0.04002603319232023,0.914206969565097,1.0,1.0,0.0,0.2972357723577236,0.9599739668076798,0.7983905124947056,1.0,1.0,0.8009108653220559,1.0,0.0,0.7341668678077468,2952-4487,1.0,0.6913923769933042,0.8009108653220559,0.6549593495934959
4.541337913150384,0.9082675826300768,1.0,0.9998238040701259,0.0,0.28466589416763227,0.9331530139103554,0.7847924319755535,1.0,1.0,0.738265404674522,1.0,0.0,10.438047444997148,550,"= Skye = Skye , or the Isle of Skye ( / <unk> / ; Scottish Gaelic : An t @-@ Eilean Sgitheanach or Eilean a ' Cheò ) , is the largest and most northerly major island in the Inner Hebrides of Scotland . The island 's peni",0.6704592460826106,0.7674963980706464,2.3792815822104165,False,True,30761.0,0.26173459532547805,train,0.053801892006111636,5178.0,0.28466589416763227,8.358154703314476,0.06684698608964457,0.9082675826300768,1.0,0.9998238040701259,0.0,0.28466589416763227,0.9331530139103554,0.7847924319755535,1.0,1.0,0.738265404674522,1.0,0.0,0.7243980766261631,4487-1000000000,1.0,0.6833655118549896,0.738265404674522,0.7139822325222094
4.626457252472032,0.9252914504944064,1.0,1.0,0.0,0.24899808328977174,0.8976817151821509,0.8196824729260856,1.0,1.0,0.7094806552805856,1.0,0.0,10.869884143297563,551,"= Florida Atlantic University = Florida Atlantic University ( also referred to as FAU or Florida Atlantic ) is a public university located in Boca Raton , Florida , with five satellite campuses located in the Florida cit",0.6646916911997117,0.7532477373935532,2.1461362226624847,False,True,38044.0,0.29051934471941443,train,0.0450793817684786,5739.0,0.24899808328977174,8.619087321105669,0.1023182848178491,0.9252914504944064,1.0,1.0,0.0,0.24899808328977174,0.8976817151821509,0.8196824729260856,1.0,1.0,0.7094806552805856,1.0,0.0,0.7184114442355312,4487-1000000000,1.0,0.6714552429402085,0.7094806552805856,0.6708485798919672
4.459849234963402,0.8919698469926803,1.0,1.0,0.0,0.37492002559181065,0.9160794362588085,0.8267412695350184,1.0,1.0,0.7970550576184379,0.9935038727458001,0.0,12.974482437922326,552,"= The Clean Tech Revolution = The Clean Tech Revolution : The Next Big Growth and Investment <unk> is a 2007 book by Ron Pernick and Clint Wilder , who say that <unk> clean technologies is a profitable enterprise that is",0.687825025661115,0.7627467022781044,2.9798759791633467,True,False,10366.0,0.20294494238156213,train,0.043314682616245416,1563.0,0.37492002559181065,7.948030981966401,0.0839205637411915,0.8919698469926803,1.0,1.0,0.0,0.37492002559181065,0.9160794362588085,0.8267412695350184,1.0,1.0,0.7970550576184379,0.9935038727458001,0.0,0.7404777597993245,1327-1869,1.0,0.7123448544840649,0.7970550576184379,0.6014075495841331
4.54951291770434,0.9099025835408681,1.0,0.9999806280389764,0.0,0.19558530848561606,0.8869887803112558,0.8414589523293766,1.0,1.0,0.6686872342350493,1.0,0.0,10.319333372534132,553,"= Missouri River = The Missouri River is the longest river in North America . Rising in the Rocky Mountains of western Montana , the Missouri flows east and south for 2 @,@ 341 miles ( 3 @,@ 767 km ) before entering the ",0.6533893335510167,0.7468301781803287,1.7019738019534476,False,True,68323.0,0.3313127657649507,train,0.03963526191765584,11054.0,0.19558530848561606,8.701951159478913,0.11301121968874417,0.9099025835408681,1.0,0.9999806280389764,0.0,0.19558530848561606,0.8869887803112558,0.8414589523293766,1.0,1.0,0.6686872342350493,1.0,0.0,0.7052405620325112,4487-1000000000,1.0,0.6515166081376595,0.6686872342350493,0.6995657680477655
4.531052052284825,0.906210410456965,1.0,1.0,0.0,0.3663003663003663,0.9148936170212766,0.8129175946547884,1.0,1.0,0.7741935483870968,0.9670903338016176,0.0,10.427590457828632,554,"= Monty Can 't Buy Me Love = "" Monty Can 't Buy Me Love "" is the twenty @-@ first episode of The Simpsons ' tenth season . It first aired on the Fox network in the United States on May 2 , 1999 . In the episode , Mr. Bur",0.6816781498344812,0.7756439835174136,2.833964348136608,True,True,8082.0,0.22580645161290325,train,0.0467706013363029,1365.0,0.3663003663003663,7.736722670412941,0.08510638297872342,0.906210410456965,1.0,1.0,0.0,0.3663003663003663,0.9148936170212766,0.8129175946547884,1.0,1.0,0.7741935483870968,0.9670903338016176,0.0,0.7350666985423134,1327-1869,1.0,0.7008810242966527,0.7741935483870968,0.7047619047619048
4.53473906859996,0.9069478137199919,1.0,1.0,0.0,0.16470876162506118,0.8953488372093024,0.862739043619671,1.0,1.0,0.6414147595153592,1.0,0.0,8.998727621991836,555,"= Landing at Anzac Cove = The landing at Anzac Cove on Sunday , 25 April 1915 , also known as the landing at Gaba Tepe , and to the Turks as the <unk> Battle , was part of the amphibious invasion of the Gallipoli Peninsu",0.649345269749387,0.7530438685008971,1.3894352676834265,False,True,48579.0,0.3585852404846408,train,0.03431523909508224,8172.0,0.16470876162506118,8.43570951523697,0.10465116279069764,0.9069478137199919,1.0,1.0,0.0,0.16470876162506118,0.8953488372093024,0.862739043619671,1.0,1.0,0.6414147595153592,1.0,0.0,0.6993999371194247,4487-1000000000,1.0,0.6408771589659777,0.6414147595153592,0.7681106216348507
4.571640004136851,0.9143280008273702,1.0,1.0,0.05049999999999999,0.37659574468085105,0.9316239316239316,0.855122456019317,1.0,1.0,0.8038379530916845,0.8388701605203911,0.0,9.992587506018824,556,= Michelle Rzepecki = Michelle Rzepecki ( born 6 November 1986 ) is an Australian goalball player classified as a <unk> competitor . She made her debut for the Australia women 's national goalball team at the 2011 Africa,0.6871587347537726,0.7733254495026933,2.527319462333774,True,True,2899.0,0.1961620469083155,train,0.03621938599517075,470.0,0.37659574468085105,6.710961284163129,0.06837606837606836,0.9143280008273702,1.0,1.0,0.05049999999999999,0.37659574468085105,0.9316239316239316,0.855122456019317,1.0,1.0,0.8038379530916845,0.8388701605203911,0.0,0.7274693620949467,0-1327,0.9669981796571137,0.6676011573477839,0.8038379530916845,0.7553191489361702
4.484264432367423,0.8968528864734846,1.0,1.0,0.0,0.290158371040724,0.9207696661007357,0.791093707312631,1.0,1.0,0.749080622347949,1.0,0.0,11.045403469620725,557,"= The Good Terrorist = The Good Terrorist is a 1985 political novel by Doris Lessing . It was first published in September 1985 in the United Kingdom by Jonathan Cape , and in the United States by Alfred A. <unk> . The s",0.670681575508154,0.7655051226185865,2.365326714045605,False,True,21962.0,0.25091937765205097,train,0.052226573171842275,3536.0,0.290158371040724,8.151847232812143,0.07923033389926426,0.8968528864734846,1.0,1.0,0.0,0.290158371040724,0.9207696661007357,0.791093707312631,1.0,1.0,0.749080622347949,1.0,0.0,0.7240605013906721,2952-4487,1.0,0.6845698434555171,0.749080622347949,0.6979638009049773
4.49507670062752,0.8990153401255039,1.0,1.0,0.0,0.3443092340730136,0.9390681003584229,0.8217821782178218,1.0,1.0,0.7693409742120344,0.9302623294872374,0.0,10.139084264999383,558,"= Henry of Grosmont , 1st Duke of Lancaster = Henry of Grosmont , 1st Duke of Lancaster , 4th Earl of Leicester and Lancaster , KG ( c . <unk> – 23 March <unk> ) , also Earl of Derby , was a member of the English nobilit",0.6784212227387955,0.7721931388859726,2.562383281221825,True,True,8282.0,0.2306590257879656,train,0.04455445544554455,1397.0,0.3443092340730136,7.442098635897899,0.06093189964157708,0.8990153401255039,1.0,1.0,0.0,0.3443092340730136,0.9390681003584229,0.8217821782178218,1.0,1.0,0.7693409742120344,0.9302623294872374,0.0,0.7271150879369616,1327-1869,1.0,0.6822004348585435,0.7693409742120344,0.7208303507516106
4.56626640035792,0.913253280071584,1.0,0.9999276253890136,0.0,0.3058709049626987,0.928919182083739,0.7789126502819449,1.0,1.0,0.7764438676184295,1.0,0.0,11.433278343184913,559,"= I Am Unicorn = "" I Am Unicorn "" is the second episode of the third season of the American musical television series Glee , and the forty @-@ sixth overall . The episode was written by series co @-@ creator Ryan Murphy ",0.6771716717424728,0.7704986019181623,2.5775976876127076,True,True,18798.0,0.22355613238157046,train,0.055271837429513776,3083.0,0.3058709049626987,8.427077063531259,0.07108081791626097,0.913253280071584,1.0,0.9999276253890136,0.0,0.3058709049626987,0.928919182083739,0.7789126502819449,1.0,1.0,0.7764438676184295,1.0,0.0,0.7307850650402039,2952-4487,1.0,0.6918602587607766,0.7764438676184295,0.6921829386960753
4.53845013399366,0.907690026798732,1.0,1.0,0.0,0.3611713665943601,0.9381107491856677,0.8119521912350598,1.0,1.0,0.8274552360282149,1.0,0.0,10.929331608818563,560,"= Galentine 's Day = "" Galentine 's Day "" is the 16th episode of the second season of the American comedy television series Parks and Recreation , and the 22nd overall episode of the series . It originally aired on NBC i",0.6933281776173977,0.7818921404496426,2.946884057955504,True,True,11295.0,0.1725447639717851,train,0.04701195219123506,1844.0,0.3611713665943601,8.159240544849773,0.061889250814332275,0.907690026798732,1.0,1.0,0.0,0.3611713665943601,0.9381107491856677,0.8119521912350598,1.0,1.0,0.8274552360282149,1.0,0.0,0.7444252850615992,1327-1869,1.0,0.7125054841793896,0.8274552360282149,0.6849240780911063
4.557178102152378,0.9114356204304755,1.0,0.9996461429582448,0.0,0.42748091603053434,0.877488514548239,0.7668806161745828,1.0,1.0,0.7920489296636085,0.9264826847587081,0.0,10.666018719461913,561,"= Bossy ( Lindsay Lohan song ) = "" Bossy "" is a song by American actress and singer @-@ songwriter Lindsay Lohan . The song was written and produced by Shaffer Smith , known by his stage name Ne @-@ Yo , while additional",0.6789681350637,0.7790172363296866,3.1684293341366505,True,True,3895.0,0.20795107033639149,train,0.0582798459563543,655.0,0.42748091603053434,7.411861478069665,0.12251148545176105,0.9114356204304755,1.0,0.9996461429582448,0.0,0.42748091603053434,0.877488514548239,0.7668806161745828,1.0,1.0,0.7920489296636085,0.9264826847587081,0.0,0.7367723601432355,0-1327,0.9786787221841123,0.7068770802689284,0.7920489296636085,0.7282442748091603
4.420514892293279,0.8841029784586558,1.0,1.0,0.0,0.2801913112793942,0.8974870362983646,0.8752180330068429,1.0,1.0,0.7129186602870813,0.970539624447798,0.0,11.224406532308286,562,"= Biddenden Maids = Mary and Eliza Chulkhurst ( or <unk> ) , commonly known as the Biddenden Maids , were a pair of conjoined twins supposedly born in Biddenden , Kent , England , in the year 1100 . They are said to have",0.6673699303035409,0.7534088730245877,2.175494160181114,False,False,14906.0,0.2870813397129187,train,0.03119549174828928,2509.0,0.2801913112793942,7.764316995582384,0.10251296370163543,0.8841029784586558,1.0,1.0,0.0,0.2801913112793942,0.8974870362983646,0.8752180330068429,1.0,1.0,0.7129186602870813,0.970539624447798,0.0,0.716175150523409,1869-2952,1.0,0.6707703091935026,0.7129186602870813,0.6759665205261061
4.509648530306418,0.9019297060612835,1.0,0.9928876244665719,0.0,0.35732647814910024,0.9561855670103093,0.8489255480790102,1.0,1.0,0.8211068211068211,0.8789628389738009,0.0,11.488122146868117,563,"= Ælfric of Abingdon = Ælfric of Abingdon ( Old English : <unk> ; died 16 November 1005 ) , also known as Ælfric of Wessex , was a late 10th @-@ century Archbishop of Canterbury . He previously held the offices of abbot ",0.6867344668412461,0.7671424895341301,2.5126135653955437,True,True,4607.0,0.1788931788931789,train,0.03776861298024745,778.0,0.35732647814910024,7.031702711790407,0.04381443298969068,0.9019297060612835,1.0,0.9928876244665719,0.0,0.35732647814910024,0.9561855670103093,0.8489255480790102,1.0,1.0,0.8211068211068211,0.8789628389738009,0.0,0.7279375805151507,0-1327,0.9847375447202397,0.6730411195383006,0.8211068211068211,0.6902313624678663
4.543061616752689,0.9086123233505378,1.0,0.9993104637131529,0.0,0.3821656050955414,0.9665071770334929,0.8269455632064441,1.0,1.0,0.8207171314741036,0.9659611381248094,0.0,10.386771092681732,564,"= White Dog ( Gary novel ) = White Dog , released in France as Chien Blanc , is a fictional autobiographical novel written by Romain Gary . Originally published as a short story in Life in 1970 ( 9 October ) , the full n",0.6962703239491229,0.7839462074807522,2.9532569828019652,True,True,7697.0,0.17928286852589637,train,0.04326360919838898,1256.0,0.3821656050955414,7.7276891049984755,0.03349282296650713,0.9086123233505378,1.0,0.9993104637131529,0.0,0.3821656050955414,0.9665071770334929,0.8269455632064441,1.0,1.0,0.8207171314741036,0.9659611381248094,0.0,0.7448770434052713,0-1327,1.0,0.7094702075077233,0.8207171314741036,0.7006369426751592
4.475148731904589,0.8950297463809178,1.0,1.0,0.0,0.22806580259222334,0.9334330590875094,0.8344865329736915,1.0,1.0,0.7301508164028419,1.0,0.0,12.165568674964797,565,= Condom = A condom is a sheath @-@ shaped barrier device that may be used during sexual intercourse to reduce the probability of pregnancy and decrease the risk of sexually transmitted infections ( STIs ) such as HIV / ,0.6673684900365343,0.7484404328382808,1.9953575719259287,False,True,51162.0,0.26984918359715815,train,0.04137836675657715,8024.0,0.22806580259222334,8.74904325526429,0.0665669409124906,0.8950297463809178,1.0,1.0,0.0,0.22806580259222334,0.9334330590875094,0.8344865329736915,1.0,1.0,0.7301508164028419,1.0,0.0,0.7154143744859941,4487-1000000000,1.0,0.6647236378910529,0.7301508164028419,0.6471834496510469
4.633652966882768,0.9267305933765536,1.0,0.9985192497532083,0.0,0.24323720098367985,0.9290986356519795,0.7642236307739021,1.0,1.0,0.7421735241502684,1.0,0.0,10.718410177096219,566,"= Sovetsky Soyuz @-@ class battleship = The Sovetsky Soyuz @-@ class battleships ( Project 23 , Russian : <unk> <unk> , "" Soviet Union "" ) , also known as "" Stalin 's <unk> "" , were a class of battleships begun by the So",0.6660284813274193,0.7617661714195383,2.0655840478252485,False,True,26347.0,0.2578264758497316,train,0.05894409230652446,4473.0,0.24323720098367985,8.492056476031559,0.07090136434802052,0.9267305933765536,1.0,0.9985192497532083,0.0,0.24323720098367985,0.9290986356519795,0.7642236307739021,1.0,1.0,0.7421735241502684,1.0,0.0,0.7195945335859435,2952-4487,1.0,0.6706065670388917,0.7421735241502684,0.7015425888665325
4.5601697152583816,0.9120339430516763,1.0,1.0,0.0,0.36927851047323507,0.9456099456099456,0.7877206065125528,1.0,1.0,0.8113354037267081,0.9617080176240752,0.0,11.367738065124515,567,"= Sang Pencerah = Sang Pencerah ( The <unk> ) is a 2010 Indonesian film directed by <unk> Bramantyo and starring Lukman Sardi , <unk> <unk> Mecca , and <unk> Rahardjo . It is a <unk> of Ahmad Dahlan which describes how h",0.6876270861827949,0.7786815399522564,2.8411048340670897,True,True,8046.0,0.1886645962732919,train,0.053069848371861794,1289.0,0.36927851047323507,7.693664140992602,0.0543900543900544,0.9120339430516763,1.0,1.0,0.0,0.36927851047323507,0.9456099456099456,0.7877206065125528,1.0,1.0,0.8113354037267081,0.9617080176240752,0.0,0.739203212347889,0-1327,1.0,0.7023482381982721,0.8113354037267081,0.6943366951124903
4.500458844634532,0.9000917689269065,1.0,1.0,0.0,0.3769174579985391,0.9070958302852963,0.804818985349316,1.0,1.0,0.7894736842105263,0.9780055306927433,0.0,10.51805334839477,568,"= Underneath ( The X @-@ Files ) = "" Underneath "" is the twelfth episode of the ninth season of the American science fiction television series The X @-@ Files . The episode first aired in the United States on March 31 , ",0.6834330874069323,0.7809155902438715,2.949018868297768,True,True,8259.0,0.21052631578947367,train,0.048795253662671026,1369.0,0.3769174579985391,7.8240442455419466,0.09290416971470372,0.9000917689269065,1.0,1.0,0.0,0.3769174579985391,0.9070958302852963,0.804818985349316,1.0,1.0,0.7894736842105263,0.9780055306927433,0.0,0.7377188028592009,1327-1869,1.0,0.7075901486024211,0.7894736842105263,0.7158509861212564
4.5895971791647225,0.9179194358329446,1.0,0.9998080982536941,0.0,0.39304347826086955,0.9451219512195121,0.8113960113960114,1.0,1.0,0.7998259355961705,0.9385960047169578,0.0,9.999786958024126,569,"= Islais Creek = Islais Creek or Islais Creek Channel ( previously known as Du <unk> Creek , Islais Channel and Islais Swamp ) is a small creek in San Francisco , California . The name of the creek is derived from a <unk",0.6895915372995419,0.7857822707810658,2.951272307005669,True,True,7020.0,0.20017406440382945,train,0.04715099715099715,1150.0,0.39304347826086955,7.5087680377356625,0.054878048780487854,0.9179194358329446,1.0,0.9998080982536941,0.0,0.39304347826086955,0.9451219512195121,0.8113960113960114,1.0,1.0,0.7998259355961705,0.9385960047169578,0.0,0.740581145063424,0-1327,0.9985007772477346,0.7032004432761688,0.7998259355961705,0.7365217391304347
4.527927109756422,0.9055854219512843,1.0,1.0,0.0,0.24537037037037038,0.9376350725532572,0.8004001877423976,1.0,1.0,0.7300509337860781,1.0,0.0,11.59620649122802,570,"= Iguanodon = Iguanodon ( / <unk> / i @-@ <unk> @-@ <unk> @-@ don ; meaning "" iguana @-@ tooth "" ) is a genus of ornithopod dinosaur that existed roughly halfway between the first of the swift bipedal <unk> of the mid @-",0.6671487006672664,0.7578792150298482,2.0989523601086617,False,True,40481.0,0.2699490662139219,train,0.049899953064400586,6480.0,0.24537037037037038,8.554220939310772,0.062364927446742824,0.9055854219512843,1.0,1.0,0.0,0.24537037037037038,0.9376350725532572,0.8004001877423976,1.0,1.0,0.7300509337860781,1.0,0.0,0.7183071646884335,4487-1000000000,1.0,0.6704961749368092,0.7300509337860781,0.6884259259259259
4.517340215741963,0.9034680431483926,1.0,1.0,0.0,0.4208754208754209,0.9662542182227222,0.840028823635381,1.0,1.0,0.8550561797752809,0.952630708666135,0.0,9.899204929459687,571,= Subtropical Storm Alpha ( 1972 ) = Subtropical Storm Alpha ( also called Alfa ) was a rare off @-@ season subtropical cyclone that hit Georgia in May 1972 . It developed from a previously non @-@ tropical cyclone in th,0.7045208271961928,0.7953802721154677,3.20751080358968,True,True,5551.0,0.14494382022471908,train,0.03999279409115475,891.0,0.4208754208754209,7.62104566932908,0.03374578177727783,0.9034680431483926,1.0,1.0,0.0,0.4208754208754209,0.9662542182227222,0.840028823635381,1.0,1.0,0.8550561797752809,0.952630708666135,0.0,0.7515621099872095,0-1327,0.9895132043361424,0.7191575873789937,0.8550561797752809,0.7362514029180696
4.480320904143316,0.8960641808286631,1.0,0.9998968753222646,0.0,0.3399014778325123,0.9526627218934911,0.8494057589534977,1.0,1.0,0.7984228684080829,0.9921857985325738,0.0,11.174147582090685,572,= Barbarian II : The Dungeon of Drax = Barbarian II : The Dungeon of Drax is a video game first published in 1988 for various home computers . It was also released as Axe of Rage in North America . The game is the sequel,0.6907816653051342,0.77456913789223,2.697963353645225,True,True,12537.0,0.20157713159191715,train,0.03764856026162559,2030.0,0.3399014778325123,7.937486388260591,0.047337278106508895,0.8960641808286631,1.0,0.9998968753222646,0.0,0.3399014778325123,0.9526627218934911,0.8494057589534977,1.0,1.0,0.7984228684080829,0.9921857985325738,0.0,0.7387219011822809,1869-2952,1.0,0.702382769682412,0.7984228684080829,0.6783251231527093
4.487670606161533,0.8975341212323066,1.0,1.0,0.0,0.3006889763779528,0.8783251231527094,0.8350651492660399,1.0,1.0,0.7355982274741507,0.9728931407827579,0.0,10.474583926682142,573,"= Van Morrison : Too Late to Stop Now = Van Morrison : Too Late to Stop Now is a biography of musician Van Morrison , written by Steve Turner . It was first published in 1993 in the United States by Penguin Group , and i",0.6679801610583276,0.7621916550453963,2.340305941016792,False,True,12126.0,0.2644017725258493,train,0.04123371268349002,2032.0,0.3006889763779528,7.783145126262063,0.12167487684729061,0.8975341212323066,1.0,1.0,0.0,0.3006889763779528,0.8783251231527094,0.8350651492660399,1.0,1.0,0.7355982274741507,0.9728931407827579,0.0,0.7203694309633394,1869-2952,1.0,0.6785802447718474,0.7355982274741507,0.6988188976377953
4.603699274291199,0.9207398548582398,1.0,1.0,0.0,0.3082480433473811,0.9059674502712477,0.8300590341623924,1.0,1.0,0.7379518072289156,0.9523023159885933,0.0,10.612573850083884,574,"= Music of Chrono Cross = The Chrono series is a video game franchise developed and published by Square Enix ( formerly Square ) . It began in 1995 with the time travel role @-@ playing video game Chrono Trigger , which ",0.6720605698803801,0.7677178822351618,2.3483626046293065,False,True,10333.0,0.2620481927710844,train,0.04248524145940192,1661.0,0.3082480433473811,7.618418527908746,0.0940325497287523,0.9207398548582398,1.0,1.0,0.0,0.3082480433473811,0.9059674502712477,0.8300590341623924,1.0,1.0,0.7379518072289156,0.9523023159885933,0.0,0.7235108812100267,1327-1869,1.0,0.676893030439007,0.7379518072289156,0.7224563515954244
4.6408910146264795,0.9281782029252958,1.0,1.0,0.0,0.30446194225721784,0.9281332164767747,0.7540908395779171,1.0,1.0,0.7364273204903677,0.8954052103630841,0.0,8.362833153195995,575,= M @-@ 47 ( Michigan highway ) = M @-@ 47 is a north – south state trunkline highway in the US state of Michigan . It runs near Saginaw and Midland in the Tri @-@ Cities area of the Lower Peninsula . The highway runs th,0.6620963149148112,0.77493273870776,2.180934475635018,False,True,6539.0,0.26357267950963226,train,0.06147729010552072,1143.0,0.30446194225721784,7.163241682904673,0.07186678352322529,0.9281782029252958,1.0,1.0,0.0,0.30446194225721784,0.9281332164767747,0.7540908395779171,1.0,1.0,0.7364273204903677,0.8954052103630841,0.0,0.7141271980417464,0-1327,0.998285704819259,0.6570303871759486,0.7364273204903677,0.8022747156605424
4.409668727400993,0.8819337454801985,1.0,1.0,0.0,0.3685393258426966,0.9692423105776444,0.8473751600512164,1.0,1.0,0.8290854572713643,0.960745560007576,0.0,10.471151895627056,576,"= The Convict ( 1910 film ) = The Convict is a 1910 American silent short comedy produced by the Thanhouser Company . The film begins with a convict walking down the road , he is spotted and it begins a wild chase with m",0.6952549065725092,0.7838947747545079,2.832580167932449,True,True,7810.0,0.1709145427286357,train,0.038156209987195905,1335.0,0.3685393258426966,7.685964480060608,0.030757689422355572,0.8819337454801985,1.0,1.0,0.0,0.3685393258426966,0.9692423105776444,0.8473751600512164,1.0,1.0,0.8290854572713643,0.960745560007576,0.0,0.7401702379719214,1327-1869,1.0,0.7024063404485289,0.8290854572713643,0.7131086142322097
4.5777678642503945,0.9155535728500789,1.0,0.9996265272368351,0.0,0.23753989688190522,0.9425343811394892,0.8522169477830522,1.0,1.0,0.7459791282995702,1.0,0.0,10.721671340516313,577,"= Max Mosley = Max Rufus Mosley ( born 13 April 1940 ) is the former president of the Fédération Internationale de l 'Automobile ( FIA ) , a non @-@ profit association that represents the interests of <unk> organisations",0.6752404320928317,0.7621612554327206,2.097981160875216,False,True,49505.0,0.25402087170042975,train,0.03694576305423695,8146.0,0.23753989688190522,8.83212120748812,0.057465618860510825,0.9155535728500789,1.0,0.9996265272368351,0.0,0.23753989688190522,0.9425343811394892,0.8522169477830522,1.0,1.0,0.7459791282995702,1.0,0.0,0.7221600957085932,4487-1000000000,1.0,0.6704650220747729,0.7459791282995702,0.6961698993370979
4.593978465963949,0.9187956931927899,1.0,1.0,0.0,0.24292633188886056,0.8895689875031879,0.8600298812613038,1.0,1.0,0.7044875063742988,1.0,0.0,9.18721169291742,578,"= 130th Engineer Brigade ( United States ) = The 130th Engineer Brigade is an engineer brigade of the United States Army based in Schofield Barracks , Hawaii . It provides engineering support to the United States Army Pa",0.6660361889931357,0.7667644807631024,1.9604841526914498,False,True,25434.0,0.2955124936257012,train,0.034992529684674055,3923.0,0.24292633188886056,8.070282613859977,0.11043101249681209,0.9187956931927899,1.0,1.0,0.0,0.24292633188886056,0.8895689875031879,0.8600298812613038,1.0,1.0,0.7044875063742988,1.0,0.0,0.7174438029169372,2952-4487,1.0,0.6694534844306838,0.7044875063742988,0.7519755289319399
4.513018176785863,0.9026036353571726,1.0,1.0,0.0,0.2495369145276528,0.9245432883240667,0.8028730382794984,1.0,1.0,0.7249867654843832,1.0,0.0,12.096650814260766,579,"= Corythosaurus = Corythosaurus / <unk> / is a genus of hadrosaurid "" duck @-@ billed "" dinosaur from the Upper Cretaceous Period , about 77 – 75 @.@ 7 million years ago . It lived in what is now North America . Its name",0.6655142522059274,0.7555174421970199,2.0303992535402338,False,True,24086.0,0.27501323451561677,train,0.049281740430125384,3779.0,0.2495369145276528,8.13666890681712,0.07545671167593326,0.9026036353571726,1.0,1.0,0.0,0.2495369145276528,0.9245432883240667,0.8028730382794984,1.0,1.0,0.7249867654843832,1.0,0.0,0.7174732626174182,2952-4487,1.0,0.6711208599406222,0.7249867654843832,0.6790156125959248
4.562785558713481,0.9125571117426962,1.0,0.999204665959703,0.0,0.36901241868716733,0.9271758436944938,0.8452595710563239,1.0,1.0,0.7934911242603551,0.9866313648548385,0.0,10.000368616123945,580,"= Ghost in the Shell : Stand Alone Complex - Solid State Society = Ghost in the Shell : Stand Alone Complex - Solid State Society ( Japanese : 攻殻機動隊 <unk> <unk> <unk> Solid State Society , Hepburn : Kōkaku <unk> <unk> <u",0.6912542617117149,0.7836793385477449,2.91263381038164,True,True,9978.0,0.20650887573964494,train,0.038685107235919024,1691.0,0.36901241868716733,7.893050918838708,0.0728241563055062,0.9125571117426962,1.0,0.999204665959703,0.0,0.36901241868716733,0.9271758436944938,0.8452595710563239,1.0,1.0,0.7934911242603551,0.9866313648548385,0.0,0.7425439660934383,1327-1869,1.0,0.7101829289322206,0.7934911242603551,0.7161442933175636
4.517364810200153,0.9034729620400306,1.0,1.0,0.0,0.43812709030100333,0.9530726256983241,0.8200467878351628,1.0,1.0,0.8236607142857143,0.924514910527765,0.0,10.100507639974179,581,"= Winston Tunnel = The Winston Tunnel is a railroad tunnel located 9 miles ( 14 @.@ 5 kilometers ) west of Elizabeth , Illinois . The tunnel was completed in 1888 for the Minnesota and Northwestern Railroad , a predecess",0.6964377880477716,0.7786383072062639,3.240440221515377,True,True,5557.0,0.1763392857142857,train,0.044988303041209286,897.0,0.43812709030100333,7.39611928422212,0.04692737430167593,0.9034729620400306,1.0,1.0,0.0,0.43812709030100333,0.9530726256983241,0.8200467878351628,1.0,1.0,0.8236607142857143,0.924514910527765,0.0,0.7463143789242591,0-1327,0.989749561019925,0.7138176896693217,0.8236607142857143,0.673355629877369
4.648541283806842,0.9297082567613684,1.0,0.9999492694805194,0.0,0.22992540587977184,0.9102282704126426,0.8331805010453729,1.0,1.0,0.7140662716699583,1.0,0.0,8.842857632915292,582,= Wales national rugby union team = The Wales national rugby union team ( Welsh : <unk> <unk> <unk> <unk> <unk> Cymru ) represent Wales in international rugby union . They compete annually in the Six Nations Championship,0.6664584771333127,0.7712369937296187,1.9084477717450754,False,True,27263.0,0.2859337283300417,train,0.041704874738656784,4558.0,0.22992540587977184,8.300290976730967,0.08977172958735735,0.9297082567613684,1.0,0.9999492694805194,0.0,0.22992540587977184,0.9102282704126426,0.8331805010453729,1.0,1.0,0.7140662716699583,1.0,0.0,0.7177562178711882,4487-1000000000,1.0,0.6663594604055371,0.7140662716699583,0.7742430890741553
4.47950644925736,0.895901289851472,1.0,0.9879306479336373,0.0,0.23007735204173413,0.9206406334353068,0.8063579702308108,1.0,1.0,0.7205829435048579,1.0,0.0,12.13004399991734,583,"= <unk> = Anekāntavāda ( Sanskrit : <unk> ् <unk> , "" many @-@ <unk> "" ) refers to the principles of pluralism and multiplicity of viewpoints , or <unk> points , the notion that reality is perceived differently from dive",0.661355767925427,0.7452570367739979,1.9065390910372708,False,False,35137.0,0.27941705649514215,train,0.048410507442297294,5559.0,0.23007735204173413,8.286513531724932,0.07935936656469322,0.895901289851472,1.0,0.9879306479336373,0.0,0.23007735204173413,0.9206406334353068,0.8063579702308108,1.0,1.0,0.7205829435048579,1.0,0.0,0.7119017224472081,4487-1000000000,1.0,0.6634701992340375,0.7205829435048579,0.6429213887389819
4.524934542834611,0.9049869085669222,1.0,1.0,0.0,0.3718181818181818,0.9453551912568307,0.8822996831145314,1.0,1.0,0.7961783439490446,0.9242996085036201,0.0,8.888799782348261,584,"= Arnhem Oosterbeek War Cemetery = The Arnhem Oosterbeek War Cemetery , more commonly known as the Airborne Cemetery , is a Commonwealth War Graves Commission cemetery in Oosterbeek , near Arnhem , the Netherlands . It w",0.6917277039482775,0.7851487253646369,2.7493711991125864,True,True,6627.0,0.20382165605095537,train,0.029425079221367133,1100.0,0.3718181818181818,7.394396868028961,0.05464480874316935,0.9049869085669222,1.0,1.0,0.0,0.3718181818181818,0.9453551912568307,0.8822996831145314,1.0,1.0,0.7961783439490446,0.9242996085036201,0.0,0.7363752256048534,0-1327,0.9969349601271688,0.6922170603828772,0.7961783439490446,0.7545454545454545
4.453141563636845,0.8906283127273691,1.0,0.999585774306172,0.0,0.2472345132743363,0.8655229662423907,0.8609358689238868,1.0,1.0,0.6769017980636238,1.0,0.0,10.032449239996005,585,"= Ace Attorney = Ace Attorney , known in Japan as Gyakuten Saiban ( Japanese : <unk> , "" <unk> Trial "" ) , is a series of visual novel adventure video games developed by Capcom . The first entry in the series , Phoenix W",0.6575514327209198,0.7576088422051185,1.9929917858297785,False,True,22033.0,0.3230982019363762,train,0.034766032769028274,3616.0,0.2472345132743363,8.06113903530255,0.13447703375760933,0.8906283127273691,1.0,0.999585774306172,0.0,0.2472345132743363,0.8655229662423907,0.8609358689238868,1.0,1.0,0.6769017980636238,1.0,0.0,0.7106902549157164,2952-4487,1.0,0.6671537557764422,0.6769017980636238,0.7309181415929203
4.694776425872824,0.9389552851745648,1.0,0.9996825305203614,0.0,0.23380093520374082,0.9170118936255512,0.816855302852008,1.0,1.0,0.7220737573490112,1.0,0.0,10.373062663414084,586,= Cambodian Campaign = The Cambodian Campaign ( also known as the Cambodian <unk> and the Cambodian Invasion ) was a series of military operations conducted in eastern Cambodia during 1970 by the United States and the Re,0.6678670482422278,0.7654662174928075,2.054715731712045,False,True,46739.0,0.27792624265098875,train,0.04578617428699801,7485.0,0.23380093520374082,8.788312715351232,0.08298810637444876,0.9389552851745648,1.0,0.9996825305203614,0.0,0.23380093520374082,0.9170118936255512,0.816855302852008,1.0,1.0,0.7220737573490112,1.0,0.0,0.7199138063973053,4487-1000000000,1.0,0.6684071369995879,0.7220737573490112,0.7319973279893119
4.527014977251641,0.9054029954503282,1.0,0.9988904739261373,0.0,0.3699215965787598,0.9236259814418273,0.771561230412072,1.0,1.0,0.7867332382310984,0.96914138663467,0.0,11.797171905419372,587,"= Verpa bohemica = Verpa bohemica is a species of fungus in the family <unk> . Commonly known as the early morel ( or early false morel ) or the wrinkled thimble @-@ cap , it is one of several species known informally as",0.6803879035346374,0.7679279388413291,2.868050632435602,True,True,8615.0,0.21326676176890158,train,0.057109692396982006,1403.0,0.3699215965787598,7.75313109307736,0.07637401855817272,0.9054029954503282,1.0,0.9988904739261373,0.0,0.3699215965787598,0.9236259814418273,0.771561230412072,1.0,1.0,0.7867332382310984,0.96914138663467,0.0,0.7353997581634558,1327-1869,1.0,0.7024656248850853,0.7867332382310984,0.654312188168211
4.599675521349399,0.9199351042698798,1.0,0.9999395057620761,0.0,0.23626913892400617,0.8696079808908248,0.7654580408637726,1.0,1.0,0.6617027254846867,1.0,0.0,11.332800160781428,588,"= Varanasi = Varanasi ( <unk> pronunciation : [ <unk> ] ) , also known as Benares , Banaras ( <unk> [ <unk> ] ) , or Kashi ( <unk> [ <unk> ] ) , is a North Indian city on the banks of the Ganges in Uttar Pradesh , India ",0.6481062716440845,0.7462310750876803,1.9794089001601873,False,True,44734.0,0.33829727451531333,train,0.05863548978405687,7119.0,0.23626913892400617,8.377771676718416,0.1303920191091752,0.9199351042698798,1.0,0.9999395057620761,0.0,0.23626913892400617,0.8696079808908248,0.7654580408637726,1.0,1.0,0.6617027254846867,1.0,0.0,0.7080423148548028,4487-1000000000,1.0,0.663088442158403,0.6617027254846867,0.683803905042843
4.500168292877005,0.900033658575401,1.0,1.0,0.0,0.3637837837837838,0.9615800865800865,0.8687403862587592,1.0,1.0,0.8101676581936181,0.9803916053568988,0.0,10.425779184037719,589,"= Toronto Magnetic and Meteorological Observatory = The Toronto Magnetic and Meteorological Observatory is a historical observatory located on the grounds of the University of Toronto , in Toronto , Ontario , Canada . Th",0.6971090974627808,0.7847532131259953,2.853204542292726,True,True,11702.0,0.18983234180638187,train,0.032814903435310204,1850.0,0.3637837837837838,7.843132842855191,0.038419913419913465,0.900033658575401,1.0,1.0,0.0,0.3637837837837838,0.9615800865800865,0.8687403862587592,1.0,1.0,0.8101676581936181,0.9803916053568988,0.0,0.7435998614711271,1327-1869,1.0,0.7078437780207342,0.8101676581936181,0.7140540540540541
4.482020737955977,0.8964041475911954,1.0,0.999905691516952,0.0,0.19101123595505617,0.8733654507914659,0.8668015024559376,1.0,1.0,0.65,1.0,0.0,10.171322397269172,590,"= 1973 Atlantic hurricane season = The 1973 Atlantic hurricane season was the first season to use the Saffir – Simpson hurricane scale , a scale developed in 1971 by Herbert Saffir and Robert Simpson to rate the intensit",0.6502567674342369,0.7536343968014748,1.5521367297763156,False,True,27688.0,0.35,train,0.0332996243860156,4361.0,0.19101123595505617,8.125892291181888,0.12663454920853412,0.8964041475911954,1.0,0.999905691516952,0.0,0.19101123595505617,0.8733654507914659,0.8668015024559376,1.0,1.0,0.65,1.0,0.0,0.7015136972194318,2952-4487,1.0,0.6485096575984799,0.65,0.7567071772529237
4.478480388719643,0.8956960777439287,1.0,1.0,0.0,0.23433970014376668,0.9204848982946373,0.8682476943346509,1.0,1.0,0.7210353327855382,1.0,0.0,8.542873275739408,591,= 2 / 4th Machine Gun Battalion ( Australia ) = The 2 / 4th Machine Gun Battalion was an Australian Army unit raised for service with the all volunteer Second Australian Imperial Force ( 2nd AIF ) during the Second World,0.6689912554222636,0.7744160490121763,1.9648876634821604,False,True,30360.0,0.2789646672144618,train,0.03293807641633729,4869.0,0.23433970014376668,8.384783552580753,0.07951510170536269,0.8956960777439287,1.0,1.0,0.0,0.23433970014376668,0.9204848982946373,0.8682476943346509,1.0,1.0,0.7210353327855382,1.0,0.0,0.716437629070908,4487-1000000000,1.0,0.6668037395713957,0.7210353327855382,0.791538303553091
4.525632378307445,0.905126475661489,1.0,1.0,0.0,0.2837696335078534,0.9520217892310916,0.8549317344977028,1.0,1.0,0.7758692919983242,1.0,0.0,10.912381752876051,592,"= Richard Nixon presidential campaign , 1968 = The 1968 presidential campaign of Richard Nixon , the 36th Vice President of the United States , began when Nixon , the Republican nominee of 1960 , formally announced his c",0.6841305829077508,0.7672250449034652,2.4379090723284937,True,True,30689.0,0.22413070800167578,train,0.03626706637557431,4775.0,0.2837696335078534,8.591155586987865,0.0479782107689084,0.905126475661489,1.0,1.0,0.0,0.2837696335078534,0.9520217892310916,0.8549317344977028,1.0,1.0,0.7758692919983242,1.0,0.0,0.7308676225539851,4487-1000000000,1.0,0.6863762196539559,0.7758692919983242,0.6783246073298429
4.523251100446632,0.9046502200893263,1.0,1.0,0.0,0.3674698795180723,0.9044265593561368,0.8543177323665129,1.0,1.0,0.7547738693467336,0.9405113184834968,0.0,10.539892354146039,593,"= Cyclone Herbie = Tropical Cyclone Herbie was the only known tropical system to impact Western Australia during the month of May on record . The final cyclone of the 1987 – 88 Australian region cyclone season , Herbie w",0.680048926149755,0.7725908249548284,2.764876647108111,True,True,6068.0,0.24522613065326637,train,0.03642056690837179,996.0,0.3674698795180723,7.524090547867974,0.0955734406438632,0.9046502200893263,1.0,1.0,0.0,0.3674698795180723,0.9044265593561368,0.8543177323665129,1.0,1.0,0.7547738693467336,0.9405113184834968,0.0,0.7310477081191162,0-1327,0.9934367007623452,0.6925191535599504,0.7547738693467336,0.7188755020080321
4.543009155978124,0.9086018311956249,1.0,0.9997048406139315,0.0,0.3562264150943396,0.9493575207860923,0.8679867986798679,1.0,1.0,0.7990936555891238,0.9523517025794732,0.0,11.622482930622638,594,"= Croatian independence referendum , 1991 = Croatia held an independence referendum on 19 May 1991 , following the Croatian parliamentary elections of 1990 and the rise of ethnic tensions that led to the breakup of Yugos",0.6921090886239915,0.7709580085389894,2.714022663351012,True,True,8787.0,0.20090634441087618,train,0.033003300330033,1325.0,0.3562264150943396,7.618813620635786,0.05064247921390774,0.9086018311956249,1.0,0.9997048406139315,0.0,0.3562264150943396,0.9493575207860923,0.8679867986798679,1.0,1.0,0.7990936555891238,0.9523517025794732,0.0,0.7381288003305211,0-1327,1.0,0.6962089295837137,0.7990936555891238,0.6641509433962264
4.577116664694524,0.9154233329389048,1.0,0.9966526647414019,0.0,0.24882629107981222,0.9179455057939242,0.7253301320528212,1.0,1.0,0.711020663744521,0.9724630192953805,0.0,11.688649210085915,595,"= Georgian scripts = The Georgian scripts are the three writing systems used to write the Georgian language : Asomtavruli , Nuskhuri and Mkhedruli . Although the systems differ in appearance , all three are <unk> , their",0.6538244291314923,0.7444258326650606,1.935794930428363,False,False,20825.0,0.288979336255479,train,0.06866746698679471,3195.0,0.24882629107981222,7.779704154363044,0.0820544942060758,0.9154233329389048,1.0,0.9966526647414019,0.0,0.24882629107981222,0.9179455057939242,0.7253301320528212,1.0,1.0,0.711020663744521,0.9724630192953805,0.0,0.7102251455265324,2952-4487,1.0,0.6604349003570643,0.711020663744521,0.6488262910798122
4.601989628991826,0.9203979257983652,1.0,1.0,0.0,0.37333333333333335,0.8796433878157504,0.7415681121331581,1.0,1.0,0.7611275964391692,0.8640892623447254,0.0,11.647984038985232,596,"= and = − . In the 10th century , clusters of one ( · ) , two ( : ) , three ( ჻ ) and six ( ჻ ჻ ) dots ( later sometimes small circles ) were introduced by <unk> <unk> to indicate increasing breaks in the text . One dot ",0.662824494319113,0.749627723438582,2.58074659686958,False,False,4566.0,0.23887240356083084,train,0.06460797196671046,675.0,0.37333333333333335,6.912714098757803,0.12035661218424965,0.9203979257983652,1.0,1.0,0.0,0.37333333333333335,0.8796433878157504,0.7415681121331581,1.0,1.0,0.7611275964391692,0.8640892623447254,0.0,0.7178400654155386,0-1327,0.9797375527098285,0.668275681627284,0.7611275964391692,0.6518518518518519
4.425070163969401,0.8850140327938801,1.0,0.9998973305954826,0.0,0.28854118729866546,0.9470290188853063,0.800526560322131,1.0,1.0,0.748158379373849,0.9415895176640454,0.0,13.042577877013748,597,"= Banai ( goddess ) = Banai ( Marathi : <unk> <unk> , sometimes <unk> ) , also known as <unk> ( <unk> , <unk> ) and <unk> @-@ <unk> ( <unk> @-@ <unk> , <unk> @-@ <unk> ) , is a Hindu goddess and the second wife of Khando",0.6680526977585776,0.7495981410349021,2.1734988589980913,False,False,12914.0,0.251841620626151,train,0.049868359919467246,2173.0,0.28854118729866546,7.532716141312363,0.05297098111469367,0.8850140327938801,1.0,0.9998973305954826,0.0,0.28854118729866546,0.9470290188853063,0.800526560322131,1.0,1.0,0.748158379373849,0.9415895176640454,0.0,0.7160976708890685,1869-2952,1.0,0.665581511685212,0.748158379373849,0.6433502070869765
4.441846741940272,0.8883693483880544,1.0,1.0,0.8005,0.57847533632287,0.9819004524886877,0.8313080771979986,1.0,1.0,0.8963963963963963,0.7985771841039622,0.0,12.724026793556977,598,"= Europium = Europium is a chemical element with symbol Eu and atomic number 63 . It was isolated in 1901 and is named after the continent of Europe . It is a moderately hard , silvery metal which readily oxidizes in air",0.7780234976526628,0.7937003318296808,3.6956576412344795,True,True,1399.0,0.10360360360360366,train,0.04217298070050036,223.0,0.57847533632287,6.388617472831697,0.018099547511312264,0.8883693483880544,1.0,1.0,0.8005,0.57847533632287,0.9819004524886877,0.8313080771979986,1.0,1.0,0.8963963963963963,0.7985771841039622,0.0,0.7906291597834385,0-1327,0.9407951936930583,0.7395777099984273,0.8963963963963963,0.6502242152466368
4.58764815342724,0.9175296306854481,1.0,0.9992864787727435,0.0,0.30662305805396567,0.9517184942716858,0.7390575646232193,1.0,1.0,0.7779141104294478,0.9955469855224325,0.0,13.261848055502231,599,"= 7 / 2 ) <unk> the <unk> , which is induced by eliminating this local moment ( J = 0 in <unk> + ) . = = = Chemical properties = = = Europium is the most reactive rare earth element . It rapidly oxidizes in air , so that",0.6757301239542314,0.7577253190267812,2.442061289098363,True,False,15513.0,0.2220858895705522,train,0.06523560884419519,2446.0,0.30662305805396567,7.96437588417946,0.048281505728314245,0.9175296306854481,1.0,0.9992864787727435,0.0,0.30662305805396567,0.9517184942716858,0.7390575646232193,1.0,1.0,0.7779141104294478,0.9955469855224325,0.0,0.7305848113372079,1869-2952,1.0,0.6908349165627035,0.7779141104294478,0.6218315617334423
4.700065029951564,0.9400130059903129,1.0,1.0,0.0,0.28300993847610034,0.9275225011842728,0.823943661971831,1.0,1.0,0.75,0.9883005219582531,0.0,9.646665310135537,600,= North @-@ Eastern Area Command ( RAAF ) = North @-@ Eastern Area Command was one of several geographically based commands raised by the Royal Australian Air Force ( RAAF ) during World War II . For most of its existenc,0.6775642372641958,0.7810559103256485,2.2375909593224246,True,True,13632.0,0.25,train,0.04401408450704225,2113.0,0.28300993847610034,7.906404175666025,0.07247749881572718,0.9400130059903129,1.0,1.0,0.0,0.28300993847610034,0.9275225011842728,0.823943661971831,1.0,1.0,0.75,0.9883005219582531,0.0,0.7291416338281703,1869-2952,1.0,0.6823984320226735,0.75,0.7737813535257927
4.534261523762713,0.9068523047525426,1.0,1.0,0.0,0.426917510853835,0.969521044992743,0.7964211015570533,1.0,1.0,0.855072463768116,0.9076693074618094,0.0,10.809391920535402,601,"= Cape lobster = The Cape lobster , Homarinus capensis , is a species of small lobster that lives off the coast of South Africa , from Dassen Island to Haga Haga . Only a few dozen specimens are known , mostly regurgitat",0.697698123573895,0.7802088997461172,3.0999993713601595,True,True,4303.0,0.14492753623188404,train,0.05089472461073669,691.0,0.426917510853835,7.261354459694475,0.030478955007256947,0.9068523047525426,1.0,1.0,0.0,0.426917510853835,0.969521044992743,0.7964211015570533,1.0,1.0,0.855072463768116,0.9076693074618094,0.0,0.7451390255337281,0-1327,0.9805623015841501,0.7062162173457751,0.855072463768116,0.6859623733719248
4.750877884388206,0.9501755768776412,1.0,1.0,0.0,0.1935244686109738,0.7821463897131553,0.7463232306817258,1.0,1.0,0.5624227441285538,0.9708910982387207,0.0,10.620961820424291,602,"= A4232 road = The A4232 , which is also known either as the <unk> <unk> Road ( PDR ) ( Welsh : Ffordd <unk> <unk> ) or the Cardiff Link Road ( Welsh : Ffordd Gyswllt <unk> ) , is a distributor road in Cardiff , the capi",0.6204114399838359,0.7341240704904017,1.5031294709261855,False,False,24614.0,0.43757725587144625,train,0.06341919232956854,4046.0,0.1935244686109738,7.767128785909765,0.2178536102868447,0.9501755768776412,1.0,1.0,0.0,0.1935244686109738,0.7821463897131553,0.7463232306817258,1.0,1.0,0.5624227441285538,0.9708910982387207,0.0,0.6879397676531369,2952-4487,1.0,0.635073775538992,0.5624227441285538,0.7293623331685616
4.561563507149036,0.9123127014298072,1.0,0.9990079365079365,0.0,0.3159636062861869,0.9482615894039735,0.8148876976318111,1.0,1.0,0.7935457178320232,0.9977344026526141,0.0,10.724431349735323,603,"= Development of Fez = The high @-@ profile and protracted five @-@ year development of Fez led to its status as an "" underdog darling of the indie game scene "" . The 2012 puzzle platform game built around rotating betwe",0.6857681740419445,0.7761167394060601,2.521982079823316,True,True,14737.0,0.2064542821679768,train,0.046278075592047226,2418.0,0.3159636062861869,7.981875221220913,0.05173841059602646,0.9123127014298072,1.0,0.9990079365079365,0.0,0.3159636062861869,0.9482615894039735,0.8148876976318111,1.0,1.0,0.7935457178320232,0.9977344026526141,0.0,0.7358151700088926,1869-2952,1.0,0.6963320872391466,0.7935457178320232,0.7005789909015715
4.528694943157834,0.9057389886315669,1.0,0.9997073075547173,0.0,0.2610406646261478,0.9588861350051028,0.8203695116296097,1.0,1.0,0.7661807580174927,1.0,0.0,10.989217904815359,604,"= Hugh Walpole = Sir Hugh Seymour Walpole , CBE ( 13 March 1884 – 1 June 1941 ) was an English novelist . He was the son of an Anglican clergyman , intended for a career in the church but drawn instead to writing . Among",0.6777413674085173,0.766857947414131,2.262904563782033,True,True,40973.0,0.23381924198250725,train,0.04490762209259756,6861.0,0.2610406646261478,8.668781804639044,0.04111386499489722,0.9057389886315669,1.0,0.9997073075547173,0.0,0.2610406646261478,0.9588861350051028,0.8203695116296097,1.0,1.0,0.7661807580174927,1.0,0.0,0.7256129982681501,4487-1000000000,1.0,0.678066665290612,0.7661807580174927,0.6993149686634601
4.514040001136346,0.9028080002272691,1.0,0.9960104076322637,0.0,0.2893652102225886,0.8753096614368291,0.8435546095516828,1.0,1.0,0.7004950495049505,0.8926360082974556,0.0,12.995778151079946,605,"= Domnall mac Murchada = Domnall mac Murchada ( died 1075 ) , also known as Domnall mac Murchada meic Diarmata , was a leading late eleventh @-@ century claimant to the Kingdom of Leinster , and a King of Dublin . As a s",0.6564282793648321,0.737785594714967,2.066382449545965,False,False,7517.0,0.29950495049504955,train,0.03911134761207929,1213.0,0.2893652102225886,7.141088066379645,0.12469033856317091,0.9028080002272691,1.0,0.9960104076322637,0.0,0.2893652102225886,0.8753096614368291,0.8435546095516828,1.0,1.0,0.7004950495049505,0.8926360082974556,0.0,0.7054461447465824,0-1327,1.0,0.6482233770033023,0.7004950495049505,0.6372629843363561
4.450915862810571,0.8901831725621141,1.0,1.0,0.0,0.36800452232899944,0.9518958687040181,0.8226197130613006,1.0,1.0,0.832579185520362,1.0,0.0,11.273342813704552,606,"= Irresistible ( The X @-@ Files ) = "" Irresistible "" is the thirteenth episode of the second season of the American science fiction television series The X @-@ Files . It premiered on the Fox network on January 13 , 199",0.6954138997788676,0.783046698851417,2.9553382465022824,True,True,10734.0,0.16742081447963797,train,0.04434507173467486,1769.0,0.36800452232899944,8.030711763536925,0.0481041312959819,0.8901831725621141,1.0,1.0,0.0,0.36800452232899944,0.9518958687040181,0.8226197130613006,1.0,1.0,0.832579185520362,1.0,0.0,0.7447572177678096,1327-1869,1.0,0.7143797394661546,0.832579185520362,0.6868287167891464
4.568728638153027,0.9137457276306055,1.0,0.9999535434716964,0.0,0.2605917955615333,0.9533632286995516,0.8134321803137572,1.0,1.0,0.7641520008967605,1.0,0.0,10.891943223694392,607,"= Thunderbirds ( TV series ) = Thunderbirds is a British science @-@ fiction television series created by Gerry and Sylvia Anderson , filmed by their production company AP Films ( APF ) and distributed by ITC Entertainme",0.6769895932450432,0.7630126602565643,2.3583120448718993,True,True,56923.0,0.2358479991032395,train,0.0466419549215607,8922.0,0.2605917955615333,9.049832285740683,0.04663677130044841,0.9137457276306055,1.0,0.9999535434716964,0.0,0.2605917955615333,0.9533632286995516,0.8134321803137572,1.0,1.0,0.7641520008967605,1.0,0.0,0.7258811794392661,4487-1000000000,1.0,0.6780885386100164,0.7641520008967605,0.6782111634162744
4.604260078013649,0.9208520156027298,1.0,1.0,0.0,0.35445544554455444,0.8561507936507936,0.807667731629393,1.0,1.0,0.7145688800792864,0.9108489302652453,0.0,10.353961930663239,608,"= T. Arthur Cottam = T. Arthur Cottam is a screenwriter , actor , producer and film director . A graduate of the Film and Television Production program at the <unk> School of the Arts of New York University , Cottam resi",0.6629331300757897,0.7628800456109768,2.5828429072075862,False,True,6260.0,0.28543111992071357,train,0.048083067092651754,1010.0,0.35445544554455444,7.286791442121962,0.1438492063492064,0.9208520156027298,1.0,1.0,0.0,0.35445544554455444,0.8561507936507936,0.807667731629393,1.0,1.0,0.7145688800792864,0.9108489302652453,0.0,0.719230147761587,0-1327,0.993928331928462,0.6759411678332434,0.7145688800792864,0.7227722772277227
4.643280594184927,0.9286561188369854,1.0,1.0,0.0,0.3544165757906216,0.9306768558951966,0.7504406062742334,1.0,1.0,0.7997817785051827,1.0,0.0,9.777953804204248,609,"= Partington = Partington is a town and civil parish within the Metropolitan Borough of Trafford in Greater Manchester , England , about ten miles ( 16 km ) to the south @-@ west of Manchester city centre . Historically ",0.6840720886585484,0.7845457592975896,2.839601992708187,True,True,11348.0,0.20021822149481727,train,0.062389848431441665,1834.0,0.3544165757906216,8.012046237887407,0.06932314410480345,0.9286561188369854,1.0,1.0,0.0,0.3544165757906216,0.9306768558951966,0.7504406062742334,1.0,1.0,0.7997817785051827,1.0,0.0,0.7410510538017705,1327-1869,1.0,0.7091296708485406,0.7997817785051827,0.722464558342421
4.442908749957251,0.8885817499914502,1.0,1.0,0.0,0.2557291666666667,0.8847758081334723,0.8128356850250341,1.0,1.0,0.6810838978634706,0.9278314089155433,0.0,9.606566254588433,610,"= Key ( basketball ) = The key , officially referred to as the free throw lane by the National Basketball Association ( NBA ) and the National Collegiate Athletic Association ( NCAA ) , the restricted area by the interna",0.6499588371603642,0.7553025187746079,1.898188424073049,False,False,10985.0,0.31891610213652943,train,0.046791078743741464,1920.0,0.2557291666666667,7.422651271324346,0.11522419186652766,0.8885817499914502,1.0,1.0,0.0,0.2557291666666667,0.8847758081334723,0.8128356850250341,1.0,1.0,0.6810838978634706,0.9278314089155433,0.0,0.7013085444901078,1869-2952,1.0,0.6465444161406064,0.6810838978634706,0.7541666666666667
4.50259524573812,0.900519049147624,1.0,0.9915667547246495,0.0,0.2521905368806755,0.9153784860557769,0.8391499114491092,1.0,1.0,0.7088910133843213,1.0,0.0,11.349320749710994,611,= The General in His Labyrinth = The General in His Labyrinth ( original Spanish title : El general en su laberinto ) is a novel by the Colombian writer and Nobel laureate Gabriel García Márquez . It is a fictionalized a,0.6656013295142916,0.7533221112024003,2.1232034468693146,False,True,38396.0,0.29110898661567874,train,0.04021252213772268,6277.0,0.2521905368806755,8.419044874288495,0.08462151394422313,0.900519049147624,1.0,0.9915667547246495,0.0,0.2521905368806755,0.9153784860557769,0.8391499114491092,1.0,1.0,0.7088910133843213,1.0,0.0,0.7164953298034601,4487-1000000000,1.0,0.671295299121899,0.7088910133843213,0.6761191652063088
4.611086247110136,0.9222172494220272,1.0,0.9997901364113326,0.0,0.33954154727793695,0.9431166347992351,0.7906252374078857,1.0,1.0,0.809842331581462,1.0,0.0,10.761794344901276,612,"= Copia ( museum ) = Copia : The American Center for Wine , Food & the Arts was a non @-@ profit museum and educational center in downtown Napa , California , dedicated to wine , food and the arts of American culture . T",0.6885866117807059,0.7764416063313181,2.7521436666565076,True,True,13163.0,0.19015766841853798,train,0.05234369064802857,2094.0,0.33954154727793695,8.10546953302212,0.05688336520076487,0.9222172494220272,1.0,0.9997901364113326,0.0,0.33954154727793695,0.9431166347992351,0.7906252374078857,1.0,1.0,0.809842331581462,1.0,0.0,0.7410959751586199,1869-2952,1.0,0.7054333743987942,0.809842331581462,0.6757402101241643
4.49191558036151,0.8983831160723019,1.0,1.0,0.0,0.33378439332431215,0.9237020316027088,0.8527926549349656,1.0,1.0,0.7680505415162455,0.9929174944486489,0.0,10.99949084295956,613,"= Youth on the Prow , and Pleasure at the Helm = Youth on the Prow , and Pleasure at the Helm ( also known as Fair Laughs the <unk> and Youth and Pleasure ) is an oil painting on canvas by English artist William Etty , f",0.683822642394319,0.7695452968729225,2.6513629080451064,True,True,13070.0,0.23194945848375448,train,0.03680183626625861,2217.0,0.33378439332431215,7.943339955589191,0.0762979683972912,0.8983831160723019,1.0,1.0,0.0,0.33378439332431215,0.9237020316027088,0.8527926549349656,1.0,1.0,0.7680505415162455,0.9929174944486489,0.0,0.7342842839120756,1869-2952,1.0,0.6988176138992781,0.7680505415162455,0.6770410464591791
4.6051034747472,0.92102069494944,1.0,0.9994727592267135,0.0,0.28045935761708235,0.9490217196194579,0.8421666802355559,1.0,1.0,0.7701005025125628,1.0,0.0,10.676978016796102,614,"= Mozambican War of Independence = The Mozambican War of Independence was an armed conflict between the guerrilla forces of the Mozambique Liberation Front or FRELIMO ( <unk> de <unk> de Moçambique ) , and Portugal . The",0.6830030650149559,0.7682107501687258,2.414424178419487,True,True,36849.0,0.2298994974874372,train,0.03945832994111102,5573.0,0.28045935761708235,8.608820183193732,0.050978280380542085,0.92102069494944,1.0,0.9994727592267135,0.0,0.28045935761708235,0.9490217196194579,0.8421666802355559,1.0,1.0,0.7701005025125628,1.0,0.0,0.7313090822918473,4487-1000000000,1.0,0.6857693805501942,0.7701005025125628,0.6858065673784317
4.515016876156368,0.9030033752312736,1.0,0.9996488353037575,0.0,0.3048645660585959,0.9327986725663717,0.8386605783866058,1.0,1.0,0.7746751451479126,1.0,0.0,11.135419480241413,615,= The Secret of Monkey Island = The Secret of Monkey Island is a 1990 point @-@ and @-@ click graphic adventure game developed and published by Lucasfilm Games . It takes place in a fantastic version of the Caribbean dur,0.682261129147731,0.7723698482558664,2.5465098646448032,True,True,22338.0,0.22532485485208742,train,0.04033485540334855,3618.0,0.3048645660585959,8.352921750031639,0.06720132743362828,0.9030033752312736,1.0,0.9996488353037575,0.0,0.3048645660585959,0.9327986725663717,0.8386605783866058,1.0,1.0,0.7746751451479126,1.0,0.0,0.7318493343814448,2952-4487,1.0,0.6921408087053713,0.7746751451479126,0.7006633499170812
4.543756014636162,0.9087512029272323,1.0,0.999867065470256,0.0,0.29562268803945746,0.9426280074028378,0.8191692648094137,1.0,1.0,0.7567067530064755,1.0,0.0,11.463875810458374,616,"= Temple of Eshmun = The Temple of Eshmun ( Arabic : <unk> <unk> ) is an ancient place of worship dedicated to Eshmun , the Phoenician god of healing . It is located near the Awali river , 2 kilometres ( 1 @.@ 2 mi ) nor",0.6785507028486264,0.7645199080697012,2.3866189312882202,True,True,19886.0,0.2432932469935245,train,0.045207683797646586,3244.0,0.29562268803945746,8.073192714388933,0.05737199259716219,0.9087512029272323,1.0,0.999867065470256,0.0,0.29562268803945746,0.9426280074028378,0.8191692648094137,1.0,1.0,0.7567067530064755,1.0,0.0,0.7296088510266174,2952-4487,1.0,0.688710097523173,0.7567067530064755,0.6729346485819976
4.597870505021272,0.9195741010042544,1.0,0.9990079365079365,0.0,0.2833308941899605,0.9531547357634315,0.7830417600702549,1.0,1.0,0.77942037470726,1.0,0.0,11.729587935149503,617,"= Wilhelm Busch = Heinrich Christian Wilhelm Busch ( 15 April 1832 – 9 January 1908 ) was a German humorist , poet , illustrator and painter . He published comic illustrated <unk> tales from 1859 , achieving his most not",0.6787401565002953,0.7600863562157543,2.498504641911761,True,True,43271.0,0.22057962529274,train,0.05423955998243627,6833.0,0.2833308941899605,8.818327592036706,0.04684526423656854,0.9195741010042544,1.0,0.9990079365079365,0.0,0.2833308941899605,0.9531547357634315,0.7830417600702549,1.0,1.0,0.77942037470726,1.0,0.0,0.7299428399371217,4487-1000000000,1.0,0.685804143516051,0.77942037470726,0.6396897409629738
4.511143701239207,0.9022287402478414,1.0,1.0,0.0,0.29265658747300216,0.9513828867761452,0.8364374737431732,1.0,1.0,0.7787859148844243,1.0,0.0,11.102042418283823,618,"= Crown Fountain = Crown Fountain is an interactive work of public art and video sculpture featured in Chicago 's Millennium Park , which is located in the Loop community area . Designed by Catalan artist <unk> Plensa an",0.6831762630193788,0.7707232566134304,2.503981851691022,True,True,28564.0,0.22121408511557572,train,0.04089063156420669,4630.0,0.29265658747300216,8.556041308730208,0.04861711322385476,0.9022287402478414,1.0,1.0,0.0,0.29265658747300216,0.9513828867761452,0.8364374737431732,1.0,1.0,0.7787859148844243,1.0,0.0,0.7312343523810958,4487-1000000000,1.0,0.6887813230587985,0.7787859148844243,0.6937365010799136
4.5148599358077535,0.9029719871615507,1.0,1.0,0.0,0.3522180652057723,0.9497057249866239,0.8434994771697455,1.0,1.0,0.7887700534759359,0.9840119548523181,0.0,10.352568018829157,619,"= Canning Dam = The Canning Dam and reservoir provide a major fresh water resource for the city of Perth , Western Australia . The dam is situated on the Darling <unk> and is an <unk> of the Canning River . It is noted f",0.6898985599922717,0.7756455370522383,2.772694295019466,True,True,11476.0,0.21122994652406413,train,0.03912513070756361,1871.0,0.3522180652057723,7.872095638818545,0.05029427501337613,0.9029719871615507,1.0,1.0,0.0,0.3522180652057723,0.9497057249866239,0.8434994771697455,1.0,1.0,0.7887700534759359,0.9840119548523181,0.0,0.7392823605808917,1869-2952,1.0,0.7036986853049685,0.7887700534759359,0.6862640299305185
4.51097590860232,0.902195181720464,1.0,1.0,0.0,0.2907904278462654,0.9397240377632534,0.8270676691729324,1.0,1.0,0.7822931785195936,0.9285475850578276,0.0,11.375765710432487,620,"= Midge ( Barbie ) = Midge <unk> is a fictional doll character in the Barbie line of toys by Mattel that was first released in 1963 . Midge was created , along with <unk> , to counteract criticism that claimed Barbie was",0.6754690323086375,0.7621008356869968,2.1601019962766577,True,False,7980.0,0.21770682148040643,train,0.043233082706766915,1379.0,0.2907904278462654,7.428380680462621,0.06027596223674658,0.902195181720464,1.0,1.0,0.0,0.2907904278462654,0.9397240377632534,0.8270676691729324,1.0,1.0,0.7822931785195936,0.9285475850578276,0.0,0.720343223816831,1327-1869,1.0,0.6650061151344387,0.7822931785195936,0.6881798404641044
4.644415549964327,0.9288831099928654,1.0,1.0,0.0,0.4051918735891648,0.9411764705882353,0.7700982175336486,1.0,1.0,0.8180790960451978,0.9455593980578058,0.0,11.460222866939318,621,"= The Tempest ( album ) = The Tempest is the tenth studio album by American hip hop duo Insane Clown Posse . Released in 2007 , the album marks the return of producer Mike E. Clark , who had a falling @-@ out with the du",0.6903367362253995,0.7780239980832444,3.0650638727110815,True,True,5498.0,0.1819209039548022,train,0.05747544561658785,886.0,0.4051918735891648,7.564475184462446,0.05882352941176472,0.9288831099928654,1.0,1.0,0.0,0.4051918735891648,0.9411764705882353,0.7700982175336486,1.0,1.0,0.8180790960451978,0.9455593980578058,0.0,0.7443245478599007,0-1327,0.9893150227765305,0.709850091841693,0.8180790960451978,0.6805869074492099
4.439133225777397,0.8878266451554794,1.0,0.9998685450123787,0.0,0.17408617520931183,0.9039011437908496,0.8344390731788631,1.0,1.0,0.6576125804145818,1.0,0.0,11.398615633135943,622,"= Star = A star is a luminous sphere of plasma held together by its own gravity . The nearest star to Earth is the Sun . Many other stars are visible to the naked eye from Earth during the night , appearing as a multitud",0.6484752421818495,0.735060337037372,1.4829925900439882,False,False,59990.0,0.3423874195854182,train,0.04139023170528421,9794.0,0.17408617520931183,8.518726936592856,0.09609885620915037,0.8878266451554794,1.0,0.9998685450123787,0.0,0.17408617520931183,0.9039011437908496,0.8344390731788631,1.0,1.0,0.6576125804145818,1.0,0.0,0.698762535150131,4487-1000000000,1.0,0.6429028113773935,0.6576125804145818,0.6609148458239739
4.4687712692063455,0.893754253841269,1.0,1.0,0.0,0.3326732673267327,0.9480776852952834,0.815250429496498,1.0,1.0,0.7919968304278923,1.0,0.0,10.903924612959393,623,"= Perry the <unk> = Perry the <unk> , also known as Agent P or simply Perry , is an anthropomorphic platypus from the animated series Phineas and Ferb . Perry was created by the series ' co @-@ founders , Dan Povenmire a",0.6856481138281676,0.7710469892114431,2.7188026068362467,True,True,15134.0,0.20800316957210774,train,0.04618739262587551,2525.0,0.3326732673267327,8.172591169358956,0.05192231470471664,0.893754253841269,1.0,1.0,0.0,0.3326732673267327,0.9480776852952834,0.815250429496498,1.0,1.0,0.7919968304278923,1.0,0.0,0.7361449084764274,1869-2952,1.0,0.7012407710698968,0.7919968304278923,0.6685148514851486
4.491107462131205,0.8982214924262409,1.0,0.9998975619750051,0.0,0.30654761904761907,0.9483614697120158,0.7847561448398852,1.0,1.0,0.7722084367245657,0.9698586105160947,0.0,12.233734079437147,624,"= Amylostereum = Amylostereum is the single genus in the fungal family Amylostereaceae . The genus currently comprises four saprotrophic and parasitic species , which live off living or dead wood . The Amylostereaceae ca",0.6752625383227627,0.7588764984841035,2.3784627829323277,False,False,12897.0,0.22779156327543426,train,0.05381096379002869,2016.0,0.30654761904761907,7.758868884128757,0.05163853028798415,0.8982214924262409,1.0,0.9998975619750051,0.0,0.30654761904761907,0.9483614697120158,0.7847561448398852,1.0,1.0,0.7722084367245657,0.9698586105160947,0.0,0.7257956963789676,1869-2952,1.0,0.6819994055804123,0.7722084367245657,0.6488095238095238
4.658753456992583,0.9317506913985166,1.0,0.9983172466344933,0.0,0.24958263772954925,0.9354300027831896,0.7529526887103748,1.0,1.0,0.7296507583136218,1.0,0.0,12.005431707528503,625,= Charles @-@ Valentin Alkan = Charles @-@ Valentin Alkan ( French : [ <unk> <unk> ̃ <unk> ̃ <unk> ̃ ] ; 30 November 1813 – 29 March 1888 ) was a French @-@ Jewish composer and virtuoso pianist . At the height of his fam,0.6650085794972943,0.7534133153691291,2.152477604022581,False,True,43943.0,0.2703492416863782,train,0.0617618278224063,7188.0,0.24958263772954925,8.624308259595493,0.06456999721681045,0.9317506913985166,1.0,0.9983172466344933,0.0,0.24958263772954925,0.9354300027831896,0.7529526887103748,1.0,1.0,0.7296507583136218,1.0,0.0,0.7201703913587939,4487-1000000000,1.0,0.6724808551117842,0.7296507583136218,0.6579020589872009
4.4599945993762615,0.8919989198752523,1.0,1.0,0.0,0.4195804195804196,0.978978978978979,0.8198810535259133,1.0,1.0,0.863,0.9571022152046873,0.0,10.410344692066644,626,"= Business School ( The Office ) = "" Business School "" is the seventeenth episode of the third season of the American comedy television series The Office , and the show 's forty @-@ fifth episode overall . Written by Bre",0.7038797085841136,0.7934942504175724,3.2126507922954537,True,True,5885.0,0.137,train,0.045029736618521665,1001.0,0.4195804195804196,7.656817721637498,0.02102102102102099,0.8919989198752523,1.0,1.0,0.0,0.4195804195804196,0.978978978978979,0.8198810535259133,1.0,1.0,0.863,0.9571022152046873,0.0,0.7509172977282822,0-1327,0.9936130713483663,0.7196293075604178,0.863,0.7192807192807192
4.58658858237915,0.91731771647583,1.0,1.0,0.0,0.3152064451158107,0.9334006054490414,0.797986577181208,1.0,1.0,0.7540322580645161,0.8897547365535816,0.0,8.676285110699242,627,= M @-@ 81 ( Michigan highway ) = M @-@ 81 is a state trunkline highway in the Lower Peninsula of the US state of Michigan . The trunkline travels from the city of Saginaw at the junction with M @-@ 13 to the junction wi,0.6689752111172067,0.7756799484505471,2.243651420272073,False,True,5960.0,0.24596774193548387,train,0.05050335570469799,993.0,0.3152064451158107,7.118037892428653,0.06659939455095865,0.91731771647583,1.0,1.0,0.0,0.3152064451158107,0.9334006054490414,0.797986577181208,1.0,1.0,0.7540322580645161,0.8897547365535816,0.0,0.7170675445058561,0-1327,0.9933304533490768,0.6597740676702761,0.7540322580645161,0.7945619335347432
4.489457712119338,0.8978915424238677,1.0,1.0,0.0,0.25608070757324486,0.9437379043406138,0.8166279567952737,1.0,1.0,0.7622667588113338,1.0,0.0,11.426937279826983,628,"= Common starling = The common starling ( Sturnus vulgaris ) , also known as the European starling , or in the British Isles just the starling , is a medium @-@ sized <unk> bird in the starling family , Sturnidae . It is",0.6740086630191565,0.7612280854684634,2.2422266412367295,False,True,44347.0,0.23773324118866623,train,0.04584301080118159,7236.0,0.25608070757324486,8.755937385854818,0.056262095659386224,0.8978915424238677,1.0,1.0,0.0,0.25608070757324486,0.9437379043406138,0.8166279567952737,1.0,1.0,0.7622667588113338,1.0,0.0,0.7224395158868631,4487-1000000000,1.0,0.6752399348367427,0.7622667588113338,0.6793808734107242
